input_target_molecule_smiles,mapped_input_target_molecule_smiles,target_substructure_smarts,substructure_atom_map,disconnection_map,synthon_a,synthon_a_label,synthon_b,synthon_b_label,synthon_a_building_block_class,synthon_a_building_block_label,synthon_b_building_block_class,synthon_b_building_block_label,synthon_a_building_block_smiles,synthon_a_building_block_cas,synthon_a_building_block_price,synthon_a_building_block_material,synthon_b_building_block_smiles,synthon_b_building_block_cas,synthon_b_building_block_price,synthon_b_building_block_material
O=C(NCC1CCCCC1)C1=CC=CC2=NC(CCl)=CN12,O=[C:2](NCC1CCCCC1)[c:1]1cccc2nc(CCl)cn21,[c:1]-[C:2],"[1, 2]","[1, 2]",ClCc1cn2c(ccc[cH:1]2)n1,1,O=[CH:2]NCC1CCCCC1,2,hydrogen,3,amine,4,ClCc1cn2ccccc2n1,57892-76-9,432,JWPH3249DFB8-5G,NC(=O)NCC1CCCCC1,5472-36-6,438.9,ENA313839653-2.5G
O=C(NCC1CCCCC1)C1=CC=CC2=NC(CCl)=CN12,O=[C:2](NCC1CCCCC1)[c:1]1cccc2nc(CCl)cn21,[c:1]-[C:2],"[1, 2]","[1, 2]",ClCc1cn2c(ccc[cH:1]2)n1,1,O=[CH:2]NCC1CCCCC1,2,bromide,3,amine,4,ClCc1cn2c(Br)cccc2n1,885275-97-8,375.00,SYX00145-1G,NC(=O)NCC1CCCCC1,5472-36-6,438.9,ENA313839653-2.5G
COC(=O)C1=C(C)C=C(O)C(C)=C1O,CO[C:2](=O)[c:1]1c(C)cc(O)c(C)c1O,[c:1]-[C:2],"[1, 2]","[1, 2]",Cc1c(O)cc(C)[cH:1]c1O,1,CO[CH:2]=O,2,hydrogen,3,hydrogen,4,Cc1cc(O)c(C)c(O)c1,488-87-9,80.30,378275-1G,COC=O,107-31-3,61.10,291056-100ML
COC(=O)C1=C(C)C=C(O)C(C)=C1O,CO[C:2](=O)[c:1]1c(C)cc(O)c(C)c1O,[c:1]-[C:2],"[1, 2]","[1, 2]",Cc1c(O)cc(C)[cH:1]c1O,1,CO[CH:2]=O,2,hydrogen,3,amine,4,Cc1cc(O)c(C)c(O)c1,488-87-9,80.30,378275-1G,COC(N)=O,598-55-0,21.00,246352-100G
COC(=O)C1=C(C)C=C(O)C(C)=C1O,CO[C:2](=O)[c:1]1c(C)cc(O)c(C)c1O,[c:1]-[C:2],"[1, 2]","[1, 2]",Cc1c(O)cc(C)[cH:1]c1O,1,CO[CH:2]=O,2,hydrogen,3,acid,4,Cc1cc(O)c(C)c(O)c1,488-87-9,80.30,378275-1G,COC(=O)C(=O)O,600-23-7,375.9,ENAH03BB3104-5G
COC(=O)C1=C(C)C=C(O)C(C)=C1O,CO[C:2](=O)[c:1]1c(C)cc(O)c(C)c1O,[c:1]-[C:2],"[1, 2]","[1, 2]",Cc1c(O)cc(C)[cH:1]c1O,1,CO[CH:2]=O,2,hydrogen,3,chloride,4,Cc1cc(O)c(C)c(O)c1,488-87-9,80.30,378275-1G,COC(=O)Cl,79-22-1,27.30,M35304-5G
COC(=O)C1=C(C)C=C(O)C(C)=C1O,CO[C:2](=O)[c:1]1c(C)cc(O)c(C)c1O,[c:1]-[C:2],"[1, 2]","[1, 2]",Cc1c(O)cc(C)[cH:1]c1O,1,CO[CH:2]=O,2,acid,3,hydrogen,4,Cc1cc(O)c(C)c(O)c1C(=O)O,4707-46-4,184.8,AMBH58064581-250MG,COC=O,107-31-3,61.10,291056-100ML
COC(=O)C1=C(C)C=C(O)C(C)=C1O,CO[C:2](=O)[c:1]1c(C)cc(O)c(C)c1O,[c:1]-[C:2],"[1, 2]","[1, 2]",Cc1c(O)cc(C)[cH:1]c1O,1,CO[CH:2]=O,2,acid,3,amine,4,Cc1cc(O)c(C)c(O)c1C(=O)O,4707-46-4,184.8,AMBH58064581-250MG,COC(N)=O,598-55-0,21.00,246352-100G
COC(=O)C1=C(C)C=C(O)C(C)=C1O,CO[C:2](=O)[c:1]1c(C)cc(O)c(C)c1O,[c:1]-[C:2],"[1, 2]","[1, 2]",Cc1c(O)cc(C)[cH:1]c1O,1,CO[CH:2]=O,2,acid,3,acid,4,Cc1cc(O)c(C)c(O)c1C(=O)O,4707-46-4,184.8,AMBH58064581-250MG,COC(=O)C(=O)O,600-23-7,375.9,ENAH03BB3104-5G
COC(=O)C1=C(C)C=C(O)C(C)=C1O,CO[C:2](=O)[c:1]1c(C)cc(O)c(C)c1O,[c:1]-[C:2],"[1, 2]","[1, 2]",Cc1c(O)cc(C)[cH:1]c1O,1,CO[CH:2]=O,2,acid,3,chloride,4,Cc1cc(O)c(C)c(O)c1C(=O)O,4707-46-4,184.8,AMBH58064581-250MG,COC(=O)Cl,79-22-1,27.30,M35304-5G
COC(=O)C1=C(C)C=C(O)C(C)=C1O,COC(=O)c1c(C)cc(O)[c:1]([CH3:2])c1O,[c:1]-[C:2],"[1, 2]","[1, 2]",COC(=O)c1c(C)cc(O)[cH:1]c1O,1,[CH4:2],2,hydrogen,3,hydrogen,4,COC(=O)c1c(C)cc(O)cc1O,3187-58-4,387.5,COM497517061-1G,C,74-82-8,1610.00,463035-24L
COC(=O)C1=C(C)C=C(O)C(C)=C1O,COC(=O)c1c(C)cc(O)[c:1]([CH3:2])c1O,[c:1]-[C:2],"[1, 2]","[1, 2]",COC(=O)c1c(C)cc(O)[cH:1]c1O,1,[CH4:2],2,hydrogen,3,alcohol,4,COC(=O)c1c(C)cc(O)cc1O,3187-58-4,387.5,COM497517061-1G,CO,67-56-1,30.20,M3641-500ML
COC(=O)C1=C(C)C=C(O)C(C)=C1O,COC(=O)c1c(C)cc(O)[c:1]([CH3:2])c1O,[c:1]-[C:2],"[1, 2]","[1, 2]",COC(=O)c1c(C)cc(O)[cH:1]c1O,1,[CH4:2],2,hydrogen,3,amine,4,COC(=O)c1c(C)cc(O)cc1O,3187-58-4,387.5,COM497517061-1G,CN,74-89-5,40.10,534102-250ML
COC(=O)C1=C(C)C=C(O)C(C)=C1O,COC(=O)c1c(C)cc(O)[c:1]([CH3:2])c1O,[c:1]-[C:2],"[1, 2]","[1, 2]",COC(=O)c1c(C)cc(O)[cH:1]c1O,1,[CH4:2],2,hydrogen,3,acid,4,COC(=O)c1c(C)cc(O)cc1O,3187-58-4,387.5,COM497517061-1G,CC(=O)O,64-19-7,67.00,W200611-1KG-K
COC(=O)C1=C(C)C=C(O)C(C)=C1O,COC(=O)c1c(C)cc(O)[c:1]([CH3:2])c1O,[c:1]-[C:2],"[1, 2]","[1, 2]",COC(=O)c1c(C)cc(O)[cH:1]c1O,1,[CH4:2],2,hydrogen,3,chloride,4,COC(=O)c1c(C)cc(O)cc1O,3187-58-4,387.5,COM497517061-1G,CCl,74-87-3,252.00,294799-200ML
COC(=O)C1=C(C)C=C(O)C(C)=C1O,COC(=O)c1c(C)cc(O)[c:1]([CH3:2])c1O,[c:1]-[C:2],"[1, 2]","[1, 2]",COC(=O)c1c(C)cc(O)[cH:1]c1O,1,[CH4:2],2,hydrogen,3,bromide,4,COC(=O)c1c(C)cc(O)cc1O,3187-58-4,387.5,COM497517061-1G,CBr,74-83-9,24.10,48624
COC(=O)C1=C(C)C=C(O)C(C)=C1O,COC(=O)c1c(C)cc(O)[c:1]([CH3:2])c1O,[c:1]-[C:2],"[1, 2]","[1, 2]",COC(=O)c1c(C)cc(O)[cH:1]c1O,1,[CH4:2],2,hydrogen,3,iodide,4,COC(=O)c1c(C)cc(O)cc1O,3187-58-4,387.5,COM497517061-1G,CI,74-88-4,112.00,456756-100ML
COC(=O)C1=C(C)C=C(O)C(C)=C1O,COC(=O)c1c(C)cc(O)[c:1]([CH3:2])c1O,[c:1]-[C:2],"[1, 2]","[1, 2]",COC(=O)c1c(C)cc(O)[cH:1]c1O,1,[CH4:2],2,hydrogen,3,boronate,4,COC(=O)c1c(C)cc(O)cc1O,3187-58-4,387.5,COM497517061-1G,CB(O)O,13061-96-6,43.80,165336-1G
COC(=O)C1=C(C)C=C(O)C(C)=C1O,COC(=O)c1c(C)c[c:1]([OH:2])c(C)c1O,[c:1]-[O:2],"[1, 2]","[1, 2]",COC(=O)c1c(C)c[cH:1]c(C)c1O,1,[OH2:2],2,alcohol,3,hydrogen,4,COC(=O)c1c(C)cc(O)c(C)c1O,4707-47-5,40.00,W523305-SAMPLE,O,7732-18-5,12.30,W3500-100ML
COC(=O)C1=C(C)C=C(O)C(C)=C1O,COC(=O)c1c(C)c[c:1]([OH:2])c(C)c1O,[c:1]-[O:2],"[1, 2]","[1, 2]",COC(=O)c1c(C)c[cH:1]c(C)c1O,1,[OH2:2],2,alcohol,3,alcohol,4,COC(=O)c1c(C)cc(O)c(C)c1O,4707-47-5,40.00,W523305-SAMPLE,OO,7722-84-1,45.20,H1009-5ML
COC(=O)C1=C(C)C=C(O)C(C)=C1O,COC(=O)c1c(C)c[c:1]([OH:2])c(C)c1O,[c:1]-[O:2],"[1, 2]","[1, 2]",COC(=O)c1c(C)c[cH:1]c(C)c1O,1,[OH2:2],2,alcohol,3,amine,4,COC(=O)c1c(C)cc(O)c(C)c1O,4707-47-5,40.00,W523305-SAMPLE,NO,7803-49-8,42.80,467804-10ML
COC(=O)C1=C(C)C=C(O)C(C)=C1O,COC(=O)c1c(C)c[c:1]([OH:2])c(C)c1O,[c:1]-[O:2],"[1, 2]","[1, 2]",COC(=O)c1c(C)c[cH:1]c(C)c1O,1,[OH2:2],2,alcohol,3,boronate,4,COC(=O)c1c(C)cc(O)c(C)c1O,4707-47-5,40.00,W523305-SAMPLE,OB(O)O,10043-35-3,55.30,B6768-500G
COC(=O)C1=C(C)C=C(O)C(C)=C1O,COC(=O)c1c(C)cc(O)c(C)[c:1]1[OH:2],[c:1]-[O:2],"[1, 2]","[1, 2]",COC(=O)c1c(C)cc(O)c(C)[cH:1]1,1,[OH2:2],2,hydrogen,3,hydrogen,4,COC(=O)c1cc(C)c(O)cc1C,27023-05-8,112.2,AMBH303C5A3E-250MG,O,7732-18-5,12.30,W3500-100ML
COC(=O)C1=C(C)C=C(O)C(C)=C1O,COC(=O)c1c(C)cc(O)c(C)[c:1]1[OH:2],[c:1]-[O:2],"[1, 2]","[1, 2]",COC(=O)c1c(C)cc(O)c(C)[cH:1]1,1,[OH2:2],2,hydrogen,3,alcohol,4,COC(=O)c1cc(C)c(O)cc1C,27023-05-8,112.2,AMBH303C5A3E-250MG,OO,7722-84-1,45.20,H1009-5ML
COC(=O)C1=C(C)C=C(O)C(C)=C1O,COC(=O)c1c(C)cc(O)c(C)[c:1]1[OH:2],[c:1]-[O:2],"[1, 2]","[1, 2]",COC(=O)c1c(C)cc(O)c(C)[cH:1]1,1,[OH2:2],2,hydrogen,3,amine,4,COC(=O)c1cc(C)c(O)cc1C,27023-05-8,112.2,AMBH303C5A3E-250MG,NO,7803-49-8,42.80,467804-10ML
COC(=O)C1=C(C)C=C(O)C(C)=C1O,COC(=O)c1c(C)cc(O)c(C)[c:1]1[OH:2],[c:1]-[O:2],"[1, 2]","[1, 2]",COC(=O)c1c(C)cc(O)c(C)[cH:1]1,1,[OH2:2],2,hydrogen,3,boronate,4,COC(=O)c1cc(C)c(O)cc1C,27023-05-8,112.2,AMBH303C5A3E-250MG,OB(O)O,10043-35-3,55.30,B6768-500G
COC(=O)C1=C(C)C=C(O)C(C)=C1O,Cc1cc(O)c(C)c(O)c1C(=O)[O:2][CH3:1],[C:1]-[O:2],"[1, 2]","[1, 2]",[CH4:1],1,Cc1cc(O)c(C)c(O)c1C(=O)[OH:2],2,hydrogen,3,hydrogen,4,C,74-82-8,1610.00,463035-24L,Cc1cc(O)c(C)c(O)c1C(=O)O,4707-46-4,184.8,AMBH58064581-250MG
COC(=O)C1=C(C)C=C(O)C(C)=C1O,Cc1cc(O)c(C)c(O)c1C(=O)[O:2][CH3:1],[C:1]-[O:2],"[1, 2]","[1, 2]",[CH4:1],1,Cc1cc(O)c(C)c(O)c1C(=O)[OH:2],2,alcohol,3,hydrogen,4,CO,67-56-1,30.20,M3641-500ML,Cc1cc(O)c(C)c(O)c1C(=O)O,4707-46-4,184.8,AMBH58064581-250MG
COC(=O)C1=C(C)C=C(O)C(C)=C1O,Cc1cc(O)c(C)c(O)c1C(=O)[O:2][CH3:1],[C:1]-[O:2],"[1, 2]","[1, 2]",[CH4:1],1,Cc1cc(O)c(C)c(O)c1C(=O)[OH:2],2,amine,3,hydrogen,4,CN,74-89-5,40.10,534102-250ML,Cc1cc(O)c(C)c(O)c1C(=O)O,4707-46-4,184.8,AMBH58064581-250MG
COC(=O)C1=C(C)C=C(O)C(C)=C1O,Cc1cc(O)c(C)c(O)c1C(=O)[O:2][CH3:1],[C:1]-[O:2],"[1, 2]","[1, 2]",[CH4:1],1,Cc1cc(O)c(C)c(O)c1C(=O)[OH:2],2,acid,3,hydrogen,4,CC(=O)O,64-19-7,67.00,W200611-1KG-K,Cc1cc(O)c(C)c(O)c1C(=O)O,4707-46-4,184.8,AMBH58064581-250MG
COC(=O)C1=C(C)C=C(O)C(C)=C1O,Cc1cc(O)c(C)c(O)c1C(=O)[O:2][CH3:1],[C:1]-[O:2],"[1, 2]","[1, 2]",[CH4:1],1,Cc1cc(O)c(C)c(O)c1C(=O)[OH:2],2,chloride,3,hydrogen,4,CCl,74-87-3,252.00,294799-200ML,Cc1cc(O)c(C)c(O)c1C(=O)O,4707-46-4,184.8,AMBH58064581-250MG
COC(=O)C1=C(C)C=C(O)C(C)=C1O,Cc1cc(O)c(C)c(O)c1C(=O)[O:2][CH3:1],[C:1]-[O:2],"[1, 2]","[1, 2]",[CH4:1],1,Cc1cc(O)c(C)c(O)c1C(=O)[OH:2],2,bromide,3,hydrogen,4,CBr,74-83-9,24.10,48624,Cc1cc(O)c(C)c(O)c1C(=O)O,4707-46-4,184.8,AMBH58064581-250MG
COC(=O)C1=C(C)C=C(O)C(C)=C1O,Cc1cc(O)c(C)c(O)c1C(=O)[O:2][CH3:1],[C:1]-[O:2],"[1, 2]","[1, 2]",[CH4:1],1,Cc1cc(O)c(C)c(O)c1C(=O)[OH:2],2,iodide,3,hydrogen,4,CI,74-88-4,112.00,456756-100ML,Cc1cc(O)c(C)c(O)c1C(=O)O,4707-46-4,184.8,AMBH58064581-250MG
COC(=O)C1=C(C)C=C(O)C(C)=C1O,Cc1cc(O)c(C)c(O)c1C(=O)[O:2][CH3:1],[C:1]-[O:2],"[1, 2]","[1, 2]",[CH4:1],1,Cc1cc(O)c(C)c(O)c1C(=O)[OH:2],2,boronate,3,hydrogen,4,CB(O)O,13061-96-6,43.80,165336-1G,Cc1cc(O)c(C)c(O)c1C(=O)O,4707-46-4,184.8,AMBH58064581-250MG
CCC1=CON=C1C(C)(C)C,CC(C)(C)c1noc[c:1]1[CH2:2]C,[c:1]-[C:2],"[1, 2]","[1, 2]",CC(C)(C)c1noc[cH:1]1,1,C[CH3:2],2,acid,3,hydrogen,4,CC(C)(C)c1nocc1C(=O)O,1217047-14-7,960.0,JWPH3249D88E-5G,CC,74-84-0,463.00,295302-110G
CCC1=CON=C1C(C)(C)C,CC(C)(C)c1noc[c:1]1[CH2:2]C,[c:1]-[C:2],"[1, 2]","[1, 2]",CC(C)(C)c1noc[cH:1]1,1,C[CH3:2],2,acid,3,alcohol,4,CC(C)(C)c1nocc1C(=O)O,1217047-14-7,960.0,JWPH3249D88E-5G,CCO,64-17-5,74.00,2858-240ML
CCC1=CON=C1C(C)(C)C,CC(C)(C)c1noc[c:1]1[CH2:2]C,[c:1]-[C:2],"[1, 2]","[1, 2]",CC(C)(C)c1noc[cH:1]1,1,C[CH3:2],2,acid,3,amine,4,CC(C)(C)c1nocc1C(=O)O,1217047-14-7,960.0,JWPH3249D88E-5G,CCN,75-04-7,20.70,471208-100ML
CCC1=CON=C1C(C)(C)C,CC(C)(C)c1noc[c:1]1[CH2:2]C,[c:1]-[C:2],"[1, 2]","[1, 2]",CC(C)(C)c1noc[cH:1]1,1,C[CH3:2],2,acid,3,acid,4,CC(C)(C)c1nocc1C(=O)O,1217047-14-7,960.0,JWPH3249D88E-5G,CCC(=O)O,79-09-4,37.90,P5561-1L
CCC1=CON=C1C(C)(C)C,CC(C)(C)c1noc[c:1]1[CH2:2]C,[c:1]-[C:2],"[1, 2]","[1, 2]",CC(C)(C)c1noc[cH:1]1,1,C[CH3:2],2,acid,3,chloride,4,CC(C)(C)c1nocc1C(=O)O,1217047-14-7,960.0,JWPH3249D88E-5G,CCCl,75-00-3,178.00,295310-1KG
CCC1=CON=C1C(C)(C)C,CC(C)(C)c1noc[c:1]1[CH2:2]C,[c:1]-[C:2],"[1, 2]","[1, 2]",CC(C)(C)c1noc[cH:1]1,1,C[CH3:2],2,acid,3,bromide,4,CC(C)(C)c1nocc1C(=O)O,1217047-14-7,960.0,JWPH3249D88E-5G,CCBr,74-96-4,55.70,239607-50G
CCC1=CON=C1C(C)(C)C,CC(C)(C)c1noc[c:1]1[CH2:2]C,[c:1]-[C:2],"[1, 2]","[1, 2]",CC(C)(C)c1noc[cH:1]1,1,C[CH3:2],2,acid,3,iodide,4,CC(C)(C)c1nocc1C(=O)O,1217047-14-7,960.0,JWPH3249D88E-5G,CCI,75-03-6,24.00,I7780-5G
CCC1=CON=C1C(C)(C)C,CC(C)(C)c1noc[c:1]1[CH2:2]C,[c:1]-[C:2],"[1, 2]","[1, 2]",CC(C)(C)c1noc[cH:1]1,1,C[CH3:2],2,acid,3,boronate,4,CC(C)(C)c1nocc1C(=O)O,1217047-14-7,960.0,JWPH3249D88E-5G,CCB(O)O,,66.00,CDS003542-250MG
CCC1=CON=C1C(C)(C)C,CCc1con[c:1]1[C:2](C)(C)C,[c:1]-[C:2],"[1, 2]","[1, 2]",CCc1con[cH:1]1,1,C[CH:2](C)C,2,amine,3,hydrogen,4,CCc1conc1N,1498793-09-1,2259.6,ENAH0424B69B-5G,CC(C)C,75-28-5,506.00,539821-170G
CCC1=CON=C1C(C)(C)C,CCc1con[c:1]1[C:2](C)(C)C,[c:1]-[C:2],"[1, 2]","[1, 2]",CCc1con[cH:1]1,1,C[CH:2](C)C,2,amine,3,alcohol,4,CCc1conc1N,1498793-09-1,2259.6,ENAH0424B69B-5G,CC(C)(C)O,75-65-0,64.00,471712-100ML
CCC1=CON=C1C(C)(C)C,CCc1con[c:1]1[C:2](C)(C)C,[c:1]-[C:2],"[1, 2]","[1, 2]",CCc1con[cH:1]1,1,C[CH:2](C)C,2,amine,3,amine,4,CCc1conc1N,1498793-09-1,2259.6,ENAH0424B69B-5G,CC(C)(C)N,75-64-9,18.10,B89205-5ML
CCC1=CON=C1C(C)(C)C,CCc1con[c:1]1[C:2](C)(C)C,[c:1]-[C:2],"[1, 2]","[1, 2]",CCc1con[cH:1]1,1,C[CH:2](C)C,2,amine,3,acid,4,CCc1conc1N,1498793-09-1,2259.6,ENAH0424B69B-5G,CC(C)(C)C(=O)O,75-98-9,21.10,T71803-5ML
CCC1=CON=C1C(C)(C)C,CCc1con[c:1]1[C:2](C)(C)C,[c:1]-[C:2],"[1, 2]","[1, 2]",CCc1con[cH:1]1,1,C[CH:2](C)C,2,amine,3,chloride,4,CCc1conc1N,1498793-09-1,2259.6,ENAH0424B69B-5G,CC(C)(C)Cl,507-20-0,27.10,C56352-25ML
CCC1=CON=C1C(C)(C)C,CCc1con[c:1]1[C:2](C)(C)C,[c:1]-[C:2],"[1, 2]","[1, 2]",CCc1con[cH:1]1,1,C[CH:2](C)C,2,amine,3,bromide,4,CCc1conc1N,1498793-09-1,2259.6,ENAH0424B69B-5G,CC(C)(C)Br,507-19-7,29.50,135615-5G
CCC1=CON=C1C(C)(C)C,CCc1con[c:1]1[C:2](C)(C)C,[c:1]-[C:2],"[1, 2]","[1, 2]",CCc1con[cH:1]1,1,C[CH:2](C)C,2,amine,3,iodide,4,CCc1conc1N,1498793-09-1,2259.6,ENAH0424B69B-5G,CC(C)(C)I,558-17-8,78.00,245798-25G
CCC1=CON=C1C(C)(C)C,CCc1con[c:1]1[C:2](C)(C)C,[c:1]-[C:2],"[1, 2]","[1, 2]",CCc1con[cH:1]1,1,C[CH:2](C)C,2,acid,3,hydrogen,4,CCc1conc1C(=O)O,1260621-18-8,1351.35,ENAH90822C5D-2.5G,CC(C)C,75-28-5,506.00,539821-170G
CCC1=CON=C1C(C)(C)C,CCc1con[c:1]1[C:2](C)(C)C,[c:1]-[C:2],"[1, 2]","[1, 2]",CCc1con[cH:1]1,1,C[CH:2](C)C,2,acid,3,alcohol,4,CCc1conc1C(=O)O,1260621-18-8,1351.35,ENAH90822C5D-2.5G,CC(C)(C)O,75-65-0,64.00,471712-100ML
CCC1=CON=C1C(C)(C)C,CCc1con[c:1]1[C:2](C)(C)C,[c:1]-[C:2],"[1, 2]","[1, 2]",CCc1con[cH:1]1,1,C[CH:2](C)C,2,acid,3,amine,4,CCc1conc1C(=O)O,1260621-18-8,1351.35,ENAH90822C5D-2.5G,CC(C)(C)N,75-64-9,18.10,B89205-5ML
CCC1=CON=C1C(C)(C)C,CCc1con[c:1]1[C:2](C)(C)C,[c:1]-[C:2],"[1, 2]","[1, 2]",CCc1con[cH:1]1,1,C[CH:2](C)C,2,acid,3,acid,4,CCc1conc1C(=O)O,1260621-18-8,1351.35,ENAH90822C5D-2.5G,CC(C)(C)C(=O)O,75-98-9,21.10,T71803-5ML
CCC1=CON=C1C(C)(C)C,CCc1con[c:1]1[C:2](C)(C)C,[c:1]-[C:2],"[1, 2]","[1, 2]",CCc1con[cH:1]1,1,C[CH:2](C)C,2,acid,3,chloride,4,CCc1conc1C(=O)O,1260621-18-8,1351.35,ENAH90822C5D-2.5G,CC(C)(C)Cl,507-20-0,27.10,C56352-25ML
CCC1=CON=C1C(C)(C)C,CCc1con[c:1]1[C:2](C)(C)C,[c:1]-[C:2],"[1, 2]","[1, 2]",CCc1con[cH:1]1,1,C[CH:2](C)C,2,acid,3,bromide,4,CCc1conc1C(=O)O,1260621-18-8,1351.35,ENAH90822C5D-2.5G,CC(C)(C)Br,507-19-7,29.50,135615-5G
CCC1=CON=C1C(C)(C)C,CCc1con[c:1]1[C:2](C)(C)C,[c:1]-[C:2],"[1, 2]","[1, 2]",CCc1con[cH:1]1,1,C[CH:2](C)C,2,acid,3,iodide,4,CCc1conc1C(=O)O,1260621-18-8,1351.35,ENAH90822C5D-2.5G,CC(C)(C)I,558-17-8,78.00,245798-25G
CCC1=CON=C1C(C)(C)C,CC(C)(C)c1nocc1[CH2:2][CH3:1],[C:1]-[C:2],"[1, 2]","[1, 2]",[CH4:1],1,CC(C)(C)c1nocc1[CH3:2],2,hydrogen,3,alcohol,4,C,74-82-8,1610.00,463035-24L,CC(C)(C)c1nocc1CO,2243520-63-8,704.55,ENAH2C5576D2-1G
CCC1=CON=C1C(C)(C)C,CC(C)(C)c1nocc1[CH2:2][CH3:1],[C:1]-[C:2],"[1, 2]","[1, 2]",[CH4:1],1,CC(C)(C)c1nocc1[CH3:2],2,hydrogen,3,amine,4,C,74-82-8,1610.00,463035-24L,CC(C)(C)c1nocc1CN,1512219-81-6,363.3,ENAH2C557736-250MG
CCC1=CON=C1C(C)(C)C,CC(C)(C)c1nocc1[CH2:2][CH3:1],[C:1]-[C:2],"[1, 2]","[1, 2]",[CH4:1],1,CC(C)(C)c1nocc1[CH3:2],2,hydrogen,3,chloride,4,C,74-82-8,1610.00,463035-24L,CC(C)(C)c1nocc1CCl,2241128-88-9,3158.4,ENAH2C557496-10G
CCC1=CON=C1C(C)(C)C,CC(C)(C)c1nocc1[CH2:2][CH3:1],[C:1]-[C:2],"[1, 2]","[1, 2]",[CH4:1],1,CC(C)(C)c1nocc1[CH3:2],2,alcohol,3,alcohol,4,CO,67-56-1,30.20,M3641-500ML,CC(C)(C)c1nocc1CO,2243520-63-8,704.55,ENAH2C5576D2-1G
CCC1=CON=C1C(C)(C)C,CC(C)(C)c1nocc1[CH2:2][CH3:1],[C:1]-[C:2],"[1, 2]","[1, 2]",[CH4:1],1,CC(C)(C)c1nocc1[CH3:2],2,alcohol,3,amine,4,CO,67-56-1,30.20,M3641-500ML,CC(C)(C)c1nocc1CN,1512219-81-6,363.3,ENAH2C557736-250MG
CCC1=CON=C1C(C)(C)C,CC(C)(C)c1nocc1[CH2:2][CH3:1],[C:1]-[C:2],"[1, 2]","[1, 2]",[CH4:1],1,CC(C)(C)c1nocc1[CH3:2],2,alcohol,3,chloride,4,CO,67-56-1,30.20,M3641-500ML,CC(C)(C)c1nocc1CCl,2241128-88-9,3158.4,ENAH2C557496-10G
CCC1=CON=C1C(C)(C)C,CC(C)(C)c1nocc1[CH2:2][CH3:1],[C:1]-[C:2],"[1, 2]","[1, 2]",[CH4:1],1,CC(C)(C)c1nocc1[CH3:2],2,amine,3,alcohol,4,CN,74-89-5,40.10,534102-250ML,CC(C)(C)c1nocc1CO,2243520-63-8,704.55,ENAH2C5576D2-1G
CCC1=CON=C1C(C)(C)C,CC(C)(C)c1nocc1[CH2:2][CH3:1],[C:1]-[C:2],"[1, 2]","[1, 2]",[CH4:1],1,CC(C)(C)c1nocc1[CH3:2],2,amine,3,amine,4,CN,74-89-5,40.10,534102-250ML,CC(C)(C)c1nocc1CN,1512219-81-6,363.3,ENAH2C557736-250MG
CCC1=CON=C1C(C)(C)C,CC(C)(C)c1nocc1[CH2:2][CH3:1],[C:1]-[C:2],"[1, 2]","[1, 2]",[CH4:1],1,CC(C)(C)c1nocc1[CH3:2],2,amine,3,chloride,4,CN,74-89-5,40.10,534102-250ML,CC(C)(C)c1nocc1CCl,2241128-88-9,3158.4,ENAH2C557496-10G
CCC1=CON=C1C(C)(C)C,CC(C)(C)c1nocc1[CH2:2][CH3:1],[C:1]-[C:2],"[1, 2]","[1, 2]",[CH4:1],1,CC(C)(C)c1nocc1[CH3:2],2,acid,3,alcohol,4,CC(=O)O,64-19-7,67.00,W200611-1KG-K,CC(C)(C)c1nocc1CO,2243520-63-8,704.55,ENAH2C5576D2-1G
CCC1=CON=C1C(C)(C)C,CC(C)(C)c1nocc1[CH2:2][CH3:1],[C:1]-[C:2],"[1, 2]","[1, 2]",[CH4:1],1,CC(C)(C)c1nocc1[CH3:2],2,acid,3,amine,4,CC(=O)O,64-19-7,67.00,W200611-1KG-K,CC(C)(C)c1nocc1CN,1512219-81-6,363.3,ENAH2C557736-250MG
CCC1=CON=C1C(C)(C)C,CC(C)(C)c1nocc1[CH2:2][CH3:1],[C:1]-[C:2],"[1, 2]","[1, 2]",[CH4:1],1,CC(C)(C)c1nocc1[CH3:2],2,acid,3,chloride,4,CC(=O)O,64-19-7,67.00,W200611-1KG-K,CC(C)(C)c1nocc1CCl,2241128-88-9,3158.4,ENAH2C557496-10G
CCC1=CON=C1C(C)(C)C,CC(C)(C)c1nocc1[CH2:2][CH3:1],[C:1]-[C:2],"[1, 2]","[1, 2]",[CH4:1],1,CC(C)(C)c1nocc1[CH3:2],2,chloride,3,alcohol,4,CCl,74-87-3,252.00,294799-200ML,CC(C)(C)c1nocc1CO,2243520-63-8,704.55,ENAH2C5576D2-1G
CCC1=CON=C1C(C)(C)C,CC(C)(C)c1nocc1[CH2:2][CH3:1],[C:1]-[C:2],"[1, 2]","[1, 2]",[CH4:1],1,CC(C)(C)c1nocc1[CH3:2],2,chloride,3,amine,4,CCl,74-87-3,252.00,294799-200ML,CC(C)(C)c1nocc1CN,1512219-81-6,363.3,ENAH2C557736-250MG
CCC1=CON=C1C(C)(C)C,CC(C)(C)c1nocc1[CH2:2][CH3:1],[C:1]-[C:2],"[1, 2]","[1, 2]",[CH4:1],1,CC(C)(C)c1nocc1[CH3:2],2,chloride,3,chloride,4,CCl,74-87-3,252.00,294799-200ML,CC(C)(C)c1nocc1CCl,2241128-88-9,3158.4,ENAH2C557496-10G
CCC1=CON=C1C(C)(C)C,CC(C)(C)c1nocc1[CH2:2][CH3:1],[C:1]-[C:2],"[1, 2]","[1, 2]",[CH4:1],1,CC(C)(C)c1nocc1[CH3:2],2,bromide,3,alcohol,4,CBr,74-83-9,24.10,48624,CC(C)(C)c1nocc1CO,2243520-63-8,704.55,ENAH2C5576D2-1G
CCC1=CON=C1C(C)(C)C,CC(C)(C)c1nocc1[CH2:2][CH3:1],[C:1]-[C:2],"[1, 2]","[1, 2]",[CH4:1],1,CC(C)(C)c1nocc1[CH3:2],2,bromide,3,amine,4,CBr,74-83-9,24.10,48624,CC(C)(C)c1nocc1CN,1512219-81-6,363.3,ENAH2C557736-250MG
CCC1=CON=C1C(C)(C)C,CC(C)(C)c1nocc1[CH2:2][CH3:1],[C:1]-[C:2],"[1, 2]","[1, 2]",[CH4:1],1,CC(C)(C)c1nocc1[CH3:2],2,bromide,3,chloride,4,CBr,74-83-9,24.10,48624,CC(C)(C)c1nocc1CCl,2241128-88-9,3158.4,ENAH2C557496-10G
CCC1=CON=C1C(C)(C)C,CC(C)(C)c1nocc1[CH2:2][CH3:1],[C:1]-[C:2],"[1, 2]","[1, 2]",[CH4:1],1,CC(C)(C)c1nocc1[CH3:2],2,iodide,3,alcohol,4,CI,74-88-4,112.00,456756-100ML,CC(C)(C)c1nocc1CO,2243520-63-8,704.55,ENAH2C5576D2-1G
CCC1=CON=C1C(C)(C)C,CC(C)(C)c1nocc1[CH2:2][CH3:1],[C:1]-[C:2],"[1, 2]","[1, 2]",[CH4:1],1,CC(C)(C)c1nocc1[CH3:2],2,iodide,3,amine,4,CI,74-88-4,112.00,456756-100ML,CC(C)(C)c1nocc1CN,1512219-81-6,363.3,ENAH2C557736-250MG
CCC1=CON=C1C(C)(C)C,CC(C)(C)c1nocc1[CH2:2][CH3:1],[C:1]-[C:2],"[1, 2]","[1, 2]",[CH4:1],1,CC(C)(C)c1nocc1[CH3:2],2,iodide,3,chloride,4,CI,74-88-4,112.00,456756-100ML,CC(C)(C)c1nocc1CCl,2241128-88-9,3158.4,ENAH2C557496-10G
CCC1=CON=C1C(C)(C)C,CC(C)(C)c1nocc1[CH2:2][CH3:1],[C:1]-[C:2],"[1, 2]","[1, 2]",[CH4:1],1,CC(C)(C)c1nocc1[CH3:2],2,boronate,3,alcohol,4,CB(O)O,13061-96-6,43.80,165336-1G,CC(C)(C)c1nocc1CO,2243520-63-8,704.55,ENAH2C5576D2-1G
CCC1=CON=C1C(C)(C)C,CC(C)(C)c1nocc1[CH2:2][CH3:1],[C:1]-[C:2],"[1, 2]","[1, 2]",[CH4:1],1,CC(C)(C)c1nocc1[CH3:2],2,boronate,3,amine,4,CB(O)O,13061-96-6,43.80,165336-1G,CC(C)(C)c1nocc1CN,1512219-81-6,363.3,ENAH2C557736-250MG
CCC1=CON=C1C(C)(C)C,CC(C)(C)c1nocc1[CH2:2][CH3:1],[C:1]-[C:2],"[1, 2]","[1, 2]",[CH4:1],1,CC(C)(C)c1nocc1[CH3:2],2,boronate,3,chloride,4,CB(O)O,13061-96-6,43.80,165336-1G,CC(C)(C)c1nocc1CCl,2241128-88-9,3158.4,ENAH2C557496-10G
CC(=O)C1=CC=C(OCC(=O)N[C@@H](C2=CC=CC=C2)C2=CC=CS2)C=C1,CC(=O)c1ccc(OCC(=O)[NH:2][C@@H:1](c2ccccc2)c2cccs2)cc1,[C:1]-[N:2],"[1, 2]","[1, 2]",c1ccc([CH2:1]c2cccs2)cc1,1,CC(=O)c1ccc(OCC(=O)[NH2:2])cc1,2,amine,3,hydrogen,4,NC(c1ccccc1)c1cccs1,5693-42-5,70.4,CH4182076417-250MG,CC(=O)c1ccc(OCC(N)=O)cc1,42017-88-9,225.5,CH4017936708-5G
CC1=CC(O)=C2C(=O)C3=C(C(=O)C2=C1)C(C1=C(O)C=C(O)C2=C1C(=O)C1=CC(C)=CC(O)=C1C2=O)=C(O)C=C3O,Cc1cc(O)c2c(c1)C(=O)c1c(c(O)cc(O)[c:1]1-[c:2]1c(O)cc(O)c3c1C(=O)c1cc(C)cc(O)c1C3=O)C2=O,[c:1]-[c:2],"[1, 2]","[1, 2]",Cc1cc(O)c2c(c1)C(=O)c1c(c(O)cc(O)[cH:1]1)C2=O,1,Cc1cc(O)c2c(c1)C(=O)c1c(c(O)cc(O)[cH:2]1)C2=O,2,hydrogen,3,hydrogen,4,Cc1cc(O)c2c(c1)C(=O)c1cc(O)cc(O)c1C2=O,518-82-1,102.00,E7881-50MG,Cc1cc(O)c2c(c1)C(=O)c1cc(O)cc(O)c1C2=O,518-82-1,102.00,E7881-50MG
CCC1=CC=C([C@@H](NC(=O)COC2=CC=C(C(C)=O)C=C2)C(C)C)C=C1,CCc1ccc([C@H:1](C(C)C)[NH:2]C(=O)COc2ccc(C(C)=O)cc2)cc1,[C:1]-[N:2],"[1, 2]","[1, 2]",CCc1ccc([CH2:1]C(C)C)cc1,1,CC(=O)c1ccc(OCC(=O)[NH2:2])cc1,2,amine,3,hydrogen,4,CCc1ccc(C(N)C(C)C)cc1,853724-04-6,648.9,ENA053247537-5G,CC(=O)c1ccc(OCC(N)=O)cc1,42017-88-9,225.5,CH4017936708-5G
COC(=O)C1=CC=CC=C1OCC(=O)NC1=CC=C(S(=O)(=O)N(C)C(C)C)C=C1,COC(=O)c1ccccc1OCC(=O)Nc1cc[c:1]([S:2](=O)(=O)N(C)C(C)C)cc1,[c:1]-[S:2],"[1, 2]","[1, 2]",COC(=O)c1ccccc1OCC(=O)Nc1cc[cH:1]cc1,1,CC(C)N(C)[SH:2](=O)=O,2,bromide,3,amine,4,COC(=O)c1ccccc1OCC(=O)Nc1ccc(Br)cc1,949969-59-9,368,ADVH7F3828D1-500MG,CC(C)N(C)S(N)(=O)=O,372136-76-0,909.3,ENA295068886-2.5G
COC(=O)C1=CC=CC=C1OCC(=O)NC1=CC=C(S(=O)(=O)N(C)C(C)C)C=C1,COC(=O)c1ccccc1OCC(=O)Nc1cc[c:1]([S:2](=O)(=O)N(C)C(C)C)cc1,[c:1]-[S:2],"[1, 2]","[1, 2]",COC(=O)c1ccccc1OCC(=O)Nc1cc[cH:1]cc1,1,CC(C)N(C)[SH:2](=O)=O,2,bromide,3,chloride,4,COC(=O)c1ccccc1OCC(=O)Nc1ccc(Br)cc1,949969-59-9,368,ADVH7F3828D1-500MG,CC(C)N(C)S(=O)(=O)Cl,263169-13-7,107.8,CH4321848807-1G
CCN1C=C(CC=O)C2=CC=CC=C21,CCn1c[c:1]([CH2:2]C=O)c2ccccc21,[c:1]-[C:2],"[1, 2]","[1, 2]",CCn1c[cH:1]c2ccccc21,1,O=C[CH3:2],2,acid,3,hydrogen,4,CCn1cc(C(=O)O)c2ccccc21,132797-91-2,1350.3,ENA068330950-10G,CC=O,75-07-0,119.00,W200360-1.9KG-K
CCN1C=C(CC=O)C2=CC=CC=C21,CCn1c[c:1]([CH2:2]C=O)c2ccccc21,[c:1]-[C:2],"[1, 2]","[1, 2]",CCn1c[cH:1]c2ccccc21,1,O=C[CH3:2],2,acid,3,chloride,4,CCn1cc(C(=O)O)c2ccccc21,132797-91-2,1350.3,ENA068330950-10G,O=CCCl,107-20-0,39.30,317276-5ML
CCN1C=C(CC=O)C2=CC=CC=C21,CCn1cc([CH2:1][CH:2]=O)c2ccccc21,[C:1]-[C:2],"[1, 2]","[1, 2]",CCn1cc([CH3:1])c2ccccc21,1,O=[CH2:2],2,amine,3,hydrogen,4,CCn1cc(CN)c2ccccc21,938305-89-6,226.8,ENA458436746-250MG,C=O,50-00-0,28.90,252549-25ML
CCN1C=C(CC=O)C2=CC=CC=C21,CCn1cc([CH2:1][CH:2]=O)c2ccccc21,[C:1]-[C:2],"[1, 2]","[1, 2]",CCn1cc([CH3:1])c2ccccc21,1,O=[CH2:2],2,amine,3,amine,4,CCn1cc(CN)c2ccccc21,938305-89-6,226.8,ENA458436746-250MG,NC=O,,133.00,612707-1EA
CCN1C=C(CC=O)C2=CC=CC=C21,CCn1cc([CH2:1][CH:2]=O)c2ccccc21,[C:1]-[C:2],"[1, 2]","[1, 2]",CCn1cc([CH3:1])c2ccccc21,1,O=[CH2:2],2,amine,3,acid,4,CCn1cc(CN)c2ccccc21,938305-89-6,226.8,ENA458436746-250MG,O=CC(=O)O,298-12-4,37.80,260150-250G-A
CCN1C=C(CC=O)C2=CC=CC=C21,CCn1cc([CH2:1][CH:2]=O)c2ccccc21,[C:1]-[C:2],"[1, 2]","[1, 2]",CCn1cc([CH3:1])c2ccccc21,1,O=[CH2:2],2,acid,3,hydrogen,4,CCn1cc(CC(=O)O)c2ccccc21,58690-18-9,182.7,ENA282548483-500MG,C=O,50-00-0,28.90,252549-25ML
CCN1C=C(CC=O)C2=CC=CC=C21,CCn1cc([CH2:1][CH:2]=O)c2ccccc21,[C:1]-[C:2],"[1, 2]","[1, 2]",CCn1cc([CH3:1])c2ccccc21,1,O=[CH2:2],2,acid,3,amine,4,CCn1cc(CC(=O)O)c2ccccc21,58690-18-9,182.7,ENA282548483-500MG,NC=O,,133.00,612707-1EA
CCN1C=C(CC=O)C2=CC=CC=C21,CCn1cc([CH2:1][CH:2]=O)c2ccccc21,[C:1]-[C:2],"[1, 2]","[1, 2]",CCn1cc([CH3:1])c2ccccc21,1,O=[CH2:2],2,acid,3,acid,4,CCn1cc(CC(=O)O)c2ccccc21,58690-18-9,182.7,ENA282548483-500MG,O=CC(=O)O,298-12-4,37.80,260150-250G-A
CCC1=CC(C2=CSC(NC(C)C)=N2)=NC2=CC(OC)=CC=C12,COc1ccc2c(c1)nc(-c1csc(NC(C)C)n1)c[c:1]2[CH2:2]C,[c:1]-[C:2],"[1, 2]","[1, 2]",COc1ccc2c(c1)nc(-c1csc(NC(C)C)n1)c[cH:1]2,1,C[CH3:2],2,alcohol,3,hydrogen,4,COc1ccc2c(O)cc(-c3csc(NC(C)C)n3)nc2c1,300831-05-4,300,COM448672473-250MG,CC,74-84-0,463.00,295302-110G
CCC1=CC(C2=CSC(NC(C)C)=N2)=NC2=CC(OC)=CC=C12,COc1ccc2c(c1)nc(-c1csc(NC(C)C)n1)c[c:1]2[CH2:2]C,[c:1]-[C:2],"[1, 2]","[1, 2]",COc1ccc2c(c1)nc(-c1csc(NC(C)C)n1)c[cH:1]2,1,C[CH3:2],2,alcohol,3,alcohol,4,COc1ccc2c(O)cc(-c3csc(NC(C)C)n3)nc2c1,300831-05-4,300,COM448672473-250MG,CCO,64-17-5,74.00,2858-240ML
CCC1=CC(C2=CSC(NC(C)C)=N2)=NC2=CC(OC)=CC=C12,COc1ccc2c(c1)nc(-c1csc(NC(C)C)n1)c[c:1]2[CH2:2]C,[c:1]-[C:2],"[1, 2]","[1, 2]",COc1ccc2c(c1)nc(-c1csc(NC(C)C)n1)c[cH:1]2,1,C[CH3:2],2,alcohol,3,amine,4,COc1ccc2c(O)cc(-c3csc(NC(C)C)n3)nc2c1,300831-05-4,300,COM448672473-250MG,CCN,75-04-7,20.70,471208-100ML
CCC1=CC(C2=CSC(NC(C)C)=N2)=NC2=CC(OC)=CC=C12,COc1ccc2c(c1)nc(-c1csc(NC(C)C)n1)c[c:1]2[CH2:2]C,[c:1]-[C:2],"[1, 2]","[1, 2]",COc1ccc2c(c1)nc(-c1csc(NC(C)C)n1)c[cH:1]2,1,C[CH3:2],2,alcohol,3,acid,4,COc1ccc2c(O)cc(-c3csc(NC(C)C)n3)nc2c1,300831-05-4,300,COM448672473-250MG,CCC(=O)O,79-09-4,37.90,P5561-1L
CCC1=CC(C2=CSC(NC(C)C)=N2)=NC2=CC(OC)=CC=C12,COc1ccc2c(c1)nc(-c1csc(NC(C)C)n1)c[c:1]2[CH2:2]C,[c:1]-[C:2],"[1, 2]","[1, 2]",COc1ccc2c(c1)nc(-c1csc(NC(C)C)n1)c[cH:1]2,1,C[CH3:2],2,alcohol,3,chloride,4,COc1ccc2c(O)cc(-c3csc(NC(C)C)n3)nc2c1,300831-05-4,300,COM448672473-250MG,CCCl,75-00-3,178.00,295310-1KG
CCC1=CC(C2=CSC(NC(C)C)=N2)=NC2=CC(OC)=CC=C12,COc1ccc2c(c1)nc(-c1csc(NC(C)C)n1)c[c:1]2[CH2:2]C,[c:1]-[C:2],"[1, 2]","[1, 2]",COc1ccc2c(c1)nc(-c1csc(NC(C)C)n1)c[cH:1]2,1,C[CH3:2],2,alcohol,3,bromide,4,COc1ccc2c(O)cc(-c3csc(NC(C)C)n3)nc2c1,300831-05-4,300,COM448672473-250MG,CCBr,74-96-4,55.70,239607-50G
CCC1=CC(C2=CSC(NC(C)C)=N2)=NC2=CC(OC)=CC=C12,COc1ccc2c(c1)nc(-c1csc(NC(C)C)n1)c[c:1]2[CH2:2]C,[c:1]-[C:2],"[1, 2]","[1, 2]",COc1ccc2c(c1)nc(-c1csc(NC(C)C)n1)c[cH:1]2,1,C[CH3:2],2,alcohol,3,iodide,4,COc1ccc2c(O)cc(-c3csc(NC(C)C)n3)nc2c1,300831-05-4,300,COM448672473-250MG,CCI,75-03-6,24.00,I7780-5G
CCC1=CC(C2=CSC(NC(C)C)=N2)=NC2=CC(OC)=CC=C12,COc1ccc2c(c1)nc(-c1csc(NC(C)C)n1)c[c:1]2[CH2:2]C,[c:1]-[C:2],"[1, 2]","[1, 2]",COc1ccc2c(c1)nc(-c1csc(NC(C)C)n1)c[cH:1]2,1,C[CH3:2],2,alcohol,3,boronate,4,COc1ccc2c(O)cc(-c3csc(NC(C)C)n3)nc2c1,300831-05-4,300,COM448672473-250MG,CCB(O)O,,66.00,CDS003542-250MG
CN(C)C1=CC=C([N+](=O)[O-])C=C1C(=O)OCC(=O)C1=CC=C2OCCCOC2=C1,CN(C)c1ccc([N+](=O)[O-])cc1C(=O)[O:2][CH2:1]C(=O)c1ccc2c(c1)OCCCO2,[C:1]-[O:2],"[1, 2]","[1, 2]",O=C(c1ccc2c(c1)OCCCO2)[CH3:1],1,CN(C)c1ccc([N+](=O)[O-])cc1C(=O)[OH:2],2,hydrogen,3,hydrogen,4,CC(=O)c1ccc2c(c1)OCCCO2,22776-09-6,187.5,COMH93D6658D-5G,CN(C)c1ccc([N+](=O)[O-])cc1C(=O)O,4405-28-1,404.25,ENA024295884-1G
CN(C)C1=CC=C([N+](=O)[O-])C=C1C(=O)OCC(=O)C1=CC=C2OCCCOC2=C1,CN(C)c1ccc([N+](=O)[O-])cc1C(=O)[O:2][CH2:1]C(=O)c1ccc2c(c1)OCCCO2,[C:1]-[O:2],"[1, 2]","[1, 2]",O=C(c1ccc2c(c1)OCCCO2)[CH3:1],1,CN(C)c1ccc([N+](=O)[O-])cc1C(=O)[OH:2],2,bromide,3,hydrogen,4,O=C(CBr)c1ccc2c(c1)OCCCO2,,108.00,PH015535-1G,CN(C)c1ccc([N+](=O)[O-])cc1C(=O)O,4405-28-1,404.25,ENA024295884-1G
CC(C)C1OCCNC1=O,C[CH:1](C)[CH:2]1OCCNC1=O,[C:1]-[C:2],"[1, 2]","[1, 2]",C[CH2:1]C,1,O=C1NCCO[CH2:2]1,2,hydrogen,3,hydrogen,4,CCC,74-98-6,360.00,536172-145G,O=C1COCCN1,109-11-5,11,SY3390162173-5G
CC(C)C1OCCNC1=O,C[CH:1](C)[CH:2]1OCCNC1=O,[C:1]-[C:2],"[1, 2]","[1, 2]",C[CH2:1]C,1,O=C1NCCO[CH2:2]1,2,alcohol,3,hydrogen,4,CC(C)O,67-63-0,366.00,1570428-3AMP,O=C1COCCN1,109-11-5,11,SY3390162173-5G
CC(C)C1OCCNC1=O,C[CH:1](C)[CH:2]1OCCNC1=O,[C:1]-[C:2],"[1, 2]","[1, 2]",C[CH2:1]C,1,O=C1NCCO[CH2:2]1,2,amine,3,hydrogen,4,CC(C)N,75-31-0,20.50,471291-25ML,O=C1COCCN1,109-11-5,11,SY3390162173-5G
CC(C)C1OCCNC1=O,C[CH:1](C)[CH:2]1OCCNC1=O,[C:1]-[C:2],"[1, 2]","[1, 2]",C[CH2:1]C,1,O=C1NCCO[CH2:2]1,2,acid,3,hydrogen,4,CC(C)C(=O)O,79-31-2,34.80,I1754-100ML,O=C1COCCN1,109-11-5,11,SY3390162173-5G
CC(C)C1OCCNC1=O,C[CH:1](C)[CH:2]1OCCNC1=O,[C:1]-[C:2],"[1, 2]","[1, 2]",C[CH2:1]C,1,O=C1NCCO[CH2:2]1,2,chloride,3,hydrogen,4,CC(C)Cl,75-29-6,31.10,240613-100ML,O=C1COCCN1,109-11-5,11,SY3390162173-5G
CC(C)C1OCCNC1=O,C[CH:1](C)[CH:2]1OCCNC1=O,[C:1]-[C:2],"[1, 2]","[1, 2]",C[CH2:1]C,1,O=C1NCCO[CH2:2]1,2,bromide,3,hydrogen,4,CC(C)Br,75-26-3,23.10,B78114-100G,O=C1COCCN1,109-11-5,11,SY3390162173-5G
CC(C)C1OCCNC1=O,C[CH:1](C)[CH:2]1OCCNC1=O,[C:1]-[C:2],"[1, 2]","[1, 2]",C[CH2:1]C,1,O=C1NCCO[CH2:2]1,2,iodide,3,hydrogen,4,CC(C)I,75-30-9,26.10,148938-5G,O=C1COCCN1,109-11-5,11,SY3390162173-5G
CC(C)C1OCCNC1=O,C[CH:1](C)[CH:2]1OCCNC1=O,[C:1]-[C:2],"[1, 2]","[1, 2]",C[CH2:1]C,1,O=C1NCCO[CH2:2]1,2,boronate,3,hydrogen,4,CC(C)B(O)O,80041-89-0,44.70,648787-1G,O=C1COCCN1,109-11-5,11,SY3390162173-5G
C=C(C(=O)OCCOC(=O)CCC(C)(C)C(=O)O)C(C)C,C=C(C(=O)OC[CH2:1][O:2]C(=O)CCC(C)(C)C(=O)O)C(C)C,[C:1]-[O:2],"[1, 2]","[1, 2]",C=C(C(=O)OC[CH3:1])C(C)C,1,CC(C)(CCC(=O)[OH:2])C(=O)O,2,hydrogen,3,hydrogen,4,C=C(C(=O)OCC)C(C)C,68834-46-8,2511.6,ENA428072663-10G,CC(C)(CCC(=O)O)C(=O)O,681-57-2,115.00,205265-25G
CC(C=O)C1=CC=CC=C1N=O,C[CH:2](C=O)[c:1]1ccccc1N=O,[c:1]-[C:2],"[1, 2]","[1, 2]",O=Nc1cccc[cH:1]1,1,C[CH2:2]C=O,2,hydrogen,3,hydrogen,4,O=Nc1ccccc1,586-96-9,108.00,N24609-10G,CCC=O,123-38-6,67.00,W292303-1KG-K
CC(C=O)C1=CC=CC=C1N=O,C[CH:2](C=O)[c:1]1ccccc1N=O,[c:1]-[C:2],"[1, 2]","[1, 2]",O=Nc1cccc[cH:1]1,1,C[CH2:2]C=O,2,hydrogen,3,alcohol,4,O=Nc1ccccc1,586-96-9,108.00,N24609-10G,CC(O)C=O,598-35-6,170.00,49426-1ML
CCCCC1=NN(C)C(=O)N1C,CCC[CH2:2][c:1]1nn(C)c(=O)n1C,[c:1]-[C:2],"[1, 2]","[1, 2]",Cn1n[cH:1]n(C)c1=O,1,CCC[CH3:2],2,chloride,3,hydrogen,4,Cn1nc(Cl)n(C)c1=O,22354-88-7,163.8,ENA508627327-100MG,CCCC,,85.70,443670-12EA
CCCCC1=NN(C)C(=O)N1C,CCC[CH2:2][c:1]1nn(C)c(=O)n1C,[c:1]-[C:2],"[1, 2]","[1, 2]",Cn1n[cH:1]n(C)c1=O,1,CCC[CH3:2],2,chloride,3,alcohol,4,Cn1nc(Cl)n(C)c1=O,22354-88-7,163.8,ENA508627327-100MG,CCCCO,71-36-3,54.50,B7906-500ML
CCCCC1=NN(C)C(=O)N1C,CCC[CH2:2][c:1]1nn(C)c(=O)n1C,[c:1]-[C:2],"[1, 2]","[1, 2]",Cn1n[cH:1]n(C)c1=O,1,CCC[CH3:2],2,chloride,3,amine,4,Cn1nc(Cl)n(C)c1=O,22354-88-7,163.8,ENA508627327-100MG,CCCCN,109-73-9,27.00,471305-25ML
CCCCC1=NN(C)C(=O)N1C,CCC[CH2:2][c:1]1nn(C)c(=O)n1C,[c:1]-[C:2],"[1, 2]","[1, 2]",Cn1n[cH:1]n(C)c1=O,1,CCC[CH3:2],2,chloride,3,acid,4,Cn1nc(Cl)n(C)c1=O,22354-88-7,163.8,ENA508627327-100MG,CCCCC(=O)O,109-52-4,45.70,240370-5ML
CCCCC1=NN(C)C(=O)N1C,CCC[CH2:2][c:1]1nn(C)c(=O)n1C,[c:1]-[C:2],"[1, 2]","[1, 2]",Cn1n[cH:1]n(C)c1=O,1,CCC[CH3:2],2,chloride,3,chloride,4,Cn1nc(Cl)n(C)c1=O,22354-88-7,163.8,ENA508627327-100MG,CCCCCl,109-69-3,75.30,414255-100ML
CCCCC1=NN(C)C(=O)N1C,CCC[CH2:2][c:1]1nn(C)c(=O)n1C,[c:1]-[C:2],"[1, 2]","[1, 2]",Cn1n[cH:1]n(C)c1=O,1,CCC[CH3:2],2,chloride,3,bromide,4,Cn1nc(Cl)n(C)c1=O,22354-88-7,163.8,ENA508627327-100MG,CCCCBr,109-65-9,27.00,B59497-25G
CCCCC1=NN(C)C(=O)N1C,CCC[CH2:2][c:1]1nn(C)c(=O)n1C,[c:1]-[C:2],"[1, 2]","[1, 2]",Cn1n[cH:1]n(C)c1=O,1,CCC[CH3:2],2,chloride,3,iodide,4,Cn1nc(Cl)n(C)c1=O,22354-88-7,163.8,ENA508627327-100MG,CCCCI,542-69-8,28.90,167304-5G
CCCCC1=NN(C)C(=O)N1C,CCC[CH2:2][c:1]1nn(C)c(=O)n1C,[c:1]-[C:2],"[1, 2]","[1, 2]",Cn1n[cH:1]n(C)c1=O,1,CCC[CH3:2],2,chloride,3,boronate,4,Cn1nc(Cl)n(C)c1=O,22354-88-7,163.8,ENA508627327-100MG,CCCCB(O)O,4426-47-5,51.10,19667-1G
CCCCC1=NN(C)C(=O)N1C,CCC[CH2:2][c:1]1nn(C)c(=O)n1C,[c:1]-[C:2],"[1, 2]","[1, 2]",Cn1n[cH:1]n(C)c1=O,1,CCC[CH3:2],2,bromide,3,hydrogen,4,Cn1nc(Br)n(C)c1=O,22354-81-0,688.8,ENA514506400-1G,CCCC,,85.70,443670-12EA
CCCCC1=NN(C)C(=O)N1C,CCC[CH2:2][c:1]1nn(C)c(=O)n1C,[c:1]-[C:2],"[1, 2]","[1, 2]",Cn1n[cH:1]n(C)c1=O,1,CCC[CH3:2],2,bromide,3,alcohol,4,Cn1nc(Br)n(C)c1=O,22354-81-0,688.8,ENA514506400-1G,CCCCO,71-36-3,54.50,B7906-500ML
CCCCC1=NN(C)C(=O)N1C,CCC[CH2:2][c:1]1nn(C)c(=O)n1C,[c:1]-[C:2],"[1, 2]","[1, 2]",Cn1n[cH:1]n(C)c1=O,1,CCC[CH3:2],2,bromide,3,amine,4,Cn1nc(Br)n(C)c1=O,22354-81-0,688.8,ENA514506400-1G,CCCCN,109-73-9,27.00,471305-25ML
CCCCC1=NN(C)C(=O)N1C,CCC[CH2:2][c:1]1nn(C)c(=O)n1C,[c:1]-[C:2],"[1, 2]","[1, 2]",Cn1n[cH:1]n(C)c1=O,1,CCC[CH3:2],2,bromide,3,acid,4,Cn1nc(Br)n(C)c1=O,22354-81-0,688.8,ENA514506400-1G,CCCCC(=O)O,109-52-4,45.70,240370-5ML
CCCCC1=NN(C)C(=O)N1C,CCC[CH2:2][c:1]1nn(C)c(=O)n1C,[c:1]-[C:2],"[1, 2]","[1, 2]",Cn1n[cH:1]n(C)c1=O,1,CCC[CH3:2],2,bromide,3,chloride,4,Cn1nc(Br)n(C)c1=O,22354-81-0,688.8,ENA514506400-1G,CCCCCl,109-69-3,75.30,414255-100ML
CCCCC1=NN(C)C(=O)N1C,CCC[CH2:2][c:1]1nn(C)c(=O)n1C,[c:1]-[C:2],"[1, 2]","[1, 2]",Cn1n[cH:1]n(C)c1=O,1,CCC[CH3:2],2,bromide,3,bromide,4,Cn1nc(Br)n(C)c1=O,22354-81-0,688.8,ENA514506400-1G,CCCCBr,109-65-9,27.00,B59497-25G
CCCCC1=NN(C)C(=O)N1C,CCC[CH2:2][c:1]1nn(C)c(=O)n1C,[c:1]-[C:2],"[1, 2]","[1, 2]",Cn1n[cH:1]n(C)c1=O,1,CCC[CH3:2],2,bromide,3,iodide,4,Cn1nc(Br)n(C)c1=O,22354-81-0,688.8,ENA514506400-1G,CCCCI,542-69-8,28.90,167304-5G
CCCCC1=NN(C)C(=O)N1C,CCC[CH2:2][c:1]1nn(C)c(=O)n1C,[c:1]-[C:2],"[1, 2]","[1, 2]",Cn1n[cH:1]n(C)c1=O,1,CCC[CH3:2],2,bromide,3,boronate,4,Cn1nc(Br)n(C)c1=O,22354-81-0,688.8,ENA514506400-1G,CCCCB(O)O,4426-47-5,51.10,19667-1G
CCNCNC(N)=O,CC[NH:2][CH2:1]NC(N)=O,[C:1]-[N:2],"[1, 2]","[1, 2]",NC(=O)N[CH3:1],1,CC[NH2:2],2,hydrogen,3,hydrogen,4,CNC(N)=O,598-50-5,28.30,M86804-100G,CCN,75-04-7,20.70,471208-100ML
CCNCNC(N)=O,CC[NH:2][CH2:1]NC(N)=O,[C:1]-[N:2],"[1, 2]","[1, 2]",NC(=O)N[CH3:1],1,CC[NH2:2],2,acid,3,hydrogen,4,NC(=O)NCC(=O)O,462-60-2,42.9,ATC311765454-1G,CCN,75-04-7,20.70,471208-100ML
CCNCNC(N)=O,CCN[CH2:1][NH:2]C(N)=O,[C:1]-[N:2],"[1, 2]","[1, 2]",CCN[CH3:1],1,NC(=O)[NH2:2],2,hydrogen,3,hydrogen,4,CCNC,624-78-2,64.60,291145-5G,NC(N)=O,57-13-6,66.60,U7129-1VL
CCNCNC(N)=O,CCN[CH2:1][NH:2]C(N)=O,[C:1]-[N:2],"[1, 2]","[1, 2]",CCN[CH3:1],1,NC(=O)[NH2:2],2,hydrogen,3,alcohol,4,CCNC,624-78-2,64.60,291145-5G,NC(=O)NO,127-07-1,35.30,H8627-1G
CCNCNC(N)=O,CCN[CH2:1][NH:2]C(N)=O,[C:1]-[N:2],"[1, 2]","[1, 2]",CCN[CH3:1],1,NC(=O)[NH2:2],2,hydrogen,3,amine,4,CCNC,624-78-2,64.60,291145-5G,NNC(N)=O,57-56-7,72.40,363634-25G
CCNCNC(N)=O,CCN[CH2:1][NH:2]C(N)=O,[C:1]-[N:2],"[1, 2]","[1, 2]",CCN[CH3:1],1,NC(=O)[NH2:2],2,acid,3,hydrogen,4,CCNCC(=O)O,627-01-0,118.75,COM448665256-1G,NC(N)=O,57-13-6,66.60,U7129-1VL
CCNCNC(N)=O,CCN[CH2:1][NH:2]C(N)=O,[C:1]-[N:2],"[1, 2]","[1, 2]",CCN[CH3:1],1,NC(=O)[NH2:2],2,acid,3,alcohol,4,CCNCC(=O)O,627-01-0,118.75,COM448665256-1G,NC(=O)NO,127-07-1,35.30,H8627-1G
CCNCNC(N)=O,CCN[CH2:1][NH:2]C(N)=O,[C:1]-[N:2],"[1, 2]","[1, 2]",CCN[CH3:1],1,NC(=O)[NH2:2],2,acid,3,amine,4,CCNCC(=O)O,627-01-0,118.75,COM448665256-1G,NNC(N)=O,57-56-7,72.40,363634-25G
O=CC1=CC=C(OCF)C(OCC2CC2)=C1,O=Cc1ccc([O:2][CH2:1]F)c(OCC2CC2)c1,[C:1]-[O:2],"[1, 2]","[1, 2]",F[CH3:1],1,O=Cc1ccc([OH:2])c(OCC2CC2)c1,2,acid,3,hydrogen,4,O=C(O)CF,144-49-0,108.00,796875-250MG,O=Cc1ccc(O)c(OCC2CC2)c1,25934-52-5,143,AMBH2D6F84AE-1G
C=CCN(C(=O)COC(=O)C1=CC=CC=C1C(=O)C1=CC=CC=C1)C1=CC=CC=C1,C=CCN(C(=O)[CH2:1][O:2]C(=O)c1ccccc1C(=O)c1ccccc1)c1ccccc1,[C:1]-[O:2],"[1, 2]","[1, 2]",C=CCN(C(=O)[CH3:1])c1ccccc1,1,O=C(c1ccccc1)c1ccccc1C(=O)[OH:2],2,chloride,3,hydrogen,4,C=CCN(C(=O)CCl)c1ccccc1,,413.00,TMT00600-1G,O=C(O)c1ccccc1C(=O)c1ccccc1,85-52-9,25.90,B12385-25G
O=C(COC1=CC=CC=C1Br)N1CCN(C2=CC=CC=C2F)CC1,O=[C:1](N1CCN(c2ccccc2F)CC1)[CH2:2]Oc1ccccc1Br,[C:1]-[C:2],"[1, 2]","[1, 2]",O=[CH:1]N1CCN(c2ccccc2F)CC1,1,Brc1ccccc1O[CH3:2],2,amine,3,hydrogen,4,NC(=O)N1CCN(c2ccccc2F)CC1,1179087-17-2,109.2,ENA370563595-100MG,COc1ccccc1Br,578-57-4,38.80,159239-25G
O=C(COC1=CC=CC=C1Br)N1CCN(C2=CC=CC=C2F)CC1,O=[C:1](N1CCN(c2ccccc2F)CC1)[CH2:2]Oc1ccccc1Br,[C:1]-[C:2],"[1, 2]","[1, 2]",O=[CH:1]N1CCN(c2ccccc2F)CC1,1,Brc1ccccc1O[CH3:2],2,amine,3,acid,4,NC(=O)N1CCN(c2ccccc2F)CC1,1179087-17-2,109.2,ENA370563595-100MG,O=C(O)COc1ccccc1Br,1879-56-7,60.9,ENA238711672-5G
O=C(COC1=CC=CC=C1Br)N1CCN(C2=CC=CC=C2F)CC1,O=[C:1](COc1ccccc1Br)[N:2]1CCN(c2ccccc2F)CC1,[C:1]-[N:2],"[1, 2]","[1, 2]",O=[CH:1]COc1ccccc1Br,1,Fc1ccccc1N1CC[NH:2]CC1,2,chloride,3,hydrogen,4,O=C(Cl)COc1ccccc1Br,39784-10-6,181.25,COMH0423886E-500MG,Fc1ccccc1N1CCNCC1,1011-15-0,38.50,444804-10ML
O=C(COC1=CC=CC=C1Br)N1CCN(C2=CC=CC=C2F)CC1,O=C(N1CCN(c2ccccc2F)CC1)[CH2:1][O:2]c1ccccc1Br,[C:1]-[O:2],"[1, 2]","[1, 2]",O=C(N1CCN(c2ccccc2F)CC1)[CH3:1],1,Brc1ccccc1[OH:2],2,chloride,3,hydrogen,4,O=C(CCl)N1CCN(c2ccccc2F)CC1,546116-24-9,121.25,LIF372158496-500MG,Oc1ccccc1Br,95-56-7,57.50,130915-10G
CCC(C)(CS)NC(=O)C(C)(C)C,CC[C:1](C)(CS)[NH:2]C(=O)C(C)(C)C,[C:1]-[N:2],"[1, 2]","[1, 2]",CC[CH:1](C)CS,1,CC(C)(C)C(=O)[NH2:2],2,hydrogen,3,hydrogen,4,CCC(C)CS,1878-18-8,182.00,W330302-25G,CC(C)(C)C(N)=O,754-10-9,92.00,T71609-25G
CCC(C)(CS)NC(=O)C(C)(C)C,CC[C:1](C)(CS)[NH:2]C(=O)C(C)(C)C,[C:1]-[N:2],"[1, 2]","[1, 2]",CC[CH:1](C)CS,1,CC(C)(C)C(=O)[NH2:2],2,hydrogen,3,alcohol,4,CCC(C)CS,1878-18-8,182.00,W330302-25G,CC(C)(C)C(=O)NO,29740-67-8,69.3,ENA308584128-100MG
CCC(C)(CS)NC(=O)C(C)(C)C,CC[C:1](C)(CS)[NH:2]C(=O)C(C)(C)C,[C:1]-[N:2],"[1, 2]","[1, 2]",CC[CH:1](C)CS,1,CC(C)(C)C(=O)[NH2:2],2,hydrogen,3,amine,4,CCC(C)CS,1878-18-8,182.00,W330302-25G,CC(C)(C)C(=O)NN,,49.70,CDS004742-100MG
CC1=CC(C=O)=CC=C1OP,Cc1cc(C=O)ccc1[O:1][PH2:2],[O:1]-[P:2],"[1, 2]","[1, 2]",Cc1cc(C=O)ccc1[OH:1],1,[PH3:2],2,hydrogen,3,hydrogen,4,Cc1cc(C=O)ccc1O,15174-69-3,89.20,316911-1G,P,7803-51-2,1780.00,295647-10G
CNC(=O)CN(C)C(=O)COC(=O)C1=CC([N+](=O)[O-])=CC=C1N(C)C,CNC(=O)CN(C)C(=O)[CH2:1][O:2]C(=O)c1cc([N+](=O)[O-])ccc1N(C)C,[C:1]-[O:2],"[1, 2]","[1, 2]",CNC(=O)CN(C)C(=O)[CH3:1],1,CN(C)c1ccc([N+](=O)[O-])cc1C(=O)[OH:2],2,hydrogen,3,hydrogen,4,CNC(=O)CN(C)C(C)=O,24131-61-1,821.1,ENA371178192-2.5G,CN(C)c1ccc([N+](=O)[O-])cc1C(=O)O,4405-28-1,404.25,ENA024295884-1G
COCC1CCCC[C@@H]1N,CO[CH2:1][CH:2]1CCCC[C@@H]1N,[C:1]-[C:2],"[1, 2]","[1, 2]",CO[CH3:1],1,N[C@H]1CCCC[CH2:2]1,2,hydrogen,3,hydrogen,4,COC,115-10-6,181.00,295299-100G,NC1CCCCC1,108-91-8,29.70,240648-5ML
COCC1CCCC[C@@H]1N,CO[CH2:1][CH:2]1CCCC[C@@H]1N,[C:1]-[C:2],"[1, 2]","[1, 2]",CO[CH3:1],1,N[C@H]1CCCC[CH2:2]1,2,acid,3,hydrogen,4,COCC(=O)O,625-45-6,29.90,194557-50G,NC1CCCCC1,108-91-8,29.70,240648-5ML
COCC1CCCC[C@@H]1N,CO[CH2:1][CH:2]1CCCC[C@@H]1N,[C:1]-[C:2],"[1, 2]","[1, 2]",CO[CH3:1],1,N[C@H]1CCCC[CH2:2]1,2,chloride,3,hydrogen,4,COCCl,107-30-2,110.00,100331-25G,NC1CCCCC1,108-91-8,29.70,240648-5ML
COCC1CCCC[C@@H]1N,CO[CH2:1][CH:2]1CCCC[C@@H]1N,[C:1]-[C:2],"[1, 2]","[1, 2]",CO[CH3:1],1,N[C@H]1CCCC[CH2:2]1,2,bromide,3,hydrogen,4,COCBr,13057-17-5,43.60,161756-5G,NC1CCCCC1,108-91-8,29.70,240648-5ML
COCC1CCCC[C@@H]1N,CO[CH2:1][CH:2]1CCCC[C@@H]1N,[C:1]-[C:2],"[1, 2]","[1, 2]",CO[CH3:1],1,N[C@H]1CCCC[CH2:2]1,2,iodide,3,hydrogen,4,COCI,13057-19-7,104.00,380229-5G,NC1CCCCC1,108-91-8,29.70,240648-5ML
CCCCC1=NN(C)C(=O)N1C,CCC[CH2:2][c:1]1nn(C)c(=O)n1C,[c:1]-[C:2],"[1, 2]","[1, 2]",Cn1n[cH:1]n(C)c1=O,1,CCC[CH3:2],2,chloride,3,hydrogen,4,Cn1nc(Cl)n(C)c1=O,22354-88-7,163.8,ENA508627327-100MG,CCCC,,85.70,443670-12EA
CCCCC1=NN(C)C(=O)N1C,CCC[CH2:2][c:1]1nn(C)c(=O)n1C,[c:1]-[C:2],"[1, 2]","[1, 2]",Cn1n[cH:1]n(C)c1=O,1,CCC[CH3:2],2,chloride,3,alcohol,4,Cn1nc(Cl)n(C)c1=O,22354-88-7,163.8,ENA508627327-100MG,CCCCO,71-36-3,54.50,B7906-500ML
CCCCC1=NN(C)C(=O)N1C,CCC[CH2:2][c:1]1nn(C)c(=O)n1C,[c:1]-[C:2],"[1, 2]","[1, 2]",Cn1n[cH:1]n(C)c1=O,1,CCC[CH3:2],2,chloride,3,amine,4,Cn1nc(Cl)n(C)c1=O,22354-88-7,163.8,ENA508627327-100MG,CCCCN,109-73-9,27.00,471305-25ML
CCCCC1=NN(C)C(=O)N1C,CCC[CH2:2][c:1]1nn(C)c(=O)n1C,[c:1]-[C:2],"[1, 2]","[1, 2]",Cn1n[cH:1]n(C)c1=O,1,CCC[CH3:2],2,chloride,3,acid,4,Cn1nc(Cl)n(C)c1=O,22354-88-7,163.8,ENA508627327-100MG,CCCCC(=O)O,109-52-4,45.70,240370-5ML
CCCCC1=NN(C)C(=O)N1C,CCC[CH2:2][c:1]1nn(C)c(=O)n1C,[c:1]-[C:2],"[1, 2]","[1, 2]",Cn1n[cH:1]n(C)c1=O,1,CCC[CH3:2],2,chloride,3,chloride,4,Cn1nc(Cl)n(C)c1=O,22354-88-7,163.8,ENA508627327-100MG,CCCCCl,109-69-3,75.30,414255-100ML
CCCCC1=NN(C)C(=O)N1C,CCC[CH2:2][c:1]1nn(C)c(=O)n1C,[c:1]-[C:2],"[1, 2]","[1, 2]",Cn1n[cH:1]n(C)c1=O,1,CCC[CH3:2],2,chloride,3,bromide,4,Cn1nc(Cl)n(C)c1=O,22354-88-7,163.8,ENA508627327-100MG,CCCCBr,109-65-9,27.00,B59497-25G
CCCCC1=NN(C)C(=O)N1C,CCC[CH2:2][c:1]1nn(C)c(=O)n1C,[c:1]-[C:2],"[1, 2]","[1, 2]",Cn1n[cH:1]n(C)c1=O,1,CCC[CH3:2],2,chloride,3,iodide,4,Cn1nc(Cl)n(C)c1=O,22354-88-7,163.8,ENA508627327-100MG,CCCCI,542-69-8,28.90,167304-5G
CCCCC1=NN(C)C(=O)N1C,CCC[CH2:2][c:1]1nn(C)c(=O)n1C,[c:1]-[C:2],"[1, 2]","[1, 2]",Cn1n[cH:1]n(C)c1=O,1,CCC[CH3:2],2,chloride,3,boronate,4,Cn1nc(Cl)n(C)c1=O,22354-88-7,163.8,ENA508627327-100MG,CCCCB(O)O,4426-47-5,51.10,19667-1G
CCCCC1=NN(C)C(=O)N1C,CCC[CH2:2][c:1]1nn(C)c(=O)n1C,[c:1]-[C:2],"[1, 2]","[1, 2]",Cn1n[cH:1]n(C)c1=O,1,CCC[CH3:2],2,bromide,3,hydrogen,4,Cn1nc(Br)n(C)c1=O,22354-81-0,688.8,ENA514506400-1G,CCCC,,85.70,443670-12EA
CCCCC1=NN(C)C(=O)N1C,CCC[CH2:2][c:1]1nn(C)c(=O)n1C,[c:1]-[C:2],"[1, 2]","[1, 2]",Cn1n[cH:1]n(C)c1=O,1,CCC[CH3:2],2,bromide,3,alcohol,4,Cn1nc(Br)n(C)c1=O,22354-81-0,688.8,ENA514506400-1G,CCCCO,71-36-3,54.50,B7906-500ML
CCCCC1=NN(C)C(=O)N1C,CCC[CH2:2][c:1]1nn(C)c(=O)n1C,[c:1]-[C:2],"[1, 2]","[1, 2]",Cn1n[cH:1]n(C)c1=O,1,CCC[CH3:2],2,bromide,3,amine,4,Cn1nc(Br)n(C)c1=O,22354-81-0,688.8,ENA514506400-1G,CCCCN,109-73-9,27.00,471305-25ML
CCCCC1=NN(C)C(=O)N1C,CCC[CH2:2][c:1]1nn(C)c(=O)n1C,[c:1]-[C:2],"[1, 2]","[1, 2]",Cn1n[cH:1]n(C)c1=O,1,CCC[CH3:2],2,bromide,3,acid,4,Cn1nc(Br)n(C)c1=O,22354-81-0,688.8,ENA514506400-1G,CCCCC(=O)O,109-52-4,45.70,240370-5ML
CCCCC1=NN(C)C(=O)N1C,CCC[CH2:2][c:1]1nn(C)c(=O)n1C,[c:1]-[C:2],"[1, 2]","[1, 2]",Cn1n[cH:1]n(C)c1=O,1,CCC[CH3:2],2,bromide,3,chloride,4,Cn1nc(Br)n(C)c1=O,22354-81-0,688.8,ENA514506400-1G,CCCCCl,109-69-3,75.30,414255-100ML
CCCCC1=NN(C)C(=O)N1C,CCC[CH2:2][c:1]1nn(C)c(=O)n1C,[c:1]-[C:2],"[1, 2]","[1, 2]",Cn1n[cH:1]n(C)c1=O,1,CCC[CH3:2],2,bromide,3,bromide,4,Cn1nc(Br)n(C)c1=O,22354-81-0,688.8,ENA514506400-1G,CCCCBr,109-65-9,27.00,B59497-25G
CCCCC1=NN(C)C(=O)N1C,CCC[CH2:2][c:1]1nn(C)c(=O)n1C,[c:1]-[C:2],"[1, 2]","[1, 2]",Cn1n[cH:1]n(C)c1=O,1,CCC[CH3:2],2,bromide,3,iodide,4,Cn1nc(Br)n(C)c1=O,22354-81-0,688.8,ENA514506400-1G,CCCCI,542-69-8,28.90,167304-5G
CCCCC1=NN(C)C(=O)N1C,CCC[CH2:2][c:1]1nn(C)c(=O)n1C,[c:1]-[C:2],"[1, 2]","[1, 2]",Cn1n[cH:1]n(C)c1=O,1,CCC[CH3:2],2,bromide,3,boronate,4,Cn1nc(Br)n(C)c1=O,22354-81-0,688.8,ENA514506400-1G,CCCCB(O)O,4426-47-5,51.10,19667-1G
O=C(COC1=CC=CC=C1Br)N1CCN(C2=CC=CC(Cl)=C2)CC1,O=[C:1](COc1ccccc1Br)[N:2]1CCN(c2cccc(Cl)c2)CC1,[C:1]-[N:2],"[1, 2]","[1, 2]",O=[CH:1]COc1ccccc1Br,1,Clc1cccc(N2CC[NH:2]CC2)c1,2,chloride,3,hydrogen,4,O=C(Cl)COc1ccccc1Br,39784-10-6,181.25,COMH0423886E-500MG,Clc1cccc(N2CCNCC2)c1,6640-24-0,68.75,COM638461667-1G
O=C(COC1=CC=CC=C1Br)N1CCN(C2=CC=CC(Cl)=C2)CC1,O=C(N1CCN(c2cccc(Cl)c2)CC1)[CH2:1][O:2]c1ccccc1Br,[C:1]-[O:2],"[1, 2]","[1, 2]",O=C(N1CCN(c2cccc(Cl)c2)CC1)[CH3:1],1,Brc1ccccc1[OH:2],2,chloride,3,hydrogen,4,O=C(CCl)N1CCN(c2cccc(Cl)c2)CC1,70395-06-1,693.0,ENA161669385-5G,Oc1ccccc1Br,95-56-7,57.50,130915-10G
CN1CCOCC1(C)CN,CN1CCOC[C:1]1(CN)[CH3:2],[C:1]-[C:2],"[1, 2]","[1, 2]",CN1CCOC[CH:1]1CN,1,[CH4:2],2,hydrogen,3,hydrogen,4,CN1CCOCC1CN,68431-71-0,203.7,ENA517163054-250MG,C,74-82-8,1610.00,463035-24L
CN1CCOCC1(C)CN,CN1CCOC[C:1]1(CN)[CH3:2],[C:1]-[C:2],"[1, 2]","[1, 2]",CN1CCOC[CH:1]1CN,1,[CH4:2],2,hydrogen,3,alcohol,4,CN1CCOCC1CN,68431-71-0,203.7,ENA517163054-250MG,CO,67-56-1,30.20,M3641-500ML
CN1CCOCC1(C)CN,CN1CCOC[C:1]1(CN)[CH3:2],[C:1]-[C:2],"[1, 2]","[1, 2]",CN1CCOC[CH:1]1CN,1,[CH4:2],2,hydrogen,3,amine,4,CN1CCOCC1CN,68431-71-0,203.7,ENA517163054-250MG,CN,74-89-5,40.10,534102-250ML
CN1CCOCC1(C)CN,CN1CCOC[C:1]1(CN)[CH3:2],[C:1]-[C:2],"[1, 2]","[1, 2]",CN1CCOC[CH:1]1CN,1,[CH4:2],2,hydrogen,3,acid,4,CN1CCOCC1CN,68431-71-0,203.7,ENA517163054-250MG,CC(=O)O,64-19-7,67.00,W200611-1KG-K
CN1CCOCC1(C)CN,CN1CCOC[C:1]1(CN)[CH3:2],[C:1]-[C:2],"[1, 2]","[1, 2]",CN1CCOC[CH:1]1CN,1,[CH4:2],2,hydrogen,3,chloride,4,CN1CCOCC1CN,68431-71-0,203.7,ENA517163054-250MG,CCl,74-87-3,252.00,294799-200ML
CN1CCOCC1(C)CN,CN1CCOC[C:1]1(CN)[CH3:2],[C:1]-[C:2],"[1, 2]","[1, 2]",CN1CCOC[CH:1]1CN,1,[CH4:2],2,hydrogen,3,bromide,4,CN1CCOCC1CN,68431-71-0,203.7,ENA517163054-250MG,CBr,74-83-9,24.10,48624
CN1CCOCC1(C)CN,CN1CCOC[C:1]1(CN)[CH3:2],[C:1]-[C:2],"[1, 2]","[1, 2]",CN1CCOC[CH:1]1CN,1,[CH4:2],2,hydrogen,3,iodide,4,CN1CCOCC1CN,68431-71-0,203.7,ENA517163054-250MG,CI,74-88-4,112.00,456756-100ML
CN1CCOCC1(C)CN,CN1CCOC[C:1]1(CN)[CH3:2],[C:1]-[C:2],"[1, 2]","[1, 2]",CN1CCOC[CH:1]1CN,1,[CH4:2],2,hydrogen,3,boronate,4,CN1CCOCC1CN,68431-71-0,203.7,ENA517163054-250MG,CB(O)O,13061-96-6,43.80,165336-1G
CC1=CC(O)=C(C=O)C(O)=C1Cl,Cc1c[c:1]([OH:2])c(C=O)c(O)c1Cl,[c:1]-[O:2],"[1, 2]","[1, 2]",Cc1c[cH:1]c(C=O)c(O)c1Cl,1,[OH2:2],2,alcohol,3,hydrogen,4,Cc1cc(O)c(C=O)c(O)c1Cl,57074-21-2,99.00,91420-100MG,O,7732-18-5,12.30,W3500-100ML
CC1=CC(O)=C(C=O)C(O)=C1Cl,Cc1c[c:1]([OH:2])c(C=O)c(O)c1Cl,[c:1]-[O:2],"[1, 2]","[1, 2]",Cc1c[cH:1]c(C=O)c(O)c1Cl,1,[OH2:2],2,alcohol,3,alcohol,4,Cc1cc(O)c(C=O)c(O)c1Cl,57074-21-2,99.00,91420-100MG,OO,7722-84-1,45.20,H1009-5ML
CC1=CC(O)=C(C=O)C(O)=C1Cl,Cc1c[c:1]([OH:2])c(C=O)c(O)c1Cl,[c:1]-[O:2],"[1, 2]","[1, 2]",Cc1c[cH:1]c(C=O)c(O)c1Cl,1,[OH2:2],2,alcohol,3,amine,4,Cc1cc(O)c(C=O)c(O)c1Cl,57074-21-2,99.00,91420-100MG,NO,7803-49-8,42.80,467804-10ML
CC1=CC(O)=C(C=O)C(O)=C1Cl,Cc1c[c:1]([OH:2])c(C=O)c(O)c1Cl,[c:1]-[O:2],"[1, 2]","[1, 2]",Cc1c[cH:1]c(C=O)c(O)c1Cl,1,[OH2:2],2,alcohol,3,boronate,4,Cc1cc(O)c(C=O)c(O)c1Cl,57074-21-2,99.00,91420-100MG,OB(O)O,10043-35-3,55.30,B6768-500G
CC1=CC(O)=C(C=O)C(O)=C1Cl,Cc1cc(O)c(C=O)[c:1]([OH:2])c1Cl,[c:1]-[O:2],"[1, 2]","[1, 2]",Cc1cc(O)c(C=O)[cH:1]c1Cl,1,[OH2:2],2,hydrogen,3,hydrogen,4,Cc1cc(O)c(C=O)cc1Cl,3328-68-5,91.3,AMBH303C5EBF-250MG,O,7732-18-5,12.30,W3500-100ML
CC1=CC(O)=C(C=O)C(O)=C1Cl,Cc1cc(O)c(C=O)[c:1]([OH:2])c1Cl,[c:1]-[O:2],"[1, 2]","[1, 2]",Cc1cc(O)c(C=O)[cH:1]c1Cl,1,[OH2:2],2,hydrogen,3,alcohol,4,Cc1cc(O)c(C=O)cc1Cl,3328-68-5,91.3,AMBH303C5EBF-250MG,OO,7722-84-1,45.20,H1009-5ML
CC1=CC(O)=C(C=O)C(O)=C1Cl,Cc1cc(O)c(C=O)[c:1]([OH:2])c1Cl,[c:1]-[O:2],"[1, 2]","[1, 2]",Cc1cc(O)c(C=O)[cH:1]c1Cl,1,[OH2:2],2,hydrogen,3,amine,4,Cc1cc(O)c(C=O)cc1Cl,3328-68-5,91.3,AMBH303C5EBF-250MG,NO,7803-49-8,42.80,467804-10ML
CC1=CC(O)=C(C=O)C(O)=C1Cl,Cc1cc(O)c(C=O)[c:1]([OH:2])c1Cl,[c:1]-[O:2],"[1, 2]","[1, 2]",Cc1cc(O)c(C=O)[cH:1]c1Cl,1,[OH2:2],2,hydrogen,3,boronate,4,Cc1cc(O)c(C=O)cc1Cl,3328-68-5,91.3,AMBH303C5EBF-250MG,OB(O)O,10043-35-3,55.30,B6768-500G
CCC(C)(C)C1=NOC=C1,CC[C:2](C)(C)[c:1]1ccon1,[c:1]-[C:2],"[1, 2]","[1, 2]",c1c[cH:1]no1,1,CC[CH:2](C)C,2,hydrogen,3,hydrogen,4,c1cnoc1,288-14-2,26.30,151637-5G,CCC(C)C,78-78-4,88.20,277258-100ML
CCC(C)(C)C1=NOC=C1,CC[C:2](C)(C)[c:1]1ccon1,[c:1]-[C:2],"[1, 2]","[1, 2]",c1c[cH:1]no1,1,CC[CH:2](C)C,2,hydrogen,3,alcohol,4,c1cnoc1,288-14-2,26.30,151637-5G,CCC(C)(C)O,75-85-4,58.70,240486-5ML
CCC(C)(C)C1=NOC=C1,CC[C:2](C)(C)[c:1]1ccon1,[c:1]-[C:2],"[1, 2]","[1, 2]",c1c[cH:1]no1,1,CC[CH:2](C)C,2,hydrogen,3,amine,4,c1cnoc1,288-14-2,26.30,151637-5G,CCC(C)(C)N,594-39-8,74.90,176990-25G
CCC(C)(C)C1=NOC=C1,CC[C:2](C)(C)[c:1]1ccon1,[c:1]-[C:2],"[1, 2]","[1, 2]",c1c[cH:1]no1,1,CC[CH:2](C)C,2,hydrogen,3,acid,4,c1cnoc1,288-14-2,26.30,151637-5G,CCC(C)(C)C(=O)O,595-37-9,57.20,D152609-25ML
CCC(C)(C)C1=NOC=C1,CC[C:2](C)(C)[c:1]1ccon1,[c:1]-[C:2],"[1, 2]","[1, 2]",c1c[cH:1]no1,1,CC[CH:2](C)C,2,hydrogen,3,chloride,4,c1cnoc1,288-14-2,26.30,151637-5G,CCC(C)(C)Cl,594-36-5,77.60,277029-25G
CCC(C)(C)C1=NOC=C1,CC[C:2](C)(C)[c:1]1ccon1,[c:1]-[C:2],"[1, 2]","[1, 2]",c1c[cH:1]no1,1,CC[CH:2](C)C,2,hydrogen,3,bromide,4,c1cnoc1,288-14-2,26.30,151637-5G,CCC(C)(C)Br,507-36-8,29.20,306878-5G
CCC(C)(C)C1=NOC=C1,CC[C:2](C)(C)[c:1]1ccon1,[c:1]-[C:2],"[1, 2]","[1, 2]",c1c[cH:1]no1,1,CC[CH:2](C)C,2,hydrogen,3,iodide,4,c1cnoc1,288-14-2,26.30,151637-5G,CCC(C)(C)I,594-38-7,56.7,ENA946832316-100MG
CCC(C)(C)C1=NOC=C1,CC[C:2](C)(C)[c:1]1ccon1,[c:1]-[C:2],"[1, 2]","[1, 2]",c1c[cH:1]no1,1,CC[CH:2](C)C,2,alcohol,3,hydrogen,4,Oc1ccon1,5777-20-8,1143.45,ENA387773147-2.5G,CCC(C)C,78-78-4,88.20,277258-100ML
CCC(C)(C)C1=NOC=C1,CC[C:2](C)(C)[c:1]1ccon1,[c:1]-[C:2],"[1, 2]","[1, 2]",c1c[cH:1]no1,1,CC[CH:2](C)C,2,alcohol,3,alcohol,4,Oc1ccon1,5777-20-8,1143.45,ENA387773147-2.5G,CCC(C)(C)O,75-85-4,58.70,240486-5ML
CCC(C)(C)C1=NOC=C1,CC[C:2](C)(C)[c:1]1ccon1,[c:1]-[C:2],"[1, 2]","[1, 2]",c1c[cH:1]no1,1,CC[CH:2](C)C,2,alcohol,3,amine,4,Oc1ccon1,5777-20-8,1143.45,ENA387773147-2.5G,CCC(C)(C)N,594-39-8,74.90,176990-25G
CCC(C)(C)C1=NOC=C1,CC[C:2](C)(C)[c:1]1ccon1,[c:1]-[C:2],"[1, 2]","[1, 2]",c1c[cH:1]no1,1,CC[CH:2](C)C,2,alcohol,3,acid,4,Oc1ccon1,5777-20-8,1143.45,ENA387773147-2.5G,CCC(C)(C)C(=O)O,595-37-9,57.20,D152609-25ML
CCC(C)(C)C1=NOC=C1,CC[C:2](C)(C)[c:1]1ccon1,[c:1]-[C:2],"[1, 2]","[1, 2]",c1c[cH:1]no1,1,CC[CH:2](C)C,2,alcohol,3,chloride,4,Oc1ccon1,5777-20-8,1143.45,ENA387773147-2.5G,CCC(C)(C)Cl,594-36-5,77.60,277029-25G
CCC(C)(C)C1=NOC=C1,CC[C:2](C)(C)[c:1]1ccon1,[c:1]-[C:2],"[1, 2]","[1, 2]",c1c[cH:1]no1,1,CC[CH:2](C)C,2,alcohol,3,bromide,4,Oc1ccon1,5777-20-8,1143.45,ENA387773147-2.5G,CCC(C)(C)Br,507-36-8,29.20,306878-5G
CCC(C)(C)C1=NOC=C1,CC[C:2](C)(C)[c:1]1ccon1,[c:1]-[C:2],"[1, 2]","[1, 2]",c1c[cH:1]no1,1,CC[CH:2](C)C,2,alcohol,3,iodide,4,Oc1ccon1,5777-20-8,1143.45,ENA387773147-2.5G,CCC(C)(C)I,594-38-7,56.7,ENA946832316-100MG
CCC(C)(C)C1=NOC=C1,CC[C:2](C)(C)[c:1]1ccon1,[c:1]-[C:2],"[1, 2]","[1, 2]",c1c[cH:1]no1,1,CC[CH:2](C)C,2,amine,3,hydrogen,4,Nc1ccon1,1750-42-1,188.00,424218-5ML,CCC(C)C,78-78-4,88.20,277258-100ML
CCC(C)(C)C1=NOC=C1,CC[C:2](C)(C)[c:1]1ccon1,[c:1]-[C:2],"[1, 2]","[1, 2]",c1c[cH:1]no1,1,CC[CH:2](C)C,2,amine,3,alcohol,4,Nc1ccon1,1750-42-1,188.00,424218-5ML,CCC(C)(C)O,75-85-4,58.70,240486-5ML
CCC(C)(C)C1=NOC=C1,CC[C:2](C)(C)[c:1]1ccon1,[c:1]-[C:2],"[1, 2]","[1, 2]",c1c[cH:1]no1,1,CC[CH:2](C)C,2,amine,3,amine,4,Nc1ccon1,1750-42-1,188.00,424218-5ML,CCC(C)(C)N,594-39-8,74.90,176990-25G
CCC(C)(C)C1=NOC=C1,CC[C:2](C)(C)[c:1]1ccon1,[c:1]-[C:2],"[1, 2]","[1, 2]",c1c[cH:1]no1,1,CC[CH:2](C)C,2,amine,3,acid,4,Nc1ccon1,1750-42-1,188.00,424218-5ML,CCC(C)(C)C(=O)O,595-37-9,57.20,D152609-25ML
CCC(C)(C)C1=NOC=C1,CC[C:2](C)(C)[c:1]1ccon1,[c:1]-[C:2],"[1, 2]","[1, 2]",c1c[cH:1]no1,1,CC[CH:2](C)C,2,amine,3,chloride,4,Nc1ccon1,1750-42-1,188.00,424218-5ML,CCC(C)(C)Cl,594-36-5,77.60,277029-25G
CCC(C)(C)C1=NOC=C1,CC[C:2](C)(C)[c:1]1ccon1,[c:1]-[C:2],"[1, 2]","[1, 2]",c1c[cH:1]no1,1,CC[CH:2](C)C,2,amine,3,bromide,4,Nc1ccon1,1750-42-1,188.00,424218-5ML,CCC(C)(C)Br,507-36-8,29.20,306878-5G
CCC(C)(C)C1=NOC=C1,CC[C:2](C)(C)[c:1]1ccon1,[c:1]-[C:2],"[1, 2]","[1, 2]",c1c[cH:1]no1,1,CC[CH:2](C)C,2,amine,3,iodide,4,Nc1ccon1,1750-42-1,188.00,424218-5ML,CCC(C)(C)I,594-38-7,56.7,ENA946832316-100MG
CCC(C)(C)C1=NOC=C1,CC[C:2](C)(C)[c:1]1ccon1,[c:1]-[C:2],"[1, 2]","[1, 2]",c1c[cH:1]no1,1,CC[CH:2](C)C,2,acid,3,hydrogen,4,O=C(O)c1ccon1,3209-71-0,565.4,AMBH2D6F9BD1-25G,CCC(C)C,78-78-4,88.20,277258-100ML
CCC(C)(C)C1=NOC=C1,CC[C:2](C)(C)[c:1]1ccon1,[c:1]-[C:2],"[1, 2]","[1, 2]",c1c[cH:1]no1,1,CC[CH:2](C)C,2,acid,3,alcohol,4,O=C(O)c1ccon1,3209-71-0,565.4,AMBH2D6F9BD1-25G,CCC(C)(C)O,75-85-4,58.70,240486-5ML
CCC(C)(C)C1=NOC=C1,CC[C:2](C)(C)[c:1]1ccon1,[c:1]-[C:2],"[1, 2]","[1, 2]",c1c[cH:1]no1,1,CC[CH:2](C)C,2,acid,3,amine,4,O=C(O)c1ccon1,3209-71-0,565.4,AMBH2D6F9BD1-25G,CCC(C)(C)N,594-39-8,74.90,176990-25G
CCC(C)(C)C1=NOC=C1,CC[C:2](C)(C)[c:1]1ccon1,[c:1]-[C:2],"[1, 2]","[1, 2]",c1c[cH:1]no1,1,CC[CH:2](C)C,2,acid,3,acid,4,O=C(O)c1ccon1,3209-71-0,565.4,AMBH2D6F9BD1-25G,CCC(C)(C)C(=O)O,595-37-9,57.20,D152609-25ML
CCC(C)(C)C1=NOC=C1,CC[C:2](C)(C)[c:1]1ccon1,[c:1]-[C:2],"[1, 2]","[1, 2]",c1c[cH:1]no1,1,CC[CH:2](C)C,2,acid,3,chloride,4,O=C(O)c1ccon1,3209-71-0,565.4,AMBH2D6F9BD1-25G,CCC(C)(C)Cl,594-36-5,77.60,277029-25G
CCC(C)(C)C1=NOC=C1,CC[C:2](C)(C)[c:1]1ccon1,[c:1]-[C:2],"[1, 2]","[1, 2]",c1c[cH:1]no1,1,CC[CH:2](C)C,2,acid,3,bromide,4,O=C(O)c1ccon1,3209-71-0,565.4,AMBH2D6F9BD1-25G,CCC(C)(C)Br,507-36-8,29.20,306878-5G
CCC(C)(C)C1=NOC=C1,CC[C:2](C)(C)[c:1]1ccon1,[c:1]-[C:2],"[1, 2]","[1, 2]",c1c[cH:1]no1,1,CC[CH:2](C)C,2,acid,3,iodide,4,O=C(O)c1ccon1,3209-71-0,565.4,AMBH2D6F9BD1-25G,CCC(C)(C)I,594-38-7,56.7,ENA946832316-100MG
CCC(C)(C)C1=NOC=C1,CC[C:2](C)(C)[c:1]1ccon1,[c:1]-[C:2],"[1, 2]","[1, 2]",c1c[cH:1]no1,1,CC[CH:2](C)C,2,chloride,3,hydrogen,4,Clc1ccon1,73028-29-2,359.1,ENA448968541-100MG,CCC(C)C,78-78-4,88.20,277258-100ML
CCC(C)(C)C1=NOC=C1,CC[C:2](C)(C)[c:1]1ccon1,[c:1]-[C:2],"[1, 2]","[1, 2]",c1c[cH:1]no1,1,CC[CH:2](C)C,2,chloride,3,alcohol,4,Clc1ccon1,73028-29-2,359.1,ENA448968541-100MG,CCC(C)(C)O,75-85-4,58.70,240486-5ML
CCC(C)(C)C1=NOC=C1,CC[C:2](C)(C)[c:1]1ccon1,[c:1]-[C:2],"[1, 2]","[1, 2]",c1c[cH:1]no1,1,CC[CH:2](C)C,2,chloride,3,amine,4,Clc1ccon1,73028-29-2,359.1,ENA448968541-100MG,CCC(C)(C)N,594-39-8,74.90,176990-25G
CCC(C)(C)C1=NOC=C1,CC[C:2](C)(C)[c:1]1ccon1,[c:1]-[C:2],"[1, 2]","[1, 2]",c1c[cH:1]no1,1,CC[CH:2](C)C,2,chloride,3,acid,4,Clc1ccon1,73028-29-2,359.1,ENA448968541-100MG,CCC(C)(C)C(=O)O,595-37-9,57.20,D152609-25ML
CCC(C)(C)C1=NOC=C1,CC[C:2](C)(C)[c:1]1ccon1,[c:1]-[C:2],"[1, 2]","[1, 2]",c1c[cH:1]no1,1,CC[CH:2](C)C,2,chloride,3,chloride,4,Clc1ccon1,73028-29-2,359.1,ENA448968541-100MG,CCC(C)(C)Cl,594-36-5,77.60,277029-25G
CCC(C)(C)C1=NOC=C1,CC[C:2](C)(C)[c:1]1ccon1,[c:1]-[C:2],"[1, 2]","[1, 2]",c1c[cH:1]no1,1,CC[CH:2](C)C,2,chloride,3,bromide,4,Clc1ccon1,73028-29-2,359.1,ENA448968541-100MG,CCC(C)(C)Br,507-36-8,29.20,306878-5G
CCC(C)(C)C1=NOC=C1,CC[C:2](C)(C)[c:1]1ccon1,[c:1]-[C:2],"[1, 2]","[1, 2]",c1c[cH:1]no1,1,CC[CH:2](C)C,2,chloride,3,iodide,4,Clc1ccon1,73028-29-2,359.1,ENA448968541-100MG,CCC(C)(C)I,594-38-7,56.7,ENA946832316-100MG
CCC(C)(C)C1=NOC=C1,CC[C:2](C)(C)[c:1]1ccon1,[c:1]-[C:2],"[1, 2]","[1, 2]",c1c[cH:1]no1,1,CC[CH:2](C)C,2,bromide,3,hydrogen,4,Brc1ccon1,,55.10,CDS005417-100MG,CCC(C)C,78-78-4,88.20,277258-100ML
CCC(C)(C)C1=NOC=C1,CC[C:2](C)(C)[c:1]1ccon1,[c:1]-[C:2],"[1, 2]","[1, 2]",c1c[cH:1]no1,1,CC[CH:2](C)C,2,bromide,3,alcohol,4,Brc1ccon1,,55.10,CDS005417-100MG,CCC(C)(C)O,75-85-4,58.70,240486-5ML
CCC(C)(C)C1=NOC=C1,CC[C:2](C)(C)[c:1]1ccon1,[c:1]-[C:2],"[1, 2]","[1, 2]",c1c[cH:1]no1,1,CC[CH:2](C)C,2,bromide,3,amine,4,Brc1ccon1,,55.10,CDS005417-100MG,CCC(C)(C)N,594-39-8,74.90,176990-25G
CCC(C)(C)C1=NOC=C1,CC[C:2](C)(C)[c:1]1ccon1,[c:1]-[C:2],"[1, 2]","[1, 2]",c1c[cH:1]no1,1,CC[CH:2](C)C,2,bromide,3,acid,4,Brc1ccon1,,55.10,CDS005417-100MG,CCC(C)(C)C(=O)O,595-37-9,57.20,D152609-25ML
CCC(C)(C)C1=NOC=C1,CC[C:2](C)(C)[c:1]1ccon1,[c:1]-[C:2],"[1, 2]","[1, 2]",c1c[cH:1]no1,1,CC[CH:2](C)C,2,bromide,3,chloride,4,Brc1ccon1,,55.10,CDS005417-100MG,CCC(C)(C)Cl,594-36-5,77.60,277029-25G
CCC(C)(C)C1=NOC=C1,CC[C:2](C)(C)[c:1]1ccon1,[c:1]-[C:2],"[1, 2]","[1, 2]",c1c[cH:1]no1,1,CC[CH:2](C)C,2,bromide,3,bromide,4,Brc1ccon1,,55.10,CDS005417-100MG,CCC(C)(C)Br,507-36-8,29.20,306878-5G
CCC(C)(C)C1=NOC=C1,CC[C:2](C)(C)[c:1]1ccon1,[c:1]-[C:2],"[1, 2]","[1, 2]",c1c[cH:1]no1,1,CC[CH:2](C)C,2,bromide,3,iodide,4,Brc1ccon1,,55.10,CDS005417-100MG,CCC(C)(C)I,594-38-7,56.7,ENA946832316-100MG
O=C(O)C1=CC=CC2=CC(CO)=NN12,O=[C:2](O)[c:1]1cccc2cc(CO)nn21,[c:1]-[C:2],"[1, 2]","[1, 2]",OCc1cc2ccc[cH:1]n2n1,1,O=[CH:2]O,2,hydrogen,3,hydrogen,4,OCc1cc2ccccn2n1,76943-47-0,210.0,JWPH3249E009-100MG,O=CO,64-18-6,133.00,Y0001970
O=C(O)C1=CC=CC2=CC(CO)=NN12,O=[C:2](O)[c:1]1cccc2cc(CO)nn21,[c:1]-[C:2],"[1, 2]","[1, 2]",OCc1cc2ccc[cH:1]n2n1,1,O=[CH:2]O,2,hydrogen,3,acid,4,OCc1cc2ccccn2n1,76943-47-0,210.0,JWPH3249E009-100MG,O=C(O)C(=O)O,144-62-7,47.20,75688-50G
O=C(O)C1=CC=CC2=CC(CO)=NN12,O=C(O)c1cccc2c[c:1]([CH2:2]O)nn12,[c:1]-[C:2],"[1, 2]","[1, 2]",O=C(O)c1cccc2c[cH:1]nn12,1,O[CH3:2],2,hydrogen,3,hydrogen,4,O=C(O)c1cccc2ccnn12,474432-62-7,247.5,CH4312834643-250MG,CO,67-56-1,30.20,M3641-500ML
O=C(O)C1=CC=CC2=CC(CO)=NN12,O=C(O)c1cccc2c[c:1]([CH2:2]O)nn12,[c:1]-[C:2],"[1, 2]","[1, 2]",O=C(O)c1cccc2c[cH:1]nn12,1,O[CH3:2],2,hydrogen,3,acid,4,O=C(O)c1cccc2ccnn12,474432-62-7,247.5,CH4312834643-250MG,O=C(O)CO,79-14-1,27.00,G8284-10MG
CC(=O)C1=CC=C(OCC(=O)NCCNC2=CC=C([N+](=O)[O-])C=C2)C=C1,CC(=O)c1ccc(OCC(=O)[NH:2][CH2:1]CNc2ccc([N+](=O)[O-])cc2)cc1,[C:1]-[N:2],"[1, 2]","[1, 2]",O=[N+]([O-])c1ccc(NC[CH3:1])cc1,1,CC(=O)c1ccc(OCC(=O)[NH2:2])cc1,2,hydrogen,3,hydrogen,4,CCNc1ccc([N+](=O)[O-])cc1,3665-80-3,82.50,328499-1G,CC(=O)c1ccc(OCC(N)=O)cc1,42017-88-9,225.5,CH4017936708-5G
CCC1=NN(C)C(C)=C1C,Cc1c(C)[c:1]([CH2:2]C)nn1C,[c:1]-[C:2],"[1, 2]","[1, 2]",Cc1c(C)[cH:1]nn1C,1,C[CH3:2],2,acid,3,hydrogen,4,Cc1c(C(=O)O)nn(C)c1C,1195449-36-5,720,MAT947272346-1G,CC,74-84-0,463.00,295302-110G
CCC1=NN(C)C(C)=C1C,Cc1c(C)[c:1]([CH2:2]C)nn1C,[c:1]-[C:2],"[1, 2]","[1, 2]",Cc1c(C)[cH:1]nn1C,1,C[CH3:2],2,acid,3,alcohol,4,Cc1c(C(=O)O)nn(C)c1C,1195449-36-5,720,MAT947272346-1G,CCO,64-17-5,74.00,2858-240ML
CCC1=NN(C)C(C)=C1C,Cc1c(C)[c:1]([CH2:2]C)nn1C,[c:1]-[C:2],"[1, 2]","[1, 2]",Cc1c(C)[cH:1]nn1C,1,C[CH3:2],2,acid,3,amine,4,Cc1c(C(=O)O)nn(C)c1C,1195449-36-5,720,MAT947272346-1G,CCN,75-04-7,20.70,471208-100ML
CCC1=NN(C)C(C)=C1C,Cc1c(C)[c:1]([CH2:2]C)nn1C,[c:1]-[C:2],"[1, 2]","[1, 2]",Cc1c(C)[cH:1]nn1C,1,C[CH3:2],2,acid,3,acid,4,Cc1c(C(=O)O)nn(C)c1C,1195449-36-5,720,MAT947272346-1G,CCC(=O)O,79-09-4,37.90,P5561-1L
CCC1=NN(C)C(C)=C1C,Cc1c(C)[c:1]([CH2:2]C)nn1C,[c:1]-[C:2],"[1, 2]","[1, 2]",Cc1c(C)[cH:1]nn1C,1,C[CH3:2],2,acid,3,chloride,4,Cc1c(C(=O)O)nn(C)c1C,1195449-36-5,720,MAT947272346-1G,CCCl,75-00-3,178.00,295310-1KG
CCC1=NN(C)C(C)=C1C,Cc1c(C)[c:1]([CH2:2]C)nn1C,[c:1]-[C:2],"[1, 2]","[1, 2]",Cc1c(C)[cH:1]nn1C,1,C[CH3:2],2,acid,3,bromide,4,Cc1c(C(=O)O)nn(C)c1C,1195449-36-5,720,MAT947272346-1G,CCBr,74-96-4,55.70,239607-50G
CCC1=NN(C)C(C)=C1C,Cc1c(C)[c:1]([CH2:2]C)nn1C,[c:1]-[C:2],"[1, 2]","[1, 2]",Cc1c(C)[cH:1]nn1C,1,C[CH3:2],2,acid,3,iodide,4,Cc1c(C(=O)O)nn(C)c1C,1195449-36-5,720,MAT947272346-1G,CCI,75-03-6,24.00,I7780-5G
CCC1=NN(C)C(C)=C1C,Cc1c(C)[c:1]([CH2:2]C)nn1C,[c:1]-[C:2],"[1, 2]","[1, 2]",Cc1c(C)[cH:1]nn1C,1,C[CH3:2],2,acid,3,boronate,4,Cc1c(C(=O)O)nn(C)c1C,1195449-36-5,720,MAT947272346-1G,CCB(O)O,,66.00,CDS003542-250MG
CCC1=NN(C)C(C)=C1C,CCc1nn(C)[c:1]([CH3:2])c1C,[c:1]-[C:2],"[1, 2]","[1, 2]",CCc1nn(C)[cH:1]c1C,1,[CH4:2],2,amine,3,hydrogen,4,CCc1nn(C)c(N)c1C,21018-62-2,194.00,CBR00337-1G,C,74-82-8,1610.00,463035-24L
CCC1=NN(C)C(C)=C1C,CCc1nn(C)[c:1]([CH3:2])c1C,[c:1]-[C:2],"[1, 2]","[1, 2]",CCc1nn(C)[cH:1]c1C,1,[CH4:2],2,amine,3,alcohol,4,CCc1nn(C)c(N)c1C,21018-62-2,194.00,CBR00337-1G,CO,67-56-1,30.20,M3641-500ML
CCC1=NN(C)C(C)=C1C,CCc1nn(C)[c:1]([CH3:2])c1C,[c:1]-[C:2],"[1, 2]","[1, 2]",CCc1nn(C)[cH:1]c1C,1,[CH4:2],2,amine,3,amine,4,CCc1nn(C)c(N)c1C,21018-62-2,194.00,CBR00337-1G,CN,74-89-5,40.10,534102-250ML
CCC1=NN(C)C(C)=C1C,CCc1nn(C)[c:1]([CH3:2])c1C,[c:1]-[C:2],"[1, 2]","[1, 2]",CCc1nn(C)[cH:1]c1C,1,[CH4:2],2,amine,3,acid,4,CCc1nn(C)c(N)c1C,21018-62-2,194.00,CBR00337-1G,CC(=O)O,64-19-7,67.00,W200611-1KG-K
CCC1=NN(C)C(C)=C1C,CCc1nn(C)[c:1]([CH3:2])c1C,[c:1]-[C:2],"[1, 2]","[1, 2]",CCc1nn(C)[cH:1]c1C,1,[CH4:2],2,amine,3,chloride,4,CCc1nn(C)c(N)c1C,21018-62-2,194.00,CBR00337-1G,CCl,74-87-3,252.00,294799-200ML
CCC1=NN(C)C(C)=C1C,CCc1nn(C)[c:1]([CH3:2])c1C,[c:1]-[C:2],"[1, 2]","[1, 2]",CCc1nn(C)[cH:1]c1C,1,[CH4:2],2,amine,3,bromide,4,CCc1nn(C)c(N)c1C,21018-62-2,194.00,CBR00337-1G,CBr,74-83-9,24.10,48624
CCC1=NN(C)C(C)=C1C,CCc1nn(C)[c:1]([CH3:2])c1C,[c:1]-[C:2],"[1, 2]","[1, 2]",CCc1nn(C)[cH:1]c1C,1,[CH4:2],2,amine,3,iodide,4,CCc1nn(C)c(N)c1C,21018-62-2,194.00,CBR00337-1G,CI,74-88-4,112.00,456756-100ML
CCC1=NN(C)C(C)=C1C,CCc1nn(C)[c:1]([CH3:2])c1C,[c:1]-[C:2],"[1, 2]","[1, 2]",CCc1nn(C)[cH:1]c1C,1,[CH4:2],2,amine,3,boronate,4,CCc1nn(C)c(N)c1C,21018-62-2,194.00,CBR00337-1G,CB(O)O,13061-96-6,43.80,165336-1G
COC(=O)C1=CC=CC=C1OCC(=O)NCC(N)=O,COC(=O)c1ccccc1[O:2][CH2:1]C(=O)NCC(N)=O,[C:1]-[O:2],"[1, 2]","[1, 2]",NC(=O)CNC(=O)[CH3:1],1,COC(=O)c1ccccc1[OH:2],2,hydrogen,3,hydrogen,4,CC(=O)NCC(N)=O,2620-63-5,48.80,280216-1G,COC(=O)c1ccccc1O,119-36-8,29.30,M2047-100ML
CC(C)C1OCCNC1=O,C[CH:1](C)[CH:2]1OCCNC1=O,[C:1]-[C:2],"[1, 2]","[1, 2]",C[CH2:1]C,1,O=C1NCCO[CH2:2]1,2,hydrogen,3,hydrogen,4,CCC,74-98-6,360.00,536172-145G,O=C1COCCN1,109-11-5,11,SY3390162173-5G
CC(C)C1OCCNC1=O,C[CH:1](C)[CH:2]1OCCNC1=O,[C:1]-[C:2],"[1, 2]","[1, 2]",C[CH2:1]C,1,O=C1NCCO[CH2:2]1,2,alcohol,3,hydrogen,4,CC(C)O,67-63-0,366.00,1570428-3AMP,O=C1COCCN1,109-11-5,11,SY3390162173-5G
CC(C)C1OCCNC1=O,C[CH:1](C)[CH:2]1OCCNC1=O,[C:1]-[C:2],"[1, 2]","[1, 2]",C[CH2:1]C,1,O=C1NCCO[CH2:2]1,2,amine,3,hydrogen,4,CC(C)N,75-31-0,20.50,471291-25ML,O=C1COCCN1,109-11-5,11,SY3390162173-5G
CC(C)C1OCCNC1=O,C[CH:1](C)[CH:2]1OCCNC1=O,[C:1]-[C:2],"[1, 2]","[1, 2]",C[CH2:1]C,1,O=C1NCCO[CH2:2]1,2,acid,3,hydrogen,4,CC(C)C(=O)O,79-31-2,34.80,I1754-100ML,O=C1COCCN1,109-11-5,11,SY3390162173-5G
CC(C)C1OCCNC1=O,C[CH:1](C)[CH:2]1OCCNC1=O,[C:1]-[C:2],"[1, 2]","[1, 2]",C[CH2:1]C,1,O=C1NCCO[CH2:2]1,2,chloride,3,hydrogen,4,CC(C)Cl,75-29-6,31.10,240613-100ML,O=C1COCCN1,109-11-5,11,SY3390162173-5G
CC(C)C1OCCNC1=O,C[CH:1](C)[CH:2]1OCCNC1=O,[C:1]-[C:2],"[1, 2]","[1, 2]",C[CH2:1]C,1,O=C1NCCO[CH2:2]1,2,bromide,3,hydrogen,4,CC(C)Br,75-26-3,23.10,B78114-100G,O=C1COCCN1,109-11-5,11,SY3390162173-5G
CC(C)C1OCCNC1=O,C[CH:1](C)[CH:2]1OCCNC1=O,[C:1]-[C:2],"[1, 2]","[1, 2]",C[CH2:1]C,1,O=C1NCCO[CH2:2]1,2,iodide,3,hydrogen,4,CC(C)I,75-30-9,26.10,148938-5G,O=C1COCCN1,109-11-5,11,SY3390162173-5G
CC(C)C1OCCNC1=O,C[CH:1](C)[CH:2]1OCCNC1=O,[C:1]-[C:2],"[1, 2]","[1, 2]",C[CH2:1]C,1,O=C1NCCO[CH2:2]1,2,boronate,3,hydrogen,4,CC(C)B(O)O,80041-89-0,44.70,648787-1G,O=C1COCCN1,109-11-5,11,SY3390162173-5G
CNC(=O)C1=CC=C(NC(=O)COC(=O)C2=CC([N+](=O)[O-])=CC=C2N(C)C)C=C1,CNC(=O)c1ccc(NC(=O)[CH2:1][O:2]C(=O)c2cc([N+](=O)[O-])ccc2N(C)C)cc1,[C:1]-[O:2],"[1, 2]","[1, 2]",CNC(=O)c1ccc(NC(=O)[CH3:1])cc1,1,CN(C)c1ccc([N+](=O)[O-])cc1C(=O)[OH:2],2,chloride,3,hydrogen,4,CNC(=O)c1ccc(NC(=O)CCl)cc1,871217-90-2,114.0,MAT161068635-500MG,CN(C)c1ccc([N+](=O)[O-])cc1C(=O)O,4405-28-1,404.25,ENA024295884-1G
CNC(=O)C1=CC=C(NC(=O)COC(=O)C2=CC([N+](=O)[O-])=CC=C2N(C)C)C=C1,CNC(=O)c1ccc(NC(=O)[CH2:1][O:2]C(=O)c2cc([N+](=O)[O-])ccc2N(C)C)cc1,[C:1]-[O:2],"[1, 2]","[1, 2]",CNC(=O)c1ccc(NC(=O)[CH3:1])cc1,1,CN(C)c1ccc([N+](=O)[O-])cc1C(=O)[OH:2],2,bromide,3,hydrogen,4,CNC(=O)c1ccc(NC(=O)CBr)cc1,1138443-67-0,238.8,MAT188490776-500MG,CN(C)c1ccc([N+](=O)[O-])cc1C(=O)O,4405-28-1,404.25,ENA024295884-1G
O=CN[C@@H](CS)C(=O)NCCO,O=C[NH:2][C@@H:1](CS)C(=O)NCCO,[C:1]-[N:2],"[1, 2]","[1, 2]",O=C(NCCO)[CH2:1]CS,1,O=C[NH2:2],2,hydrogen,3,hydrogen,4,O=C(CCS)NCCO,98137-55-4,359.1,ENAH315521EF-100MG,NC=O,,133.00,612707-1EA
O=CN[C@@H](CS)C(=O)NCCO,O=C[NH:2][C@@H:1](CS)C(=O)NCCO,[C:1]-[N:2],"[1, 2]","[1, 2]",O=C(NCCO)[CH2:1]CS,1,O=C[NH2:2],2,hydrogen,3,amine,4,O=C(CCS)NCCO,98137-55-4,359.1,ENAH315521EF-100MG,NNC=O,624-84-0,52.10,166375-25G
CC(=O)C1=CC=C(OCC(=O)NC2=CC=CC=C2C(=O)NCC2=CC=CC=C2)C=C1,CC(=O)c1ccc(OCC(=O)Nc2cccc[c:1]2[C:2](=O)NCc2ccccc2)cc1,[c:1]-[C:2],"[1, 2]","[1, 2]",CC(=O)c1ccc(OCC(=O)Nc2cccc[cH:1]2)cc1,1,O=[CH:2]NCc1ccccc1,2,hydrogen,3,hydrogen,4,CC(=O)c1ccc(OCC(=O)Nc2ccccc2)cc1,17172-76-8,162.00,EME00112-1G,O=CNCc1ccccc1,6343-54-0,87.5,COMH0C9557B5-25G
CC(=O)C1=CC=C(OCC(=O)NC2=CC=CC=C2C(=O)NCC2=CC=CC=C2)C=C1,CC(=O)c1ccc(OCC(=O)Nc2cccc[c:1]2[C:2](=O)NCc2ccccc2)cc1,[c:1]-[C:2],"[1, 2]","[1, 2]",CC(=O)c1ccc(OCC(=O)Nc2cccc[cH:1]2)cc1,1,O=[CH:2]NCc1ccccc1,2,hydrogen,3,amine,4,CC(=O)c1ccc(OCC(=O)Nc2ccccc2)cc1,17172-76-8,162.00,EME00112-1G,NC(=O)NCc1ccccc1,538-32-9,108.9,AMBH580649D3-100G
CC(=O)C1=CC=C(OCC(=O)NC2=CC=CC=C2C(=O)NCC2=CC=CC=C2)C=C1,CC(=O)c1ccc(OCC(=O)[NH:2][c:1]2ccccc2C(=O)NCc2ccccc2)cc1,[c:1]-[N:2],"[1, 2]","[1, 2]",O=C(NCc1ccccc1)c1cccc[cH:1]1,1,CC(=O)c1ccc(OCC(=O)[NH2:2])cc1,2,hydrogen,3,hydrogen,4,O=C(NCc1ccccc1)c1ccccc1,1485-70-7,29.90,201014-5G,CC(=O)c1ccc(OCC(N)=O)cc1,42017-88-9,225.5,CH4017936708-5G
CC(=O)C1=CC=C(OCC(=O)NC2=CC=CC=C2C(=O)NCC2=CC=CC=C2)C=C1,CC(=O)c1ccc(OCC(=O)[NH:2][c:1]2ccccc2C(=O)NCc2ccccc2)cc1,[c:1]-[N:2],"[1, 2]","[1, 2]",O=C(NCc1ccccc1)c1cccc[cH:1]1,1,CC(=O)c1ccc(OCC(=O)[NH2:2])cc1,2,amine,3,hydrogen,4,Nc1ccccc1C(=O)NCc1ccccc1,5471-20-5,202.8,MAT113926654-1G,CC(=O)c1ccc(OCC(N)=O)cc1,42017-88-9,225.5,CH4017936708-5G
CC(=O)C1=CC=C(OCC(=O)NC2=CC=CC=C2C(=O)NCC2=CC=CC=C2)C=C1,CC(=O)c1ccc(OCC(=O)[NH:2][c:1]2ccccc2C(=O)NCc2ccccc2)cc1,[c:1]-[N:2],"[1, 2]","[1, 2]",O=C(NCc1ccccc1)c1cccc[cH:1]1,1,CC(=O)c1ccc(OCC(=O)[NH2:2])cc1,2,acid,3,hydrogen,4,O=C(O)c1ccccc1C(=O)NCc1ccccc1,19357-07-4,238.8,MAT113926991-500MG,CC(=O)c1ccc(OCC(N)=O)cc1,42017-88-9,225.5,CH4017936708-5G
CC(=O)C1=CC=C(OCC(=O)NC2=CC=CC=C2C(=O)NCC2=CC=CC=C2)C=C1,CC(=O)c1ccc(OCC(=O)[NH:2][c:1]2ccccc2C(=O)NCc2ccccc2)cc1,[c:1]-[N:2],"[1, 2]","[1, 2]",O=C(NCc1ccccc1)c1cccc[cH:1]1,1,CC(=O)c1ccc(OCC(=O)[NH2:2])cc1,2,bromide,3,hydrogen,4,O=C(NCc1ccccc1)c1ccccc1Br,82082-50-6,37.5,COM448617938-1G,CC(=O)c1ccc(OCC(N)=O)cc1,42017-88-9,225.5,CH4017936708-5G
CC(=O)C1=CC=C(OCC(=O)NC2=CC=CC=C2C(=O)NCC2=CC=CC=C2)C=C1,CC(=O)c1ccc(OCC(=O)[NH:2][c:1]2ccccc2C(=O)NCc2ccccc2)cc1,[c:1]-[N:2],"[1, 2]","[1, 2]",O=C(NCc1ccccc1)c1cccc[cH:1]1,1,CC(=O)c1ccc(OCC(=O)[NH2:2])cc1,2,iodide,3,hydrogen,4,O=C(NCc1ccccc1)c1ccccc1I,73178-23-1,525,COM448668583-10G,CC(=O)c1ccc(OCC(N)=O)cc1,42017-88-9,225.5,CH4017936708-5G
CC(=O)C1=CC=C(OCC(=O)NC2=CC=CC=C2C(=O)NCC2=CC=CC=C2)C=C1,CC(=O)c1ccc(OC[C:1](=O)[NH:2]c2ccccc2C(=O)NCc2ccccc2)cc1,[C:1]-[N:2],"[1, 2]","[1, 2]",CC(=O)c1ccc(OC[CH:1]=O)cc1,1,O=C(NCc1ccccc1)c1ccccc1[NH2:2],2,amine,3,hydrogen,4,CC(=O)c1ccc(OCC(N)=O)cc1,42017-88-9,225.5,CH4017936708-5G,Nc1ccccc1C(=O)NCc1ccccc1,5471-20-5,202.8,MAT113926654-1G
CN1N=CC(CS)=C(Cl)C1=O,Cn1nc[c:1]([CH2:2]S)c(Cl)c1=O,[c:1]-[C:2],"[1, 2]","[1, 2]",Cn1nc[cH:1]c(Cl)c1=O,1,S[CH3:2],2,amine,3,hydrogen,4,Cn1ncc(N)c(Cl)c1=O,17254-80-7,1026.9,ENA580354729-2.5G,CS,74-93-1,969.00,295515-227G
CN1N=CC(CS)=C(Cl)C1=O,Cn1nc[c:1]([CH2:2]S)c(Cl)c1=O,[c:1]-[C:2],"[1, 2]","[1, 2]",Cn1nc[cH:1]c(Cl)c1=O,1,S[CH3:2],2,amine,3,acid,4,Cn1ncc(N)c(Cl)c1=O,17254-80-7,1026.9,ENA580354729-2.5G,O=C(O)CS,68-11-1,33.00,T6750-50ML
CN1N=CC(CS)=C(Cl)C1=O,Cn1nc[c:1]([CH2:2]S)c(Cl)c1=O,[c:1]-[C:2],"[1, 2]","[1, 2]",Cn1nc[cH:1]c(Cl)c1=O,1,S[CH3:2],2,chloride,3,hydrogen,4,Cn1ncc(Cl)c(Cl)c1=O,933-76-6,111.00,597716-5G,CS,74-93-1,969.00,295515-227G
CN1N=CC(CS)=C(Cl)C1=O,Cn1nc[c:1]([CH2:2]S)c(Cl)c1=O,[c:1]-[C:2],"[1, 2]","[1, 2]",Cn1nc[cH:1]c(Cl)c1=O,1,S[CH3:2],2,chloride,3,acid,4,Cn1ncc(Cl)c(Cl)c1=O,933-76-6,111.00,597716-5G,O=C(O)CS,68-11-1,33.00,T6750-50ML
CC1=CC=C(S)C(C)=C1Cl,Cc1cc[c:1]([SH:2])c(C)c1Cl,[c:1]-[S:2],"[1, 2]","[1, 2]",Cc1cc[cH:1]c(C)c1Cl,1,[SH2:2],2,hydrogen,3,hydrogen,4,Cc1cccc(C)c1Cl,6781-98-2,78.10,276308-25G,S,7783-06-4,477.00,295442-227G
CC1=CC=C(S)C(C)=C1Cl,Cc1cc[c:1]([SH:2])c(C)c1Cl,[c:1]-[S:2],"[1, 2]","[1, 2]",Cc1cc[cH:1]c(C)c1Cl,1,[SH2:2],2,alcohol,3,hydrogen,4,Cc1ccc(O)c(C)c1Cl,56680-84-3,1915.1,AOB945511914-5G,S,7783-06-4,477.00,295442-227G
CC1=CC=C(S)C(C)=C1Cl,Cc1cc[c:1]([SH:2])c(C)c1Cl,[c:1]-[S:2],"[1, 2]","[1, 2]",Cc1cc[cH:1]c(C)c1Cl,1,[SH2:2],2,acid,3,hydrogen,4,Cc1ccc(C(=O)O)c(C)c1Cl,1632385-49-9,3370.4,AOB945511797-25G,S,7783-06-4,477.00,295442-227G
CC1=CC=C(S)C(C)=C1Cl,Cc1cc[c:1]([SH:2])c(C)c1Cl,[c:1]-[S:2],"[1, 2]","[1, 2]",Cc1cc[cH:1]c(C)c1Cl,1,[SH2:2],2,bromide,3,hydrogen,4,Cc1ccc(Br)c(C)c1Cl,1782344-83-5,333.3,AOB945511796-5G,S,7783-06-4,477.00,295442-227G
CC1=CC=C(S)C(C)=C1Cl,Cc1cc[c:1]([SH:2])c(C)c1Cl,[c:1]-[S:2],"[1, 2]","[1, 2]",Cc1cc[cH:1]c(C)c1Cl,1,[SH2:2],2,boronate,3,hydrogen,4,Cc1ccc(B(O)O)c(C)c1Cl,2121515-11-3,1936,AOB945511912-10G,S,7783-06-4,477.00,295442-227G
CNC(=O)C1=CC=CC(NC(=O)COC2=CC=CC=C2C(=O)OC)=C1,CNC(=O)c1cccc(NC(=O)[CH2:1][O:2]c2ccccc2C(=O)OC)c1,[C:1]-[O:2],"[1, 2]","[1, 2]",CNC(=O)c1cccc(NC(=O)[CH3:1])c1,1,COC(=O)c1ccccc1[OH:2],2,bromide,3,hydrogen,4,CNC(=O)c1cccc(NC(=O)CBr)c1,1138442-44-0,238.8,MAT188490744-500MG,COC(=O)c1ccccc1O,119-36-8,29.30,M2047-100ML
CCC1=C([N+](=O)[O-])C=CC(C)=C1C,Cc1ccc([N+](=O)[O-])[c:1]([CH2:2]C)c1C,[c:1]-[C:2],"[1, 2]","[1, 2]",Cc1ccc([N+](=O)[O-])[cH:1]c1C,1,C[CH3:2],2,hydrogen,3,hydrogen,4,Cc1ccc([N+](=O)[O-])cc1C,99-51-4,49.60,N28604-100G,CC,74-84-0,463.00,295302-110G
CCC1=C([N+](=O)[O-])C=CC(C)=C1C,Cc1ccc([N+](=O)[O-])[c:1]([CH2:2]C)c1C,[c:1]-[C:2],"[1, 2]","[1, 2]",Cc1ccc([N+](=O)[O-])[cH:1]c1C,1,C[CH3:2],2,hydrogen,3,alcohol,4,Cc1ccc([N+](=O)[O-])cc1C,99-51-4,49.60,N28604-100G,CCO,64-17-5,74.00,2858-240ML
CCC1=C([N+](=O)[O-])C=CC(C)=C1C,Cc1ccc([N+](=O)[O-])[c:1]([CH2:2]C)c1C,[c:1]-[C:2],"[1, 2]","[1, 2]",Cc1ccc([N+](=O)[O-])[cH:1]c1C,1,C[CH3:2],2,hydrogen,3,amine,4,Cc1ccc([N+](=O)[O-])cc1C,99-51-4,49.60,N28604-100G,CCN,75-04-7,20.70,471208-100ML
CCC1=C([N+](=O)[O-])C=CC(C)=C1C,Cc1ccc([N+](=O)[O-])[c:1]([CH2:2]C)c1C,[c:1]-[C:2],"[1, 2]","[1, 2]",Cc1ccc([N+](=O)[O-])[cH:1]c1C,1,C[CH3:2],2,hydrogen,3,acid,4,Cc1ccc([N+](=O)[O-])cc1C,99-51-4,49.60,N28604-100G,CCC(=O)O,79-09-4,37.90,P5561-1L
CCC1=C([N+](=O)[O-])C=CC(C)=C1C,Cc1ccc([N+](=O)[O-])[c:1]([CH2:2]C)c1C,[c:1]-[C:2],"[1, 2]","[1, 2]",Cc1ccc([N+](=O)[O-])[cH:1]c1C,1,C[CH3:2],2,hydrogen,3,chloride,4,Cc1ccc([N+](=O)[O-])cc1C,99-51-4,49.60,N28604-100G,CCCl,75-00-3,178.00,295310-1KG
CCC1=C([N+](=O)[O-])C=CC(C)=C1C,Cc1ccc([N+](=O)[O-])[c:1]([CH2:2]C)c1C,[c:1]-[C:2],"[1, 2]","[1, 2]",Cc1ccc([N+](=O)[O-])[cH:1]c1C,1,C[CH3:2],2,hydrogen,3,bromide,4,Cc1ccc([N+](=O)[O-])cc1C,99-51-4,49.60,N28604-100G,CCBr,74-96-4,55.70,239607-50G
CCC1=C([N+](=O)[O-])C=CC(C)=C1C,Cc1ccc([N+](=O)[O-])[c:1]([CH2:2]C)c1C,[c:1]-[C:2],"[1, 2]","[1, 2]",Cc1ccc([N+](=O)[O-])[cH:1]c1C,1,C[CH3:2],2,hydrogen,3,iodide,4,Cc1ccc([N+](=O)[O-])cc1C,99-51-4,49.60,N28604-100G,CCI,75-03-6,24.00,I7780-5G
CCC1=C([N+](=O)[O-])C=CC(C)=C1C,Cc1ccc([N+](=O)[O-])[c:1]([CH2:2]C)c1C,[c:1]-[C:2],"[1, 2]","[1, 2]",Cc1ccc([N+](=O)[O-])[cH:1]c1C,1,C[CH3:2],2,hydrogen,3,boronate,4,Cc1ccc([N+](=O)[O-])cc1C,99-51-4,49.60,N28604-100G,CCB(O)O,,66.00,CDS003542-250MG
CCC1=C([N+](=O)[O-])C=CC(C)=C1C,Cc1ccc([N+](=O)[O-])[c:1]([CH2:2]C)c1C,[c:1]-[C:2],"[1, 2]","[1, 2]",Cc1ccc([N+](=O)[O-])[cH:1]c1C,1,C[CH3:2],2,amine,3,hydrogen,4,Cc1ccc([N+](=O)[O-])c(N)c1C,59146-96-2,11,SY3H3D67C120-1G,CC,74-84-0,463.00,295302-110G
CCC1=C([N+](=O)[O-])C=CC(C)=C1C,Cc1ccc([N+](=O)[O-])[c:1]([CH2:2]C)c1C,[c:1]-[C:2],"[1, 2]","[1, 2]",Cc1ccc([N+](=O)[O-])[cH:1]c1C,1,C[CH3:2],2,amine,3,alcohol,4,Cc1ccc([N+](=O)[O-])c(N)c1C,59146-96-2,11,SY3H3D67C120-1G,CCO,64-17-5,74.00,2858-240ML
CCC1=C([N+](=O)[O-])C=CC(C)=C1C,Cc1ccc([N+](=O)[O-])[c:1]([CH2:2]C)c1C,[c:1]-[C:2],"[1, 2]","[1, 2]",Cc1ccc([N+](=O)[O-])[cH:1]c1C,1,C[CH3:2],2,amine,3,amine,4,Cc1ccc([N+](=O)[O-])c(N)c1C,59146-96-2,11,SY3H3D67C120-1G,CCN,75-04-7,20.70,471208-100ML
CCC1=C([N+](=O)[O-])C=CC(C)=C1C,Cc1ccc([N+](=O)[O-])[c:1]([CH2:2]C)c1C,[c:1]-[C:2],"[1, 2]","[1, 2]",Cc1ccc([N+](=O)[O-])[cH:1]c1C,1,C[CH3:2],2,amine,3,acid,4,Cc1ccc([N+](=O)[O-])c(N)c1C,59146-96-2,11,SY3H3D67C120-1G,CCC(=O)O,79-09-4,37.90,P5561-1L
CCC1=C([N+](=O)[O-])C=CC(C)=C1C,Cc1ccc([N+](=O)[O-])[c:1]([CH2:2]C)c1C,[c:1]-[C:2],"[1, 2]","[1, 2]",Cc1ccc([N+](=O)[O-])[cH:1]c1C,1,C[CH3:2],2,amine,3,chloride,4,Cc1ccc([N+](=O)[O-])c(N)c1C,59146-96-2,11,SY3H3D67C120-1G,CCCl,75-00-3,178.00,295310-1KG
CCC1=C([N+](=O)[O-])C=CC(C)=C1C,Cc1ccc([N+](=O)[O-])[c:1]([CH2:2]C)c1C,[c:1]-[C:2],"[1, 2]","[1, 2]",Cc1ccc([N+](=O)[O-])[cH:1]c1C,1,C[CH3:2],2,amine,3,bromide,4,Cc1ccc([N+](=O)[O-])c(N)c1C,59146-96-2,11,SY3H3D67C120-1G,CCBr,74-96-4,55.70,239607-50G
CCC1=C([N+](=O)[O-])C=CC(C)=C1C,Cc1ccc([N+](=O)[O-])[c:1]([CH2:2]C)c1C,[c:1]-[C:2],"[1, 2]","[1, 2]",Cc1ccc([N+](=O)[O-])[cH:1]c1C,1,C[CH3:2],2,amine,3,iodide,4,Cc1ccc([N+](=O)[O-])c(N)c1C,59146-96-2,11,SY3H3D67C120-1G,CCI,75-03-6,24.00,I7780-5G
CCC1=C([N+](=O)[O-])C=CC(C)=C1C,Cc1ccc([N+](=O)[O-])[c:1]([CH2:2]C)c1C,[c:1]-[C:2],"[1, 2]","[1, 2]",Cc1ccc([N+](=O)[O-])[cH:1]c1C,1,C[CH3:2],2,amine,3,boronate,4,Cc1ccc([N+](=O)[O-])c(N)c1C,59146-96-2,11,SY3H3D67C120-1G,CCB(O)O,,66.00,CDS003542-250MG
CCC1=C([N+](=O)[O-])C=CC(C)=C1C,Cc1ccc([N+](=O)[O-])[c:1]([CH2:2]C)c1C,[c:1]-[C:2],"[1, 2]","[1, 2]",Cc1ccc([N+](=O)[O-])[cH:1]c1C,1,C[CH3:2],2,acid,3,hydrogen,4,Cc1ccc([N+](=O)[O-])c(C(=O)O)c1C,90564-16-2,336,ENA769495507-500MG,CC,74-84-0,463.00,295302-110G
CCC1=C([N+](=O)[O-])C=CC(C)=C1C,Cc1ccc([N+](=O)[O-])[c:1]([CH2:2]C)c1C,[c:1]-[C:2],"[1, 2]","[1, 2]",Cc1ccc([N+](=O)[O-])[cH:1]c1C,1,C[CH3:2],2,acid,3,alcohol,4,Cc1ccc([N+](=O)[O-])c(C(=O)O)c1C,90564-16-2,336,ENA769495507-500MG,CCO,64-17-5,74.00,2858-240ML
CCC1=C([N+](=O)[O-])C=CC(C)=C1C,Cc1ccc([N+](=O)[O-])[c:1]([CH2:2]C)c1C,[c:1]-[C:2],"[1, 2]","[1, 2]",Cc1ccc([N+](=O)[O-])[cH:1]c1C,1,C[CH3:2],2,acid,3,amine,4,Cc1ccc([N+](=O)[O-])c(C(=O)O)c1C,90564-16-2,336,ENA769495507-500MG,CCN,75-04-7,20.70,471208-100ML
CCC1=C([N+](=O)[O-])C=CC(C)=C1C,Cc1ccc([N+](=O)[O-])[c:1]([CH2:2]C)c1C,[c:1]-[C:2],"[1, 2]","[1, 2]",Cc1ccc([N+](=O)[O-])[cH:1]c1C,1,C[CH3:2],2,acid,3,acid,4,Cc1ccc([N+](=O)[O-])c(C(=O)O)c1C,90564-16-2,336,ENA769495507-500MG,CCC(=O)O,79-09-4,37.90,P5561-1L
CCC1=C([N+](=O)[O-])C=CC(C)=C1C,Cc1ccc([N+](=O)[O-])[c:1]([CH2:2]C)c1C,[c:1]-[C:2],"[1, 2]","[1, 2]",Cc1ccc([N+](=O)[O-])[cH:1]c1C,1,C[CH3:2],2,acid,3,chloride,4,Cc1ccc([N+](=O)[O-])c(C(=O)O)c1C,90564-16-2,336,ENA769495507-500MG,CCCl,75-00-3,178.00,295310-1KG
CCC1=C([N+](=O)[O-])C=CC(C)=C1C,Cc1ccc([N+](=O)[O-])[c:1]([CH2:2]C)c1C,[c:1]-[C:2],"[1, 2]","[1, 2]",Cc1ccc([N+](=O)[O-])[cH:1]c1C,1,C[CH3:2],2,acid,3,bromide,4,Cc1ccc([N+](=O)[O-])c(C(=O)O)c1C,90564-16-2,336,ENA769495507-500MG,CCBr,74-96-4,55.70,239607-50G
CCC1=C([N+](=O)[O-])C=CC(C)=C1C,Cc1ccc([N+](=O)[O-])[c:1]([CH2:2]C)c1C,[c:1]-[C:2],"[1, 2]","[1, 2]",Cc1ccc([N+](=O)[O-])[cH:1]c1C,1,C[CH3:2],2,acid,3,iodide,4,Cc1ccc([N+](=O)[O-])c(C(=O)O)c1C,90564-16-2,336,ENA769495507-500MG,CCI,75-03-6,24.00,I7780-5G
CCC1=C([N+](=O)[O-])C=CC(C)=C1C,Cc1ccc([N+](=O)[O-])[c:1]([CH2:2]C)c1C,[c:1]-[C:2],"[1, 2]","[1, 2]",Cc1ccc([N+](=O)[O-])[cH:1]c1C,1,C[CH3:2],2,acid,3,boronate,4,Cc1ccc([N+](=O)[O-])c(C(=O)O)c1C,90564-16-2,336,ENA769495507-500MG,CCB(O)O,,66.00,CDS003542-250MG
CCC1=C([N+](=O)[O-])C=CC(C)=C1C,Cc1ccc([N+](=O)[O-])[c:1]([CH2:2]C)c1C,[c:1]-[C:2],"[1, 2]","[1, 2]",Cc1ccc([N+](=O)[O-])[cH:1]c1C,1,C[CH3:2],2,chloride,3,hydrogen,4,Cc1ccc([N+](=O)[O-])c(Cl)c1C,52328-28-6,561.75,ENAH38A2BC54-5G,CC,74-84-0,463.00,295302-110G
CCC1=C([N+](=O)[O-])C=CC(C)=C1C,Cc1ccc([N+](=O)[O-])[c:1]([CH2:2]C)c1C,[c:1]-[C:2],"[1, 2]","[1, 2]",Cc1ccc([N+](=O)[O-])[cH:1]c1C,1,C[CH3:2],2,chloride,3,alcohol,4,Cc1ccc([N+](=O)[O-])c(Cl)c1C,52328-28-6,561.75,ENAH38A2BC54-5G,CCO,64-17-5,74.00,2858-240ML
CCC1=C([N+](=O)[O-])C=CC(C)=C1C,Cc1ccc([N+](=O)[O-])[c:1]([CH2:2]C)c1C,[c:1]-[C:2],"[1, 2]","[1, 2]",Cc1ccc([N+](=O)[O-])[cH:1]c1C,1,C[CH3:2],2,chloride,3,amine,4,Cc1ccc([N+](=O)[O-])c(Cl)c1C,52328-28-6,561.75,ENAH38A2BC54-5G,CCN,75-04-7,20.70,471208-100ML
CCC1=C([N+](=O)[O-])C=CC(C)=C1C,Cc1ccc([N+](=O)[O-])[c:1]([CH2:2]C)c1C,[c:1]-[C:2],"[1, 2]","[1, 2]",Cc1ccc([N+](=O)[O-])[cH:1]c1C,1,C[CH3:2],2,chloride,3,acid,4,Cc1ccc([N+](=O)[O-])c(Cl)c1C,52328-28-6,561.75,ENAH38A2BC54-5G,CCC(=O)O,79-09-4,37.90,P5561-1L
CCC1=C([N+](=O)[O-])C=CC(C)=C1C,Cc1ccc([N+](=O)[O-])[c:1]([CH2:2]C)c1C,[c:1]-[C:2],"[1, 2]","[1, 2]",Cc1ccc([N+](=O)[O-])[cH:1]c1C,1,C[CH3:2],2,chloride,3,chloride,4,Cc1ccc([N+](=O)[O-])c(Cl)c1C,52328-28-6,561.75,ENAH38A2BC54-5G,CCCl,75-00-3,178.00,295310-1KG
CCC1=C([N+](=O)[O-])C=CC(C)=C1C,Cc1ccc([N+](=O)[O-])[c:1]([CH2:2]C)c1C,[c:1]-[C:2],"[1, 2]","[1, 2]",Cc1ccc([N+](=O)[O-])[cH:1]c1C,1,C[CH3:2],2,chloride,3,bromide,4,Cc1ccc([N+](=O)[O-])c(Cl)c1C,52328-28-6,561.75,ENAH38A2BC54-5G,CCBr,74-96-4,55.70,239607-50G
CCC1=C([N+](=O)[O-])C=CC(C)=C1C,Cc1ccc([N+](=O)[O-])[c:1]([CH2:2]C)c1C,[c:1]-[C:2],"[1, 2]","[1, 2]",Cc1ccc([N+](=O)[O-])[cH:1]c1C,1,C[CH3:2],2,chloride,3,iodide,4,Cc1ccc([N+](=O)[O-])c(Cl)c1C,52328-28-6,561.75,ENAH38A2BC54-5G,CCI,75-03-6,24.00,I7780-5G
CCC1=C([N+](=O)[O-])C=CC(C)=C1C,Cc1ccc([N+](=O)[O-])[c:1]([CH2:2]C)c1C,[c:1]-[C:2],"[1, 2]","[1, 2]",Cc1ccc([N+](=O)[O-])[cH:1]c1C,1,C[CH3:2],2,chloride,3,boronate,4,Cc1ccc([N+](=O)[O-])c(Cl)c1C,52328-28-6,561.75,ENAH38A2BC54-5G,CCB(O)O,,66.00,CDS003542-250MG
CCC(C)(CS)NC(=O)C(C)(C)C,CC[C:1](C)(CS)[NH:2]C(=O)C(C)(C)C,[C:1]-[N:2],"[1, 2]","[1, 2]",CC[CH:1](C)CS,1,CC(C)(C)C(=O)[NH2:2],2,hydrogen,3,hydrogen,4,CCC(C)CS,1878-18-8,182.00,W330302-25G,CC(C)(C)C(N)=O,754-10-9,92.00,T71609-25G
CCC(C)(CS)NC(=O)C(C)(C)C,CC[C:1](C)(CS)[NH:2]C(=O)C(C)(C)C,[C:1]-[N:2],"[1, 2]","[1, 2]",CC[CH:1](C)CS,1,CC(C)(C)C(=O)[NH2:2],2,hydrogen,3,alcohol,4,CCC(C)CS,1878-18-8,182.00,W330302-25G,CC(C)(C)C(=O)NO,29740-67-8,69.3,ENA308584128-100MG
CCC(C)(CS)NC(=O)C(C)(C)C,CC[C:1](C)(CS)[NH:2]C(=O)C(C)(C)C,[C:1]-[N:2],"[1, 2]","[1, 2]",CC[CH:1](C)CS,1,CC(C)(C)C(=O)[NH2:2],2,hydrogen,3,amine,4,CCC(C)CS,1878-18-8,182.00,W330302-25G,CC(C)(C)C(=O)NN,,49.70,CDS004742-100MG
CC(C)C(C)N1CCN(C)CC1,CN1CCN([CH:2](C)[CH:1](C)C)CC1,[C:1]-[C:2],"[1, 2]","[1, 2]",C[CH2:1]C,1,CN1CCN([CH2:2]C)CC1,2,hydrogen,3,hydrogen,4,CCC,74-98-6,360.00,536172-145G,CCN1CCN(C)CC1,49860-76-6,238.7,AMBH93D535D0-5G
CC(C)C(C)N1CCN(C)CC1,CN1CCN([CH:2](C)[CH:1](C)C)CC1,[C:1]-[C:2],"[1, 2]","[1, 2]",C[CH2:1]C,1,CN1CCN([CH2:2]C)CC1,2,hydrogen,3,acid,4,CCC,74-98-6,360.00,536172-145G,CC(C(=O)O)N1CCN(C)CC1,938146-50-0,300,COMH042375E0-1G
CC(C)C(C)N1CCN(C)CC1,CN1CCN([CH:2](C)[CH:1](C)C)CC1,[C:1]-[C:2],"[1, 2]","[1, 2]",C[CH2:1]C,1,CN1CCN([CH2:2]C)CC1,2,alcohol,3,hydrogen,4,CC(C)O,67-63-0,366.00,1570428-3AMP,CCN1CCN(C)CC1,49860-76-6,238.7,AMBH93D535D0-5G
CC(C)C(C)N1CCN(C)CC1,CN1CCN([CH:2](C)[CH:1](C)C)CC1,[C:1]-[C:2],"[1, 2]","[1, 2]",C[CH2:1]C,1,CN1CCN([CH2:2]C)CC1,2,alcohol,3,acid,4,CC(C)O,67-63-0,366.00,1570428-3AMP,CC(C(=O)O)N1CCN(C)CC1,938146-50-0,300,COMH042375E0-1G
CC(C)C(C)N1CCN(C)CC1,CN1CCN([CH:2](C)[CH:1](C)C)CC1,[C:1]-[C:2],"[1, 2]","[1, 2]",C[CH2:1]C,1,CN1CCN([CH2:2]C)CC1,2,amine,3,hydrogen,4,CC(C)N,75-31-0,20.50,471291-25ML,CCN1CCN(C)CC1,49860-76-6,238.7,AMBH93D535D0-5G
CC(C)C(C)N1CCN(C)CC1,CN1CCN([CH:2](C)[CH:1](C)C)CC1,[C:1]-[C:2],"[1, 2]","[1, 2]",C[CH2:1]C,1,CN1CCN([CH2:2]C)CC1,2,amine,3,acid,4,CC(C)N,75-31-0,20.50,471291-25ML,CC(C(=O)O)N1CCN(C)CC1,938146-50-0,300,COMH042375E0-1G
CC(C)C(C)N1CCN(C)CC1,CN1CCN([CH:2](C)[CH:1](C)C)CC1,[C:1]-[C:2],"[1, 2]","[1, 2]",C[CH2:1]C,1,CN1CCN([CH2:2]C)CC1,2,acid,3,hydrogen,4,CC(C)C(=O)O,79-31-2,34.80,I1754-100ML,CCN1CCN(C)CC1,49860-76-6,238.7,AMBH93D535D0-5G
CC(C)C(C)N1CCN(C)CC1,CN1CCN([CH:2](C)[CH:1](C)C)CC1,[C:1]-[C:2],"[1, 2]","[1, 2]",C[CH2:1]C,1,CN1CCN([CH2:2]C)CC1,2,acid,3,acid,4,CC(C)C(=O)O,79-31-2,34.80,I1754-100ML,CC(C(=O)O)N1CCN(C)CC1,938146-50-0,300,COMH042375E0-1G
CC(C)C(C)N1CCN(C)CC1,CN1CCN([CH:2](C)[CH:1](C)C)CC1,[C:1]-[C:2],"[1, 2]","[1, 2]",C[CH2:1]C,1,CN1CCN([CH2:2]C)CC1,2,chloride,3,hydrogen,4,CC(C)Cl,75-29-6,31.10,240613-100ML,CCN1CCN(C)CC1,49860-76-6,238.7,AMBH93D535D0-5G
CC(C)C(C)N1CCN(C)CC1,CN1CCN([CH:2](C)[CH:1](C)C)CC1,[C:1]-[C:2],"[1, 2]","[1, 2]",C[CH2:1]C,1,CN1CCN([CH2:2]C)CC1,2,chloride,3,acid,4,CC(C)Cl,75-29-6,31.10,240613-100ML,CC(C(=O)O)N1CCN(C)CC1,938146-50-0,300,COMH042375E0-1G
CC(C)C(C)N1CCN(C)CC1,CN1CCN([CH:2](C)[CH:1](C)C)CC1,[C:1]-[C:2],"[1, 2]","[1, 2]",C[CH2:1]C,1,CN1CCN([CH2:2]C)CC1,2,bromide,3,hydrogen,4,CC(C)Br,75-26-3,23.10,B78114-100G,CCN1CCN(C)CC1,49860-76-6,238.7,AMBH93D535D0-5G
CC(C)C(C)N1CCN(C)CC1,CN1CCN([CH:2](C)[CH:1](C)C)CC1,[C:1]-[C:2],"[1, 2]","[1, 2]",C[CH2:1]C,1,CN1CCN([CH2:2]C)CC1,2,bromide,3,acid,4,CC(C)Br,75-26-3,23.10,B78114-100G,CC(C(=O)O)N1CCN(C)CC1,938146-50-0,300,COMH042375E0-1G
CC(C)C(C)N1CCN(C)CC1,CN1CCN([CH:2](C)[CH:1](C)C)CC1,[C:1]-[C:2],"[1, 2]","[1, 2]",C[CH2:1]C,1,CN1CCN([CH2:2]C)CC1,2,iodide,3,hydrogen,4,CC(C)I,75-30-9,26.10,148938-5G,CCN1CCN(C)CC1,49860-76-6,238.7,AMBH93D535D0-5G
CC(C)C(C)N1CCN(C)CC1,CN1CCN([CH:2](C)[CH:1](C)C)CC1,[C:1]-[C:2],"[1, 2]","[1, 2]",C[CH2:1]C,1,CN1CCN([CH2:2]C)CC1,2,iodide,3,acid,4,CC(C)I,75-30-9,26.10,148938-5G,CC(C(=O)O)N1CCN(C)CC1,938146-50-0,300,COMH042375E0-1G
CC(C)C(C)N1CCN(C)CC1,CN1CCN([CH:2](C)[CH:1](C)C)CC1,[C:1]-[C:2],"[1, 2]","[1, 2]",C[CH2:1]C,1,CN1CCN([CH2:2]C)CC1,2,boronate,3,hydrogen,4,CC(C)B(O)O,80041-89-0,44.70,648787-1G,CCN1CCN(C)CC1,49860-76-6,238.7,AMBH93D535D0-5G
CC(C)C(C)N1CCN(C)CC1,CN1CCN([CH:2](C)[CH:1](C)C)CC1,[C:1]-[C:2],"[1, 2]","[1, 2]",C[CH2:1]C,1,CN1CCN([CH2:2]C)CC1,2,boronate,3,acid,4,CC(C)B(O)O,80041-89-0,44.70,648787-1G,CC(C(=O)O)N1CCN(C)CC1,938146-50-0,300,COMH042375E0-1G
CC(C)C(C)N1CCN(C)CC1,CC(C)[CH:1](N1CCN(C)CC1)[CH3:2],[C:1]-[C:2],"[1, 2]","[1, 2]",CC(C)[CH2:1]N1CCN(C)CC1,1,[CH4:2],2,acid,3,hydrogen,4,CC(C)C(C(=O)O)N1CCN(C)CC1,938251-34-4,404.25,ENA245485607-1G,C,74-82-8,1610.00,463035-24L
CC(C)C(C)N1CCN(C)CC1,CC(C)[CH:1](N1CCN(C)CC1)[CH3:2],[C:1]-[C:2],"[1, 2]","[1, 2]",CC(C)[CH2:1]N1CCN(C)CC1,1,[CH4:2],2,acid,3,alcohol,4,CC(C)C(C(=O)O)N1CCN(C)CC1,938251-34-4,404.25,ENA245485607-1G,CO,67-56-1,30.20,M3641-500ML
CC(C)C(C)N1CCN(C)CC1,CC(C)[CH:1](N1CCN(C)CC1)[CH3:2],[C:1]-[C:2],"[1, 2]","[1, 2]",CC(C)[CH2:1]N1CCN(C)CC1,1,[CH4:2],2,acid,3,amine,4,CC(C)C(C(=O)O)N1CCN(C)CC1,938251-34-4,404.25,ENA245485607-1G,CN,74-89-5,40.10,534102-250ML
CC(C)C(C)N1CCN(C)CC1,CC(C)[CH:1](N1CCN(C)CC1)[CH3:2],[C:1]-[C:2],"[1, 2]","[1, 2]",CC(C)[CH2:1]N1CCN(C)CC1,1,[CH4:2],2,acid,3,acid,4,CC(C)C(C(=O)O)N1CCN(C)CC1,938251-34-4,404.25,ENA245485607-1G,CC(=O)O,64-19-7,67.00,W200611-1KG-K
CC(C)C(C)N1CCN(C)CC1,CC(C)[CH:1](N1CCN(C)CC1)[CH3:2],[C:1]-[C:2],"[1, 2]","[1, 2]",CC(C)[CH2:1]N1CCN(C)CC1,1,[CH4:2],2,acid,3,chloride,4,CC(C)C(C(=O)O)N1CCN(C)CC1,938251-34-4,404.25,ENA245485607-1G,CCl,74-87-3,252.00,294799-200ML
CC(C)C(C)N1CCN(C)CC1,CC(C)[CH:1](N1CCN(C)CC1)[CH3:2],[C:1]-[C:2],"[1, 2]","[1, 2]",CC(C)[CH2:1]N1CCN(C)CC1,1,[CH4:2],2,acid,3,bromide,4,CC(C)C(C(=O)O)N1CCN(C)CC1,938251-34-4,404.25,ENA245485607-1G,CBr,74-83-9,24.10,48624
CC(C)C(C)N1CCN(C)CC1,CC(C)[CH:1](N1CCN(C)CC1)[CH3:2],[C:1]-[C:2],"[1, 2]","[1, 2]",CC(C)[CH2:1]N1CCN(C)CC1,1,[CH4:2],2,acid,3,iodide,4,CC(C)C(C(=O)O)N1CCN(C)CC1,938251-34-4,404.25,ENA245485607-1G,CI,74-88-4,112.00,456756-100ML
CC(C)C(C)N1CCN(C)CC1,CC(C)[CH:1](N1CCN(C)CC1)[CH3:2],[C:1]-[C:2],"[1, 2]","[1, 2]",CC(C)[CH2:1]N1CCN(C)CC1,1,[CH4:2],2,acid,3,boronate,4,CC(C)C(C(=O)O)N1CCN(C)CC1,938251-34-4,404.25,ENA245485607-1G,CB(O)O,13061-96-6,43.80,165336-1G
CC(C)C(C)N1CCN(C)CC1,CC(C)[CH:1](C)[N:2]1CCN(C)CC1,[C:1]-[N:2],"[1, 2]","[1, 2]",CC(C)[CH2:1]C,1,CN1CC[NH:2]CC1,2,hydrogen,3,hydrogen,4,CCC(C)C,78-78-4,88.20,277258-100ML,CN1CCNCC1,109-01-3,28.40,130001-5G
CC(C)C(C)N1CCN(C)CC1,CC(C)[CH:1](C)[N:2]1CCN(C)CC1,[C:1]-[N:2],"[1, 2]","[1, 2]",CC(C)[CH2:1]C,1,CN1CC[NH:2]CC1,2,hydrogen,3,amine,4,CCC(C)C,78-78-4,88.20,277258-100ML,CN1CCN(N)CC1,6928-85-4,53.90,255688-25G
O=CC1=CC(C=O)=CC(CO)=C1,O=Cc1cc(CO)c[c:1]([CH:2]=O)c1,[c:1]-[C:2],"[1, 2]","[1, 2]",O=Cc1cc(CO)c[cH:1]c1,1,O=[CH2:2],2,hydrogen,3,hydrogen,4,O=Cc1cccc(CO)c1,52010-98-7,1552.5,ADVH7F3800FA-5G,C=O,50-00-0,28.90,252549-25ML
O=CC1=CC(C=O)=CC(CO)=C1,O=Cc1cc(CO)c[c:1]([CH:2]=O)c1,[c:1]-[C:2],"[1, 2]","[1, 2]",O=Cc1cc(CO)c[cH:1]c1,1,O=[CH2:2],2,hydrogen,3,amine,4,O=Cc1cccc(CO)c1,52010-98-7,1552.5,ADVH7F3800FA-5G,NC=O,,133.00,612707-1EA
O=CC1=CC(C=O)=CC(CO)=C1,O=Cc1cc(CO)c[c:1]([CH:2]=O)c1,[c:1]-[C:2],"[1, 2]","[1, 2]",O=Cc1cc(CO)c[cH:1]c1,1,O=[CH2:2],2,hydrogen,3,acid,4,O=Cc1cccc(CO)c1,52010-98-7,1552.5,ADVH7F3800FA-5G,O=CC(=O)O,298-12-4,37.80,260150-250G-A
O=CC1=CC(C=O)=CC(CO)=C1,O=Cc1cc(CO)c[c:1]([CH:2]=O)c1,[c:1]-[C:2],"[1, 2]","[1, 2]",O=Cc1cc(CO)c[cH:1]c1,1,O=[CH2:2],2,iodide,3,hydrogen,4,O=Cc1cc(I)cc(CO)c1,1289064-29-4,564.9,ENAH9082225C-250MG,C=O,50-00-0,28.90,252549-25ML
O=CC1=CC(C=O)=CC(CO)=C1,O=Cc1cc(CO)c[c:1]([CH:2]=O)c1,[c:1]-[C:2],"[1, 2]","[1, 2]",O=Cc1cc(CO)c[cH:1]c1,1,O=[CH2:2],2,iodide,3,amine,4,O=Cc1cc(I)cc(CO)c1,1289064-29-4,564.9,ENAH9082225C-250MG,NC=O,,133.00,612707-1EA
O=CC1=CC(C=O)=CC(CO)=C1,O=Cc1cc(CO)c[c:1]([CH:2]=O)c1,[c:1]-[C:2],"[1, 2]","[1, 2]",O=Cc1cc(CO)c[cH:1]c1,1,O=[CH2:2],2,iodide,3,acid,4,O=Cc1cc(I)cc(CO)c1,1289064-29-4,564.9,ENAH9082225C-250MG,O=CC(=O)O,298-12-4,37.80,260150-250G-A
O=CC1=CC(C=O)=CC(CO)=C1,O=Cc1cc(C=O)c[c:1]([CH2:2]O)c1,[c:1]-[C:2],"[1, 2]","[1, 2]",O=Cc1cc(C=O)c[cH:1]c1,1,O[CH3:2],2,hydrogen,3,hydrogen,4,O=Cc1cccc(C=O)c1,626-19-7,52.50,115282-5G,CO,67-56-1,30.20,M3641-500ML
O=CC1=CC(C=O)=CC(CO)=C1,O=Cc1cc(C=O)c[c:1]([CH2:2]O)c1,[c:1]-[C:2],"[1, 2]","[1, 2]",O=Cc1cc(C=O)c[cH:1]c1,1,O[CH3:2],2,hydrogen,3,acid,4,O=Cc1cccc(C=O)c1,626-19-7,52.50,115282-5G,O=C(O)CO,79-14-1,27.00,G8284-10MG
O=CC1=CC(C=O)=CC(CO)=C1,O=Cc1cc(C=O)c[c:1]([CH2:2]O)c1,[c:1]-[C:2],"[1, 2]","[1, 2]",O=Cc1cc(C=O)c[cH:1]c1,1,O[CH3:2],2,bromide,3,hydrogen,4,O=Cc1cc(Br)cc(C=O)c1,120173-41-3,44,SY3H3D677BB7-1G,CO,67-56-1,30.20,M3641-500ML
O=CC1=CC(C=O)=CC(CO)=C1,O=Cc1cc(C=O)c[c:1]([CH2:2]O)c1,[c:1]-[C:2],"[1, 2]","[1, 2]",O=Cc1cc(C=O)c[cH:1]c1,1,O[CH3:2],2,bromide,3,acid,4,O=Cc1cc(Br)cc(C=O)c1,120173-41-3,44,SY3H3D677BB7-1G,O=C(O)CO,79-14-1,27.00,G8284-10MG
O=CC1=CC(C=O)=CC(CO)=C1,O=Cc1cc(C=O)c[c:1]([CH2:2]O)c1,[c:1]-[C:2],"[1, 2]","[1, 2]",O=Cc1cc(C=O)c[cH:1]c1,1,O[CH3:2],2,iodide,3,hydrogen,4,O=Cc1cc(I)cc(C=O)c1,859238-51-0,688.8,ENAH90822761-1G,CO,67-56-1,30.20,M3641-500ML
O=CC1=CC(C=O)=CC(CO)=C1,O=Cc1cc(C=O)c[c:1]([CH2:2]O)c1,[c:1]-[C:2],"[1, 2]","[1, 2]",O=Cc1cc(C=O)c[cH:1]c1,1,O[CH3:2],2,iodide,3,acid,4,O=Cc1cc(I)cc(C=O)c1,859238-51-0,688.8,ENAH90822761-1G,O=C(O)CO,79-14-1,27.00,G8284-10MG
O=CC1=CC(C=O)=CC(CO)=C1,O=Cc1cc(C=O)c[c:1]([CH2:2]O)c1,[c:1]-[C:2],"[1, 2]","[1, 2]",O=Cc1cc(C=O)c[cH:1]c1,1,O[CH3:2],2,boronate,3,hydrogen,4,O=Cc1cc(C=O)cc(B(O)O)c1,480424-62-2,380.00,567485-1G,CO,67-56-1,30.20,M3641-500ML
O=CC1=CC(C=O)=CC(CO)=C1,O=Cc1cc(C=O)c[c:1]([CH2:2]O)c1,[c:1]-[C:2],"[1, 2]","[1, 2]",O=Cc1cc(C=O)c[cH:1]c1,1,O[CH3:2],2,boronate,3,acid,4,O=Cc1cc(C=O)cc(B(O)O)c1,480424-62-2,380.00,567485-1G,O=C(O)CO,79-14-1,27.00,G8284-10MG
O=CC1=CC(C=O)=CC(CO)=C1,O=Cc1cc(C=O)cc([CH2:1][OH:2])c1,[C:1]-[O:2],"[1, 2]","[1, 2]",O=Cc1cc(C=O)cc([CH3:1])c1,1,[OH2:2],2,hydrogen,3,hydrogen,4,Cc1cc(C=O)cc(C=O)c1,1805-67-0,2835,ENA947416501-10G,O,7732-18-5,12.30,W3500-100ML
O=CC1=CC(C=O)=CC(CO)=C1,O=Cc1cc(C=O)cc([CH2:1][OH:2])c1,[C:1]-[O:2],"[1, 2]","[1, 2]",O=Cc1cc(C=O)cc([CH3:1])c1,1,[OH2:2],2,hydrogen,3,alcohol,4,Cc1cc(C=O)cc(C=O)c1,1805-67-0,2835,ENA947416501-10G,OO,7722-84-1,45.20,H1009-5ML
O=CC1=CC(C=O)=CC(CO)=C1,O=Cc1cc(C=O)cc([CH2:1][OH:2])c1,[C:1]-[O:2],"[1, 2]","[1, 2]",O=Cc1cc(C=O)cc([CH3:1])c1,1,[OH2:2],2,hydrogen,3,amine,4,Cc1cc(C=O)cc(C=O)c1,1805-67-0,2835,ENA947416501-10G,NO,7803-49-8,42.80,467804-10ML
O=CC1=CC(C=O)=CC(CO)=C1,O=Cc1cc(C=O)cc([CH2:1][OH:2])c1,[C:1]-[O:2],"[1, 2]","[1, 2]",O=Cc1cc(C=O)cc([CH3:1])c1,1,[OH2:2],2,hydrogen,3,boronate,4,Cc1cc(C=O)cc(C=O)c1,1805-67-0,2835,ENA947416501-10G,OB(O)O,10043-35-3,55.30,B6768-500G
CC(C)C(C)N1CCC(N(C)C)C1,CC(C)[CH:1](C)[N:2]1CCC(N(C)C)C1,[C:1]-[N:2],"[1, 2]","[1, 2]",CC(C)[CH2:1]C,1,CN(C)C1CC[NH:2]C1,2,hydrogen,3,hydrogen,4,CCC(C)C,78-78-4,88.20,277258-100ML,CN(C)C1CCNC1,69478-75-7,62.5,COM448657446-1G
COC1=CC=C2NC=C(CC(C)(C)C=O)C2=C1,COc1ccc2[nH]c[c:1]([CH2:2]C(C)(C)C=O)c2c1,[c:1]-[C:2],"[1, 2]","[1, 2]",COc1ccc2[nH]c[cH:1]c2c1,1,CC(C)(C=O)[CH3:2],2,hydrogen,3,hydrogen,4,COc1ccc2[nH]ccc2c1,1006-94-6,34.90,M14900-1G,CC(C)(C)C=O,630-19-3,51.60,T71501-5ML
COC1=CC=C2NC=C(CC(C)(C)C=O)C2=C1,COc1ccc2[nH]c[c:1]([CH2:2]C(C)(C)C=O)c2c1,[c:1]-[C:2],"[1, 2]","[1, 2]",COc1ccc2[nH]c[cH:1]c2c1,1,CC(C)(C=O)[CH3:2],2,acid,3,hydrogen,4,COc1ccc2[nH]cc(C(=O)O)c2c1,,55.10,CDS004281-100MG,CC(C)(C)C=O,630-19-3,51.60,T71501-5ML
COC1=CC=C2NC=C(CC(C)(C)C=O)C2=C1,COc1ccc2[nH]c[c:1]([CH2:2]C(C)(C)C=O)c2c1,[c:1]-[C:2],"[1, 2]","[1, 2]",COc1ccc2[nH]c[cH:1]c2c1,1,CC(C)(C=O)[CH3:2],2,bromide,3,hydrogen,4,COc1ccc2[nH]cc(Br)c2c1,85092-83-7,1412.5,COMH04233352-10G,CC(C)(C)C=O,630-19-3,51.60,T71501-5ML
COC1=CC=C2NC=C(CC(C)(C)C=O)C2=C1,COc1ccc2[nH]cc([CH2:1][C:2](C)(C)C=O)c2c1,[C:1]-[C:2],"[1, 2]","[1, 2]",COc1ccc2[nH]cc([CH3:1])c2c1,1,C[CH:2](C)C=O,2,alcohol,3,hydrogen,4,COc1ccc2[nH]cc(CO)c2c1,77419-78-4,246.4,APO414278969-1G,CC(C)C=O,78-84-2,27.50,538205-100ML
COC1=CC=C2NC=C(CC(C)(C)C=O)C2=C1,COc1ccc2[nH]cc([CH2:1][C:2](C)(C)C=O)c2c1,[C:1]-[C:2],"[1, 2]","[1, 2]",COc1ccc2[nH]cc([CH3:1])c2c1,1,C[CH:2](C)C=O,2,alcohol,3,bromide,4,COc1ccc2[nH]cc(CO)c2c1,77419-78-4,246.4,APO414278969-1G,CC(C)(Br)C=O,13206-46-7,172.5,AC5H5815FC25-250MG
COC1=CC=C2NC=C(CC(C)(C)C=O)C2=C1,COc1ccc2[nH]cc([CH2:1][C:2](C)(C)C=O)c2c1,[C:1]-[C:2],"[1, 2]","[1, 2]",COc1ccc2[nH]cc([CH3:1])c2c1,1,C[CH:2](C)C=O,2,amine,3,hydrogen,4,COc1ccc2[nH]cc(CN)c2c1,60523-82-2,209,SY3H7CF2B278-250MG,CC(C)C=O,78-84-2,27.50,538205-100ML
COC1=CC=C2NC=C(CC(C)(C)C=O)C2=C1,COc1ccc2[nH]cc([CH2:1][C:2](C)(C)C=O)c2c1,[C:1]-[C:2],"[1, 2]","[1, 2]",COc1ccc2[nH]cc([CH3:1])c2c1,1,C[CH:2](C)C=O,2,amine,3,bromide,4,COc1ccc2[nH]cc(CN)c2c1,60523-82-2,209,SY3H7CF2B278-250MG,CC(C)(Br)C=O,13206-46-7,172.5,AC5H5815FC25-250MG
COC1=CC=C2NC=C(CC(C)(C)C=O)C2=C1,COc1ccc2[nH]cc([CH2:1][C:2](C)(C)C=O)c2c1,[C:1]-[C:2],"[1, 2]","[1, 2]",COc1ccc2[nH]cc([CH3:1])c2c1,1,C[CH:2](C)C=O,2,acid,3,hydrogen,4,COc1ccc2[nH]cc(CC(=O)O)c2c1,3471-31-6,137.00,M14935-1G,CC(C)C=O,78-84-2,27.50,538205-100ML
COC1=CC=C2NC=C(CC(C)(C)C=O)C2=C1,COc1ccc2[nH]cc([CH2:1][C:2](C)(C)C=O)c2c1,[C:1]-[C:2],"[1, 2]","[1, 2]",COc1ccc2[nH]cc([CH3:1])c2c1,1,C[CH:2](C)C=O,2,acid,3,bromide,4,COc1ccc2[nH]cc(CC(=O)O)c2c1,3471-31-6,137.00,M14935-1G,CC(C)(Br)C=O,13206-46-7,172.5,AC5H5815FC25-250MG
CC1=CC(CF)=NN1C,Cc1c[c:1]([CH2:2]F)nn1C,[c:1]-[C:2],"[1, 2]","[1, 2]",Cc1c[cH:1]nn1C,1,F[CH3:2],2,hydrogen,3,acid,4,Cc1ccnn1C,694-31-5,8.8,AMBH303C6220-1G,O=C(O)CF,144-49-0,108.00,796875-250MG
CC1=CC(CF)=NN1C,Cc1c[c:1]([CH2:2]F)nn1C,[c:1]-[C:2],"[1, 2]","[1, 2]",Cc1c[cH:1]nn1C,1,F[CH3:2],2,alcohol,3,acid,4,Cc1cc(O)nn1C,3201-28-3,142.8,ENA341296614-100MG,O=C(O)CF,144-49-0,108.00,796875-250MG
CC1=CC(CF)=NN1C,Cc1c[c:1]([CH2:2]F)nn1C,[c:1]-[C:2],"[1, 2]","[1, 2]",Cc1c[cH:1]nn1C,1,F[CH3:2],2,amine,3,acid,4,Cc1cc(N)nn1C,35100-92-6,110,SY3H3D67B9E0-1G,O=C(O)CF,144-49-0,108.00,796875-250MG
CC1=CC(CF)=NN1C,Cc1c[c:1]([CH2:2]F)nn1C,[c:1]-[C:2],"[1, 2]","[1, 2]",Cc1c[cH:1]nn1C,1,F[CH3:2],2,acid,3,acid,4,Cc1cc(C(=O)O)nn1C,5744-59-2,89.50,722359-1G,O=C(O)CF,144-49-0,108.00,796875-250MG
CC1=CC(CF)=NN1C,Cc1c[c:1]([CH2:2]F)nn1C,[c:1]-[C:2],"[1, 2]","[1, 2]",Cc1c[cH:1]nn1C,1,F[CH3:2],2,chloride,3,acid,4,Cc1cc(Cl)nn1C,51500-32-4,248.6,AMBH324ABAD8-100MG,O=C(O)CF,144-49-0,108.00,796875-250MG
CC1=CC(CF)=NN1C,Cc1c[c:1]([CH2:2]F)nn1C,[c:1]-[C:2],"[1, 2]","[1, 2]",Cc1c[cH:1]nn1C,1,F[CH3:2],2,bromide,3,acid,4,Cc1cc(Br)nn1C,5744-80-9,172.7,AMBH2D6F8C21-1G,O=C(O)CF,144-49-0,108.00,796875-250MG
CC1=CC(CF)=NN1C,Cc1c[c:1]([CH2:2]F)nn1C,[c:1]-[C:2],"[1, 2]","[1, 2]",Cc1c[cH:1]nn1C,1,F[CH3:2],2,iodide,3,acid,4,Cc1cc(I)nn1C,1354706-38-9,749.7,ENA370563414-1G,O=C(O)CF,144-49-0,108.00,796875-250MG
COC1=CC=CC=C1OCCNC(=O)COC(=O)C1=CC([N+](=O)[O-])=CC=C1N(C)C,COc1ccccc1OCCNC(=O)[CH2:1][O:2]C(=O)c1cc([N+](=O)[O-])ccc1N(C)C,[C:1]-[O:2],"[1, 2]","[1, 2]",COc1ccccc1OCCNC(=O)[CH3:1],1,CN(C)c1ccc([N+](=O)[O-])cc1C(=O)[OH:2],2,hydrogen,3,hydrogen,4,COc1ccccc1OCCNC(C)=O,,413.00,TMT00409-1G,CN(C)c1ccc([N+](=O)[O-])cc1C(=O)O,4405-28-1,404.25,ENA024295884-1G
CCCCCCC(C)CC(C)C(C)=O,CCCC[CH2:1][CH2:2]C(C)CC(C)C(C)=O,[C:1]-[C:2],"[1, 2]","[1, 2]",CCCC[CH3:1],1,CC(=O)C(C)CC(C)[CH3:2],2,hydrogen,3,hydrogen,4,CCCCC,109-66-0,38.00,236705-100ML,CC(=O)C(C)CC(C)C,40239-21-2,109.2,ENAH11DD0C12-100MG
CCCCCCC(C)CC(C)C(C)=O,CCCC[CH2:1][CH2:2]C(C)CC(C)C(C)=O,[C:1]-[C:2],"[1, 2]","[1, 2]",CCCC[CH3:1],1,CC(=O)C(C)CC(C)[CH3:2],2,alcohol,3,hydrogen,4,CCCCCO,71-41-0,89.80,398268-500ML,CC(=O)C(C)CC(C)C,40239-21-2,109.2,ENAH11DD0C12-100MG
CCCCCCC(C)CC(C)C(C)=O,CCCC[CH2:1][CH2:2]C(C)CC(C)C(C)=O,[C:1]-[C:2],"[1, 2]","[1, 2]",CCCC[CH3:1],1,CC(=O)C(C)CC(C)[CH3:2],2,amine,3,hydrogen,4,CCCCCN,,47.00,473316-100ML,CC(=O)C(C)CC(C)C,40239-21-2,109.2,ENAH11DD0C12-100MG
CCCCCCC(C)CC(C)C(C)=O,CCCC[CH2:1][CH2:2]C(C)CC(C)C(C)=O,[C:1]-[C:2],"[1, 2]","[1, 2]",CCCC[CH3:1],1,CC(=O)C(C)CC(C)[CH3:2],2,acid,3,hydrogen,4,CCCCCC(=O)O,142-62-1,13.20,153745-2.5G,CC(=O)C(C)CC(C)C,40239-21-2,109.2,ENAH11DD0C12-100MG
CCCCCCC(C)CC(C)C(C)=O,CCCC[CH2:1][CH2:2]C(C)CC(C)C(C)=O,[C:1]-[C:2],"[1, 2]","[1, 2]",CCCC[CH3:1],1,CC(=O)C(C)CC(C)[CH3:2],2,chloride,3,hydrogen,4,CCCCCCl,543-59-9,40.40,238376-100ML,CC(=O)C(C)CC(C)C,40239-21-2,109.2,ENAH11DD0C12-100MG
CCCCCCC(C)CC(C)C(C)=O,CCCC[CH2:1][CH2:2]C(C)CC(C)C(C)=O,[C:1]-[C:2],"[1, 2]","[1, 2]",CCCC[CH3:1],1,CC(=O)C(C)CC(C)[CH3:2],2,bromide,3,hydrogen,4,CCCCCBr,110-53-2,24.60,117811-5G,CC(=O)C(C)CC(C)C,40239-21-2,109.2,ENAH11DD0C12-100MG
CCCCCCC(C)CC(C)C(C)=O,CCCC[CH2:1][CH2:2]C(C)CC(C)C(C)=O,[C:1]-[C:2],"[1, 2]","[1, 2]",CCCC[CH3:1],1,CC(=O)C(C)CC(C)[CH3:2],2,iodide,3,hydrogen,4,CCCCCI,628-17-1,34.90,241946-25G,CC(=O)C(C)CC(C)C,40239-21-2,109.2,ENAH11DD0C12-100MG
CCCCCCC(C)CC(C)C(C)=O,CCCC[CH2:1][CH2:2]C(C)CC(C)C(C)=O,[C:1]-[C:2],"[1, 2]","[1, 2]",CCCC[CH3:1],1,CC(=O)C(C)CC(C)[CH3:2],2,boronate,3,hydrogen,4,CCCCCB(O)O,4737-50-2,66,SY3H3249FA7A-10G,CC(=O)C(C)CC(C)C,40239-21-2,109.2,ENAH11DD0C12-100MG
CCCCCCC(C)CC(C)C(C)=O,CCCCC[CH2:1][CH:2](C)CC(C)C(C)=O,[C:1]-[C:2],"[1, 2]","[1, 2]",CCCCC[CH3:1],1,CC(=O)C(C)C[CH2:2]C,2,hydrogen,3,hydrogen,4,CCCCCC,110-54-3,141.00,248878-2L,CCCC(C)C(C)=O,2550-21-2,538.65,ENAH11DD0C15-1G
CCCCCCC(C)CC(C)C(C)=O,CCCCC[CH2:1][CH:2](C)CC(C)C(C)=O,[C:1]-[C:2],"[1, 2]","[1, 2]",CCCCC[CH3:1],1,CC(=O)C(C)C[CH2:2]C,2,alcohol,3,hydrogen,4,CCCCCCO,111-27-3,119.00,W256714-100G-K,CCCC(C)C(C)=O,2550-21-2,538.65,ENAH11DD0C15-1G
CCCCCCC(C)CC(C)C(C)=O,CCCCC[CH2:1][CH:2](C)CC(C)C(C)=O,[C:1]-[C:2],"[1, 2]","[1, 2]",CCCCC[CH3:1],1,CC(=O)C(C)C[CH2:2]C,2,amine,3,hydrogen,4,CCCCCCN,111-26-2,15.00,219703-5ML,CCCC(C)C(C)=O,2550-21-2,538.65,ENAH11DD0C15-1G
CCCCCCC(C)CC(C)C(C)=O,CCCCC[CH2:1][CH:2](C)CC(C)C(C)=O,[C:1]-[C:2],"[1, 2]","[1, 2]",CCCCC[CH3:1],1,CC(=O)C(C)C[CH2:2]C,2,acid,3,hydrogen,4,CCCCCCC(=O)O,111-14-8,29.00,146870-100ML,CCCC(C)C(C)=O,2550-21-2,538.65,ENAH11DD0C15-1G
CCCCCCC(C)CC(C)C(C)=O,CCCCC[CH2:1][CH:2](C)CC(C)C(C)=O,[C:1]-[C:2],"[1, 2]","[1, 2]",CCCCC[CH3:1],1,CC(=O)C(C)C[CH2:2]C,2,chloride,3,hydrogen,4,CCCCCCCl,544-10-5,39.20,238465-100ML,CCCC(C)C(C)=O,2550-21-2,538.65,ENAH11DD0C15-1G
CCCCCCC(C)CC(C)C(C)=O,CCCCC[CH2:1][CH:2](C)CC(C)C(C)=O,[C:1]-[C:2],"[1, 2]","[1, 2]",CCCCC[CH3:1],1,CC(=O)C(C)C[CH2:2]C,2,bromide,3,hydrogen,4,CCCCCCBr,111-25-1,20.90,B68240-100G,CCCC(C)C(C)=O,2550-21-2,538.65,ENAH11DD0C15-1G
CCCCCCC(C)CC(C)C(C)=O,CCCCC[CH2:1][CH:2](C)CC(C)C(C)=O,[C:1]-[C:2],"[1, 2]","[1, 2]",CCCCC[CH3:1],1,CC(=O)C(C)C[CH2:2]C,2,iodide,3,hydrogen,4,CCCCCCI,638-45-9,30.80,238287-25G,CCCC(C)C(C)=O,2550-21-2,538.65,ENAH11DD0C15-1G
CCCCCCC(C)CC(C)C(C)=O,CCCCC[CH2:1][CH:2](C)CC(C)C(C)=O,[C:1]-[C:2],"[1, 2]","[1, 2]",CCCCC[CH3:1],1,CC(=O)C(C)C[CH2:2]C,2,boronate,3,hydrogen,4,CCCCCCB(O)O,16343-08-1,22,SY3H3D67E700-1G,CCCC(C)C(C)=O,2550-21-2,538.65,ENAH11DD0C15-1G
CCCCCCC(C)CC(C)C(C)=O,CCCCCC[CH:1](C)[CH2:2]C(C)C(C)=O,[C:1]-[C:2],"[1, 2]","[1, 2]",CCCCCC[CH2:1]C,1,CC(=O)C(C)[CH3:2],2,hydrogen,3,hydrogen,4,CCCCCCCC,111-65-9,153.00,296988-100ML,CC(=O)C(C)C,563-80-4,58.10,537721-250ML
CCCCCCC(C)CC(C)C(C)=O,CCCCCC[CH:1](C)[CH2:2]C(C)C(C)=O,[C:1]-[C:2],"[1, 2]","[1, 2]",CCCCCC[CH2:1]C,1,CC(=O)C(C)[CH3:2],2,hydrogen,3,alcohol,4,CCCCCCCC,111-65-9,153.00,296988-100ML,CC(=O)C(C)CO,3393-64-4,125,COMH93D670BE-250MG
CCCCCCC(C)CC(C)C(C)=O,CCCCCC[CH:1](C)[CH2:2]C(C)C(C)=O,[C:1]-[C:2],"[1, 2]","[1, 2]",CCCCCC[CH2:1]C,1,CC(=O)C(C)[CH3:2],2,hydrogen,3,acid,4,CCCCCCCC,111-65-9,153.00,296988-100ML,CC(=O)C(C)CC(=O)O,,55.10,CDS000200-250MG
CCCCCCC(C)CC(C)C(C)=O,CCCCCC[CH:1](C)[CH2:2]C(C)C(C)=O,[C:1]-[C:2],"[1, 2]","[1, 2]",CCCCCC[CH2:1]C,1,CC(=O)C(C)[CH3:2],2,alcohol,3,hydrogen,4,CCCCCCC(C)O,123-96-6,70.00,W280100-1KG-K,CC(=O)C(C)C,563-80-4,58.10,537721-250ML
CCCCCCC(C)CC(C)C(C)=O,CCCCCC[CH:1](C)[CH2:2]C(C)C(C)=O,[C:1]-[C:2],"[1, 2]","[1, 2]",CCCCCC[CH2:1]C,1,CC(=O)C(C)[CH3:2],2,alcohol,3,alcohol,4,CCCCCCC(C)O,123-96-6,70.00,W280100-1KG-K,CC(=O)C(C)CO,3393-64-4,125,COMH93D670BE-250MG
CCCCCCC(C)CC(C)C(C)=O,CCCCCC[CH:1](C)[CH2:2]C(C)C(C)=O,[C:1]-[C:2],"[1, 2]","[1, 2]",CCCCCC[CH2:1]C,1,CC(=O)C(C)[CH3:2],2,alcohol,3,acid,4,CCCCCCC(C)O,123-96-6,70.00,W280100-1KG-K,CC(=O)C(C)CC(=O)O,,55.10,CDS000200-250MG
CCCCCCC(C)CC(C)C(C)=O,CCCCCC[CH:1](C)[CH2:2]C(C)C(C)=O,[C:1]-[C:2],"[1, 2]","[1, 2]",CCCCCC[CH2:1]C,1,CC(=O)C(C)[CH3:2],2,amine,3,hydrogen,4,CCCCCCC(C)N,693-16-3,37.8,ENA947387033-100MG,CC(=O)C(C)C,563-80-4,58.10,537721-250ML
CCCCCCC(C)CC(C)C(C)=O,CCCCCC[CH:1](C)[CH2:2]C(C)C(C)=O,[C:1]-[C:2],"[1, 2]","[1, 2]",CCCCCC[CH2:1]C,1,CC(=O)C(C)[CH3:2],2,amine,3,alcohol,4,CCCCCCC(C)N,693-16-3,37.8,ENA947387033-100MG,CC(=O)C(C)CO,3393-64-4,125,COMH93D670BE-250MG
CCCCCCC(C)CC(C)C(C)=O,CCCCCC[CH:1](C)[CH2:2]C(C)C(C)=O,[C:1]-[C:2],"[1, 2]","[1, 2]",CCCCCC[CH2:1]C,1,CC(=O)C(C)[CH3:2],2,amine,3,acid,4,CCCCCCC(C)N,693-16-3,37.8,ENA947387033-100MG,CC(=O)C(C)CC(=O)O,,55.10,CDS000200-250MG
CCCCCCC(C)CC(C)C(C)=O,CCCCCC[CH:1](C)[CH2:2]C(C)C(C)=O,[C:1]-[C:2],"[1, 2]","[1, 2]",CCCCCC[CH2:1]C,1,CC(=O)C(C)[CH3:2],2,acid,3,hydrogen,4,CCCCCCC(C)C(=O)O,3004-93-1,821.1,ENA341292976-2.5G,CC(=O)C(C)C,563-80-4,58.10,537721-250ML
CCCCCCC(C)CC(C)C(C)=O,CCCCCC[CH:1](C)[CH2:2]C(C)C(C)=O,[C:1]-[C:2],"[1, 2]","[1, 2]",CCCCCC[CH2:1]C,1,CC(=O)C(C)[CH3:2],2,acid,3,alcohol,4,CCCCCCC(C)C(=O)O,3004-93-1,821.1,ENA341292976-2.5G,CC(=O)C(C)CO,3393-64-4,125,COMH93D670BE-250MG
CCCCCCC(C)CC(C)C(C)=O,CCCCCC[CH:1](C)[CH2:2]C(C)C(C)=O,[C:1]-[C:2],"[1, 2]","[1, 2]",CCCCCC[CH2:1]C,1,CC(=O)C(C)[CH3:2],2,acid,3,acid,4,CCCCCCC(C)C(=O)O,3004-93-1,821.1,ENA341292976-2.5G,CC(=O)C(C)CC(=O)O,,55.10,CDS000200-250MG
CCCCCCC(C)CC(C)C(C)=O,CCCCCCC(C)[CH2:1][CH:2](C)C(C)=O,[C:1]-[C:2],"[1, 2]","[1, 2]",CCCCCCC(C)[CH3:1],1,CC(=O)[CH2:2]C,2,hydrogen,3,hydrogen,4,CCCCCCC(C)C,3221-61-2,440.00,68170-5ML,CCC(C)=O,78-93-3,49.10,02469-5ML
CCCCCCC(C)CC(C)C(C)=O,CCCCCCC(C)[CH2:1][CH:2](C)C(C)=O,[C:1]-[C:2],"[1, 2]","[1, 2]",CCCCCCC(C)[CH3:1],1,CC(=O)[CH2:2]C,2,alcohol,3,hydrogen,4,CCCCCCC(C)CO,818-81-5,112.5,COM638468185-100MG,CCC(C)=O,78-93-3,49.10,02469-5ML
CCCCCCC(C)CC(C)C(C)=O,CCCCCCC(C)[CH2:1][CH:2](C)C(C)=O,[C:1]-[C:2],"[1, 2]","[1, 2]",CCCCCCC(C)[CH3:1],1,CC(=O)[CH2:2]C,2,acid,3,hydrogen,4,CCCCCCC(C)CC(=O)O,,249.00,CDS011550-100MG,CCC(C)=O,78-93-3,49.10,02469-5ML
CC(C)(C)NS(=O)(=O)C(C)(C)Cl,CC(C)(C)N[S:2](=O)(=O)[C:1](C)(C)Cl,[C:1]-[S:2],"[1, 2]","[1, 2]",C[CH:1](C)Cl,1,CC(C)(C)N[SH:2](=O)=O,2,hydrogen,3,amine,4,CC(C)Cl,75-29-6,31.10,240613-100ML,CC(C)(C)NS(N)(=O)=O,49689-97-6,134.4,ENAH03855EDE-100MG
CC(C)(C)NS(=O)(=O)C(C)(C)Cl,CC(C)(C)N[S:2](=O)(=O)[C:1](C)(C)Cl,[C:1]-[S:2],"[1, 2]","[1, 2]",C[CH:1](C)Cl,1,CC(C)(C)N[SH:2](=O)=O,2,acid,3,amine,4,CC(C)(Cl)C(=O)O,594-58-1,159.6,ENA402267298-500MG,CC(C)(C)NS(N)(=O)=O,49689-97-6,134.4,ENAH03855EDE-100MG
CC(C)(C)NS(=O)(=O)C(C)(C)Cl,CC(C)(C)N[S:2](=O)(=O)[C:1](C)(C)Cl,[C:1]-[S:2],"[1, 2]","[1, 2]",C[CH:1](C)Cl,1,CC(C)(C)N[SH:2](=O)=O,2,chloride,3,amine,4,CC(C)(Cl)Cl,594-20-7,58.40,258571-5G,CC(C)(C)NS(N)(=O)=O,49689-97-6,134.4,ENAH03855EDE-100MG
C=CCCC(N)=C[N+](=O)[O-],C=CC[CH2:1][C:2](N)=C[N+](=O)[O-],[C:1]-[C:2],"[1, 2]","[1, 2]",C=CC[CH3:1],1,N[CH:2]=C[N+](=O)[O-],2,hydrogen,3,amine,4,C=CCC,106-98-9,164.00,295051-100G,NC(N)=C[N+](=O)[O-],71090-35-2,70.4,CH4338629772-250MG
C=CCCC(N)=C[N+](=O)[O-],C=CC[CH2:1][C:2](N)=C[N+](=O)[O-],[C:1]-[C:2],"[1, 2]","[1, 2]",C=CC[CH3:1],1,N[CH:2]=C[N+](=O)[O-],2,alcohol,3,amine,4,C=CCCO,627-27-0,114.00,496839-25G,NC(N)=C[N+](=O)[O-],71090-35-2,70.4,CH4338629772-250MG
C=CCCC(N)=C[N+](=O)[O-],C=CC[CH2:1][C:2](N)=C[N+](=O)[O-],[C:1]-[C:2],"[1, 2]","[1, 2]",C=CC[CH3:1],1,N[CH:2]=C[N+](=O)[O-],2,amine,3,amine,4,C=CCCN,,85.80,CDS021978-100MG,NC(N)=C[N+](=O)[O-],71090-35-2,70.4,CH4338629772-250MG
C=CCCC(N)=C[N+](=O)[O-],C=CC[CH2:1][C:2](N)=C[N+](=O)[O-],[C:1]-[C:2],"[1, 2]","[1, 2]",C=CC[CH3:1],1,N[CH:2]=C[N+](=O)[O-],2,acid,3,amine,4,C=CCCC(=O)O,591-80-0,84.00,W284300-25G-K,NC(N)=C[N+](=O)[O-],71090-35-2,70.4,CH4338629772-250MG
C=CCCC(N)=C[N+](=O)[O-],C=CC[CH2:1][C:2](N)=C[N+](=O)[O-],[C:1]-[C:2],"[1, 2]","[1, 2]",C=CC[CH3:1],1,N[CH:2]=C[N+](=O)[O-],2,chloride,3,amine,4,C=CCCCl,927-73-1,25.2,ENA497679671-250MG,NC(N)=C[N+](=O)[O-],71090-35-2,70.4,CH4338629772-250MG
C=CCCC(N)=C[N+](=O)[O-],C=CC[CH2:1][C:2](N)=C[N+](=O)[O-],[C:1]-[C:2],"[1, 2]","[1, 2]",C=CC[CH3:1],1,N[CH:2]=C[N+](=O)[O-],2,bromide,3,amine,4,C=CCCBr,5162-44-7,24.00,167851-1G,NC(N)=C[N+](=O)[O-],71090-35-2,70.4,CH4338629772-250MG
C=CCCC(N)=C[N+](=O)[O-],C=CC[CH2:1][C:2](N)=C[N+](=O)[O-],[C:1]-[C:2],"[1, 2]","[1, 2]",C=CC[CH3:1],1,N[CH:2]=C[N+](=O)[O-],2,iodide,3,amine,4,C=CCCI,7766-51-0,335,LIF491378851-2.5G,NC(N)=C[N+](=O)[O-],71090-35-2,70.4,CH4338629772-250MG
C=CCCC(N)=C[N+](=O)[O-],C=CC[CH2:1][C:2](N)=C[N+](=O)[O-],[C:1]-[C:2],"[1, 2]","[1, 2]",C=CC[CH3:1],1,N[CH:2]=C[N+](=O)[O-],2,boronate,3,amine,4,C=CCCB(O)O,379669-72-4,132.00,687650-1G,NC(N)=C[N+](=O)[O-],71090-35-2,70.4,CH4338629772-250MG
CN(CCCNC(=O)COC1=CC=CC=C1Br)C1=CC=CC=C1,CN(C[CH2:1][CH2:2]NC(=O)COc1ccccc1Br)c1ccccc1,[C:1]-[C:2],"[1, 2]","[1, 2]",CN(C[CH3:1])c1ccccc1,1,O=C(COc1ccccc1Br)N[CH3:2],2,alcohol,3,hydrogen,4,CN(CCO)c1ccccc1,93-90-3,68.50,523887-50ML,CNC(=O)COc1ccccc1Br,,55.10,CDS005859-100MG
CN(CCCNC(=O)COC1=CC=CC=C1Br)C1=CC=CC=C1,CN(C[CH2:1][CH2:2]NC(=O)COc1ccccc1Br)c1ccccc1,[C:1]-[C:2],"[1, 2]","[1, 2]",CN(C[CH3:1])c1ccccc1,1,O=C(COc1ccccc1Br)N[CH3:2],2,amine,3,hydrogen,4,CN(CCN)c1ccccc1,1664-39-7,438.9,ENA238710429-2.5G,CNC(=O)COc1ccccc1Br,,55.10,CDS005859-100MG
CN(CCCNC(=O)COC1=CC=CC=C1Br)C1=CC=CC=C1,CN(C[CH2:1][CH2:2]NC(=O)COc1ccccc1Br)c1ccccc1,[C:1]-[C:2],"[1, 2]","[1, 2]",CN(C[CH3:1])c1ccccc1,1,O=C(COc1ccccc1Br)N[CH3:2],2,acid,3,hydrogen,4,CN(CCC(=O)O)c1ccccc1,3334-56-3,1086.75,ADVH7F37E1DE-5G,CNC(=O)COc1ccccc1Br,,55.10,CDS005859-100MG
CN(CCCNC(=O)COC1=CC=CC=C1Br)C1=CC=CC=C1,CN(CC[CH2:1][NH:2]C(=O)COc1ccccc1Br)c1ccccc1,[C:1]-[N:2],"[1, 2]","[1, 2]",CN(CC[CH3:1])c1ccccc1,1,O=C(COc1ccccc1Br)[NH2:2],2,alcohol,3,amine,4,CN(CCCO)c1ccccc1,34579-44-7,616.35,ENA321762590-2.5G,NNC(=O)COc1ccccc1Br,328085-17-2,107.8,CH4017936575-1G
CN(CCCNC(=O)COC1=CC=CC=C1Br)C1=CC=CC=C1,CN(CC[CH2:1][NH:2]C(=O)COc1ccccc1Br)c1ccccc1,[C:1]-[N:2],"[1, 2]","[1, 2]",CN(CC[CH3:1])c1ccccc1,1,O=C(COc1ccccc1Br)[NH2:2],2,amine,3,amine,4,CN(CCCN)c1ccccc1,53485-07-7,369.6,MAT047030259-1G,NNC(=O)COc1ccccc1Br,328085-17-2,107.8,CH4017936575-1G
CN(CCCNC(=O)COC1=CC=CC=C1Br)C1=CC=CC=C1,CN(CCC[NH:2][C:1](=O)COc1ccccc1Br)c1ccccc1,[C:1]-[N:2],"[1, 2]","[1, 2]",O=[CH:1]COc1ccccc1Br,1,CN(CCC[NH2:2])c1ccccc1,2,chloride,3,hydrogen,4,O=C(Cl)COc1ccccc1Br,39784-10-6,181.25,COMH0423886E-500MG,CN(CCCN)c1ccccc1,53485-07-7,369.6,MAT047030259-1G
CCC(C)(C)CCCOC(=O)C(C)C,CC[C:1](C)(C)[CH2:2]CCOC(=O)C(C)C,[C:1]-[C:2],"[1, 2]","[1, 2]",CC[CH:1](C)C,1,CC(C)C(=O)OCC[CH3:2],2,hydrogen,3,hydrogen,4,CCC(C)C,78-78-4,88.20,277258-100ML,CCCOC(=O)C(C)C,644-49-5,106.00,W293601-1KG-K
CCC(C)(C)CCCOC(=O)C(C)C,CC[C:1](C)(C)[CH2:2]CCOC(=O)C(C)C,[C:1]-[C:2],"[1, 2]","[1, 2]",CC[CH:1](C)C,1,CC(C)C(=O)OCC[CH3:2],2,alcohol,3,hydrogen,4,CCC(C)(C)O,75-85-4,58.70,240486-5ML,CCCOC(=O)C(C)C,644-49-5,106.00,W293601-1KG-K
CCC(C)(C)CCCOC(=O)C(C)C,CC[C:1](C)(C)[CH2:2]CCOC(=O)C(C)C,[C:1]-[C:2],"[1, 2]","[1, 2]",CC[CH:1](C)C,1,CC(C)C(=O)OCC[CH3:2],2,amine,3,hydrogen,4,CCC(C)(C)N,594-39-8,74.90,176990-25G,CCCOC(=O)C(C)C,644-49-5,106.00,W293601-1KG-K
CCC(C)(C)CCCOC(=O)C(C)C,CC[C:1](C)(C)[CH2:2]CCOC(=O)C(C)C,[C:1]-[C:2],"[1, 2]","[1, 2]",CC[CH:1](C)C,1,CC(C)C(=O)OCC[CH3:2],2,acid,3,hydrogen,4,CCC(C)(C)C(=O)O,595-37-9,57.20,D152609-25ML,CCCOC(=O)C(C)C,644-49-5,106.00,W293601-1KG-K
CCC(C)(C)CCCOC(=O)C(C)C,CC[C:1](C)(C)[CH2:2]CCOC(=O)C(C)C,[C:1]-[C:2],"[1, 2]","[1, 2]",CC[CH:1](C)C,1,CC(C)C(=O)OCC[CH3:2],2,chloride,3,hydrogen,4,CCC(C)(C)Cl,594-36-5,77.60,277029-25G,CCCOC(=O)C(C)C,644-49-5,106.00,W293601-1KG-K
CCC(C)(C)CCCOC(=O)C(C)C,CC[C:1](C)(C)[CH2:2]CCOC(=O)C(C)C,[C:1]-[C:2],"[1, 2]","[1, 2]",CC[CH:1](C)C,1,CC(C)C(=O)OCC[CH3:2],2,bromide,3,hydrogen,4,CCC(C)(C)Br,507-36-8,29.20,306878-5G,CCCOC(=O)C(C)C,644-49-5,106.00,W293601-1KG-K
CCC(C)(C)CCCOC(=O)C(C)C,CC[C:1](C)(C)[CH2:2]CCOC(=O)C(C)C,[C:1]-[C:2],"[1, 2]","[1, 2]",CC[CH:1](C)C,1,CC(C)C(=O)OCC[CH3:2],2,iodide,3,hydrogen,4,CCC(C)(C)I,594-38-7,56.7,ENA946832316-100MG,CCCOC(=O)C(C)C,644-49-5,106.00,W293601-1KG-K
CCC(C)(C)CCCOC(=O)C(C)C,CCC(C)(C)[CH2:1][CH2:2]COC(=O)C(C)C,[C:1]-[C:2],"[1, 2]","[1, 2]",CCC(C)(C)[CH3:1],1,CC(C)C(=O)OC[CH3:2],2,hydrogen,3,hydrogen,4,CCC(C)(C)C,75-83-2,56.10,39730-5ML,CCOC(=O)C(C)C,97-62-1,23.80,246085-100ML
CCC(C)(C)CCCOC(=O)C(C)C,CCC(C)(C)[CH2:1][CH2:2]COC(=O)C(C)C,[C:1]-[C:2],"[1, 2]","[1, 2]",CCC(C)(C)[CH3:1],1,CC(C)C(=O)OC[CH3:2],2,hydrogen,3,alcohol,4,CCC(C)(C)C,75-83-2,56.10,39730-5ML,CC(C)C(=O)OCCO,6942-58-1,880.95,ENA769505648-2.5G
CCC(C)(C)CCCOC(=O)C(C)C,CCC(C)(C)[CH2:1][CH2:2]COC(=O)C(C)C,[C:1]-[C:2],"[1, 2]","[1, 2]",CCC(C)(C)[CH3:1],1,CC(C)C(=O)OC[CH3:2],2,acid,3,hydrogen,4,CCC(C)(C)CC(=O)O,3177-74-0,2641.8,ENA360887059-10G,CCOC(=O)C(C)C,97-62-1,23.80,246085-100ML
CCC(C)(C)CCCOC(=O)C(C)C,CCC(C)(C)[CH2:1][CH2:2]COC(=O)C(C)C,[C:1]-[C:2],"[1, 2]","[1, 2]",CCC(C)(C)[CH3:1],1,CC(C)C(=O)OC[CH3:2],2,acid,3,alcohol,4,CCC(C)(C)CC(=O)O,3177-74-0,2641.8,ENA360887059-10G,CC(C)C(=O)OCCO,6942-58-1,880.95,ENA769505648-2.5G
CCC(C)(C)CCCOC(=O)C(C)C,CCC(C)(C)[CH2:1][CH2:2]COC(=O)C(C)C,[C:1]-[C:2],"[1, 2]","[1, 2]",CCC(C)(C)[CH3:1],1,CC(C)C(=O)OC[CH3:2],2,bromide,3,hydrogen,4,CCC(C)(C)CBr,62168-42-7,969.15,ENA388699816-2.5G,CCOC(=O)C(C)C,97-62-1,23.80,246085-100ML
CCC(C)(C)CCCOC(=O)C(C)C,CCC(C)(C)[CH2:1][CH2:2]COC(=O)C(C)C,[C:1]-[C:2],"[1, 2]","[1, 2]",CCC(C)(C)[CH3:1],1,CC(C)C(=O)OC[CH3:2],2,bromide,3,alcohol,4,CCC(C)(C)CBr,62168-42-7,969.15,ENA388699816-2.5G,CC(C)C(=O)OCCO,6942-58-1,880.95,ENA769505648-2.5G
CCC(C)(C)CCCOC(=O)C(C)C,CCC(C)(C)C[CH2:1][CH2:2]OC(=O)C(C)C,[C:1]-[C:2],"[1, 2]","[1, 2]",CCC(C)(C)C[CH3:1],1,CC(C)C(=O)O[CH3:2],2,hydrogen,3,hydrogen,4,CCC(C)(C)CC,562-49-2,42.00,118451-1G,COC(=O)C(C)C,547-63-7,28.40,148008-100ML
CCC(C)(C)CCCOC(=O)C(C)C,CCC(C)(C)C[CH2:1][CH2:2]OC(=O)C(C)C,[C:1]-[C:2],"[1, 2]","[1, 2]",CCC(C)(C)C[CH3:1],1,CC(C)C(=O)O[CH3:2],2,hydrogen,3,chloride,4,CCC(C)(C)CC,562-49-2,42.00,118451-1G,CC(C)C(=O)OCCl,61644-18-6,599.55,ENA390552584-1G
CCC(C)(C)CCCOC(=O)C(C)C,CCC(C)(C)C[CH2:1][CH2:2]OC(=O)C(C)C,[C:1]-[C:2],"[1, 2]","[1, 2]",CCC(C)(C)C[CH3:1],1,CC(C)C(=O)O[CH3:2],2,alcohol,3,hydrogen,4,CCC(C)(C)CCO,19264-94-9,572.25,ENA346974995-500MG,COC(=O)C(C)C,547-63-7,28.40,148008-100ML
CCC(C)(C)CCCOC(=O)C(C)C,CCC(C)(C)C[CH2:1][CH2:2]OC(=O)C(C)C,[C:1]-[C:2],"[1, 2]","[1, 2]",CCC(C)(C)C[CH3:1],1,CC(C)C(=O)O[CH3:2],2,alcohol,3,chloride,4,CCC(C)(C)CCO,19264-94-9,572.25,ENA346974995-500MG,CC(C)C(=O)OCCl,61644-18-6,599.55,ENA390552584-1G
CCC(C)(C)CCCOC(=O)C(C)C,CCC(C)(C)C[CH2:1][CH2:2]OC(=O)C(C)C,[C:1]-[C:2],"[1, 2]","[1, 2]",CCC(C)(C)C[CH3:1],1,CC(C)C(=O)O[CH3:2],2,chloride,3,hydrogen,4,CCC(C)(C)CCCl,34887-09-7,221.55,ENA346975042-100MG,COC(=O)C(C)C,547-63-7,28.40,148008-100ML
CCC(C)(C)CCCOC(=O)C(C)C,CCC(C)(C)C[CH2:1][CH2:2]OC(=O)C(C)C,[C:1]-[C:2],"[1, 2]","[1, 2]",CCC(C)(C)C[CH3:1],1,CC(C)C(=O)O[CH3:2],2,chloride,3,chloride,4,CCC(C)(C)CCCl,34887-09-7,221.55,ENA346975042-100MG,CC(C)C(=O)OCCl,61644-18-6,599.55,ENA390552584-1G
CCC(C)(C)CCCOC(=O)C(C)C,CCC(C)(C)C[CH2:1][CH2:2]OC(=O)C(C)C,[C:1]-[C:2],"[1, 2]","[1, 2]",CCC(C)(C)C[CH3:1],1,CC(C)C(=O)O[CH3:2],2,bromide,3,hydrogen,4,CCC(C)(C)CCBr,6188-50-7,569.1,ENA508626415-1G,COC(=O)C(C)C,547-63-7,28.40,148008-100ML
CCC(C)(C)CCCOC(=O)C(C)C,CCC(C)(C)C[CH2:1][CH2:2]OC(=O)C(C)C,[C:1]-[C:2],"[1, 2]","[1, 2]",CCC(C)(C)C[CH3:1],1,CC(C)C(=O)O[CH3:2],2,bromide,3,chloride,4,CCC(C)(C)CCBr,6188-50-7,569.1,ENA508626415-1G,CC(C)C(=O)OCCl,61644-18-6,599.55,ENA390552584-1G
CCC(C)(C)CCCOC(=O)C(C)C,CCC(C)(C)CC[CH2:1][O:2]C(=O)C(C)C,[C:1]-[O:2],"[1, 2]","[1, 2]",CCC(C)(C)CC[CH3:1],1,CC(C)C(=O)[OH:2],2,acid,3,hydrogen,4,CCC(C)(C)CCCC(=O)O,52146-21-1,258.3,ENAH03A19BEF-50MG,CC(C)C(=O)O,79-31-2,34.80,I1754-100ML
[2H]C1=CC(C[C@H](N)C(=O)OC)=CC([2H])=C1O,[2H]c1cc(C[C@H](N)C(=O)[O:2][CH3:1])cc([2H])c1O,[C:1]-[O:2],"[1, 2]","[1, 2]",[CH4:1],1,[2H]c1cc(C[C@H](N)C(=O)[OH:2])cc([2H])c1O,2,hydrogen,3,hydrogen,4,C,74-82-8,1610.00,463035-24L,[2H]c1cc(C[C@H](N)C(=O)O)cc([2H])c1O,30811-19-9,372.00,489816-1G
[2H]C1=CC(C[C@H](N)C(=O)OC)=CC([2H])=C1O,[2H]c1cc(C[C@H](N)C(=O)[O:2][CH3:1])cc([2H])c1O,[C:1]-[O:2],"[1, 2]","[1, 2]",[CH4:1],1,[2H]c1cc(C[C@H](N)C(=O)[OH:2])cc([2H])c1O,2,alcohol,3,hydrogen,4,CO,67-56-1,30.20,M3641-500ML,[2H]c1cc(C[C@H](N)C(=O)O)cc([2H])c1O,30811-19-9,372.00,489816-1G
[2H]C1=CC(C[C@H](N)C(=O)OC)=CC([2H])=C1O,[2H]c1cc(C[C@H](N)C(=O)[O:2][CH3:1])cc([2H])c1O,[C:1]-[O:2],"[1, 2]","[1, 2]",[CH4:1],1,[2H]c1cc(C[C@H](N)C(=O)[OH:2])cc([2H])c1O,2,amine,3,hydrogen,4,CN,74-89-5,40.10,534102-250ML,[2H]c1cc(C[C@H](N)C(=O)O)cc([2H])c1O,30811-19-9,372.00,489816-1G
[2H]C1=CC(C[C@H](N)C(=O)OC)=CC([2H])=C1O,[2H]c1cc(C[C@H](N)C(=O)[O:2][CH3:1])cc([2H])c1O,[C:1]-[O:2],"[1, 2]","[1, 2]",[CH4:1],1,[2H]c1cc(C[C@H](N)C(=O)[OH:2])cc([2H])c1O,2,acid,3,hydrogen,4,CC(=O)O,64-19-7,67.00,W200611-1KG-K,[2H]c1cc(C[C@H](N)C(=O)O)cc([2H])c1O,30811-19-9,372.00,489816-1G
[2H]C1=CC(C[C@H](N)C(=O)OC)=CC([2H])=C1O,[2H]c1cc(C[C@H](N)C(=O)[O:2][CH3:1])cc([2H])c1O,[C:1]-[O:2],"[1, 2]","[1, 2]",[CH4:1],1,[2H]c1cc(C[C@H](N)C(=O)[OH:2])cc([2H])c1O,2,chloride,3,hydrogen,4,CCl,74-87-3,252.00,294799-200ML,[2H]c1cc(C[C@H](N)C(=O)O)cc([2H])c1O,30811-19-9,372.00,489816-1G
[2H]C1=CC(C[C@H](N)C(=O)OC)=CC([2H])=C1O,[2H]c1cc(C[C@H](N)C(=O)[O:2][CH3:1])cc([2H])c1O,[C:1]-[O:2],"[1, 2]","[1, 2]",[CH4:1],1,[2H]c1cc(C[C@H](N)C(=O)[OH:2])cc([2H])c1O,2,bromide,3,hydrogen,4,CBr,74-83-9,24.10,48624,[2H]c1cc(C[C@H](N)C(=O)O)cc([2H])c1O,30811-19-9,372.00,489816-1G
[2H]C1=CC(C[C@H](N)C(=O)OC)=CC([2H])=C1O,[2H]c1cc(C[C@H](N)C(=O)[O:2][CH3:1])cc([2H])c1O,[C:1]-[O:2],"[1, 2]","[1, 2]",[CH4:1],1,[2H]c1cc(C[C@H](N)C(=O)[OH:2])cc([2H])c1O,2,iodide,3,hydrogen,4,CI,74-88-4,112.00,456756-100ML,[2H]c1cc(C[C@H](N)C(=O)O)cc([2H])c1O,30811-19-9,372.00,489816-1G
[2H]C1=CC(C[C@H](N)C(=O)OC)=CC([2H])=C1O,[2H]c1cc(C[C@H](N)C(=O)[O:2][CH3:1])cc([2H])c1O,[C:1]-[O:2],"[1, 2]","[1, 2]",[CH4:1],1,[2H]c1cc(C[C@H](N)C(=O)[OH:2])cc([2H])c1O,2,boronate,3,hydrogen,4,CB(O)O,13061-96-6,43.80,165336-1G,[2H]c1cc(C[C@H](N)C(=O)O)cc([2H])c1O,30811-19-9,372.00,489816-1G
COC(=O)C1=CC=CC=C1OCC(=O)NC1=CC=C(N2CCCCCC2)C=C1,COC(=O)c1ccccc1OCC(=O)Nc1cc[c:1]([N:2]2CCCCCC2)cc1,[c:1]-[N:2],"[1, 2]","[1, 2]",COC(=O)c1ccccc1OCC(=O)Nc1cc[cH:1]cc1,1,C1CCC[NH:2]CC1,2,bromide,3,hydrogen,4,COC(=O)c1ccccc1OCC(=O)Nc1ccc(Br)cc1,949969-59-9,368,ADVH7F3828D1-500MG,C1CCCNCC1,111-49-9,15.00,H10401-25ML
COC(=O)C1=CC=CC=C1OCC(=O)NC1=CC=C(N2CCCCCC2)C=C1,COC(=O)c1ccccc1OCC(=O)Nc1cc[c:1]([N:2]2CCCCCC2)cc1,[c:1]-[N:2],"[1, 2]","[1, 2]",COC(=O)c1ccccc1OCC(=O)Nc1cc[cH:1]cc1,1,C1CCC[NH:2]CC1,2,bromide,3,amine,4,COC(=O)c1ccccc1OCC(=O)Nc1ccc(Br)cc1,949969-59-9,368,ADVH7F3828D1-500MG,NN1CCCCCC1,5906-35-4,184.00,A56450-5G
C=CC(=O)C1=CC=CC(C(C)(C)CCC)=C1,C=CC(=O)c1ccc[c:1]([C:2](C)(C)CCC)c1,[c:1]-[C:2],"[1, 2]","[1, 2]",C=CC(=O)c1ccc[cH:1]c1,1,CCC[CH:2](C)C,2,hydrogen,3,hydrogen,4,C=CC(=O)c1ccccc1,768-03-6,281.25,COM448631894-1G,CCCC(C)C,107-83-5,25.90,M65807-5G
C=CC(=O)C1=CC=CC(C(C)(C)CCC)=C1,C=CC(=O)c1ccc[c:1]([C:2](C)(C)CCC)c1,[c:1]-[C:2],"[1, 2]","[1, 2]",C=CC(=O)c1ccc[cH:1]c1,1,CCC[CH:2](C)C,2,hydrogen,3,alcohol,4,C=CC(=O)c1ccccc1,768-03-6,281.25,COM448631894-1G,CCCC(C)(C)O,590-36-3,66.90,111120-10G
C=CC(=O)C1=CC=CC(C(C)(C)CCC)=C1,C=CC(=O)c1ccc[c:1]([C:2](C)(C)CCC)c1,[c:1]-[C:2],"[1, 2]","[1, 2]",C=CC(=O)c1ccc[cH:1]c1,1,CCC[CH:2](C)C,2,hydrogen,3,acid,4,C=CC(=O)c1ccccc1,768-03-6,281.25,COM448631894-1G,CCCC(C)(C)C(=O)O,1185-39-3,298.00,41740-5ML
CCN1CCCCC1C(=O)NC1=NC=CS1,CCN1CCCC[CH:1]1[C:2](=O)Nc1nccs1,[C:1]-[C:2],"[1, 2]","[1, 2]",CCN1CCCC[CH2:1]1,1,O=[CH:2]Nc1nccs1,2,hydrogen,3,hydrogen,4,CCN1CCCCC1,766-09-6,31.40,E45708-100ML,O=CNc1nccs1,25602-39-5,180.0,C12H316CEB2F-1G
CCN1CCCCC1C(=O)NC1=NC=CS1,CCN1CCCC[CH:1]1[C:2](=O)Nc1nccs1,[C:1]-[C:2],"[1, 2]","[1, 2]",CCN1CCCC[CH2:1]1,1,O=[CH:2]Nc1nccs1,2,hydrogen,3,acid,4,CCN1CCCCC1,766-09-6,31.40,E45708-100ML,O=C(O)C(=O)Nc1nccs1,6890-84-2,50.6,CH4182076768-1G
CCN1CCCCC1C(=O)NC1=NC=CS1,CCN1CCCC[CH:1]1[C:2](=O)Nc1nccs1,[C:1]-[C:2],"[1, 2]","[1, 2]",CCN1CCCC[CH2:1]1,1,O=[CH:2]Nc1nccs1,2,acid,3,hydrogen,4,CCN1CCCCC1C(=O)O,69081-83-0,357.6,JWPH3249DA32-5G,O=CNc1nccs1,25602-39-5,180.0,C12H316CEB2F-1G
CCN1CCCCC1C(=O)NC1=NC=CS1,CCN1CCCC[CH:1]1[C:2](=O)Nc1nccs1,[C:1]-[C:2],"[1, 2]","[1, 2]",CCN1CCCC[CH2:1]1,1,O=[CH:2]Nc1nccs1,2,acid,3,acid,4,CCN1CCCCC1C(=O)O,69081-83-0,357.6,JWPH3249DA32-5G,O=C(O)C(=O)Nc1nccs1,6890-84-2,50.6,CH4182076768-1G
CCCN1N=NN=C1COC(=O)C1=CC=CC=C1C(=O)C1=CC=CC=C1,CCCn1nnn[c:1]1[CH2:2]OC(=O)c1ccccc1C(=O)c1ccccc1,[c:1]-[C:2],"[1, 2]","[1, 2]",CCCn1nnn[cH:1]1,1,O=C(O[CH3:2])c1ccccc1C(=O)c1ccccc1,2,amine,3,hydrogen,4,CCCn1nnnc1N,5340-04-5,194.00,CBR00443-1G,COC(=O)c1ccccc1C(=O)c1ccccc1,606-28-0,109.00,559830-25G
CCCN1N=NN=C1COC(=O)C1=CC=CC=C1C(=O)C1=CC=CC=C1,CCCn1nnnc1[CH2:1][O:2]C(=O)c1ccccc1C(=O)c1ccccc1,[C:1]-[O:2],"[1, 2]","[1, 2]",CCCn1nnnc1[CH3:1],1,O=C(c1ccccc1)c1ccccc1C(=O)[OH:2],2,chloride,3,hydrogen,4,CCCn1nnnc1CCl,848178-47-2,1300.95,ENA061488216-5G,O=C(O)c1ccccc1C(=O)c1ccccc1,85-52-9,25.90,B12385-25G
CCCCOC1=C(F)C=C(CC=O)C=C1F,CCCCOc1c(F)c[c:1]([CH2:2]C=O)cc1F,[c:1]-[C:2],"[1, 2]","[1, 2]",CCCCOc1c(F)c[cH:1]cc1F,1,O=C[CH3:2],2,alcohol,3,hydrogen,4,CCCCOc1c(F)cc(O)cc1F,1881293-73-7,1200.0,COM490024738-5G,CC=O,75-07-0,119.00,W200360-1.9KG-K
CCCCOC1=C(F)C=C(CC=O)C=C1F,CCCCOc1c(F)c[c:1]([CH2:2]C=O)cc1F,[c:1]-[C:2],"[1, 2]","[1, 2]",CCCCOc1c(F)c[cH:1]cc1F,1,O=C[CH3:2],2,alcohol,3,chloride,4,CCCCOc1c(F)cc(O)cc1F,1881293-73-7,1200.0,COM490024738-5G,O=CCCl,107-20-0,39.30,317276-5ML
CCCCOC1=C(F)C=C(CC=O)C=C1F,CCCCOc1c(F)c[c:1]([CH2:2]C=O)cc1F,[c:1]-[C:2],"[1, 2]","[1, 2]",CCCCOc1c(F)c[cH:1]cc1F,1,O=C[CH3:2],2,chloride,3,hydrogen,4,CCCCOc1c(F)cc(Cl)cc1F,1881321-65-8,400.0,COM490023620-1G,CC=O,75-07-0,119.00,W200360-1.9KG-K
CCCCOC1=C(F)C=C(CC=O)C=C1F,CCCCOc1c(F)c[c:1]([CH2:2]C=O)cc1F,[c:1]-[C:2],"[1, 2]","[1, 2]",CCCCOc1c(F)c[cH:1]cc1F,1,O=C[CH3:2],2,chloride,3,chloride,4,CCCCOc1c(F)cc(Cl)cc1F,1881321-65-8,400.0,COM490023620-1G,O=CCCl,107-20-0,39.30,317276-5ML
CCCCOC1=C(F)C=C(CC=O)C=C1F,CCCCOc1c(F)c[c:1]([CH2:2]C=O)cc1F,[c:1]-[C:2],"[1, 2]","[1, 2]",CCCCOc1c(F)c[cH:1]cc1F,1,O=C[CH3:2],2,bromide,3,hydrogen,4,CCCCOc1c(F)cc(Br)cc1F,1309932-85-1,191.4,AOB640094718-5G,CC=O,75-07-0,119.00,W200360-1.9KG-K
CCCCOC1=C(F)C=C(CC=O)C=C1F,CCCCOc1c(F)c[c:1]([CH2:2]C=O)cc1F,[c:1]-[C:2],"[1, 2]","[1, 2]",CCCCOc1c(F)c[cH:1]cc1F,1,O=C[CH3:2],2,bromide,3,chloride,4,CCCCOc1c(F)cc(Br)cc1F,1309932-85-1,191.4,AOB640094718-5G,O=CCCl,107-20-0,39.30,317276-5ML
CCCCOC1=C(F)C=C(CC=O)C=C1F,CCCCOc1c(F)c[c:1]([CH2:2]C=O)cc1F,[c:1]-[C:2],"[1, 2]","[1, 2]",CCCCOc1c(F)c[cH:1]cc1F,1,O=C[CH3:2],2,boronate,3,hydrogen,4,CCCCOc1c(F)cc(B(O)O)cc1F,2096329-78-9,75.0,COM448614655-1G,CC=O,75-07-0,119.00,W200360-1.9KG-K
CCCCOC1=C(F)C=C(CC=O)C=C1F,CCCCOc1c(F)c[c:1]([CH2:2]C=O)cc1F,[c:1]-[C:2],"[1, 2]","[1, 2]",CCCCOc1c(F)c[cH:1]cc1F,1,O=C[CH3:2],2,boronate,3,chloride,4,CCCCOc1c(F)cc(B(O)O)cc1F,2096329-78-9,75.0,COM448614655-1G,O=CCCl,107-20-0,39.30,317276-5ML
CC(=O)C1=CC=C(OCC(=O)N[C@H](C2=CC=CC=C2)C2=CC=CS2)C=C1,CC(=O)c1ccc(OCC(=O)[NH:2][C@H:1](c2ccccc2)c2cccs2)cc1,[C:1]-[N:2],"[1, 2]","[1, 2]",c1ccc([CH2:1]c2cccs2)cc1,1,CC(=O)c1ccc(OCC(=O)[NH2:2])cc1,2,amine,3,hydrogen,4,NC(c1ccccc1)c1cccs1,5693-42-5,70.4,CH4182076417-250MG,CC(=O)c1ccc(OCC(N)=O)cc1,42017-88-9,225.5,CH4017936708-5G
CN(C(=O)COC(=O)C1=CC=CC=C1C(=O)C1=CC=CC=C1)C(C)(C)C#N,CN(C(=O)[CH2:1][O:2]C(=O)c1ccccc1C(=O)c1ccccc1)C(C)(C)C#N,[C:1]-[O:2],"[1, 2]","[1, 2]",CN(C(=O)[CH3:1])C(C)(C)C#N,1,O=C(c1ccccc1)c1ccccc1C(=O)[OH:2],2,chloride,3,hydrogen,4,CN(C(=O)CCl)C(C)(C)C#N,1158075-57-0,56.7,ENA245485904-100MG,O=C(O)c1ccccc1C(=O)c1ccccc1,85-52-9,25.90,B12385-25G
C=CCNC1=NN=C(SCC(=O)N2CCN(C3=CC=CC=C3OC)CC2)S1,C=CCNc1nnc([S:2][CH2:1]C(=O)N2CCN(c3ccccc3OC)CC2)s1,[C:1]-[S:2],"[1, 2]","[1, 2]",COc1ccccc1N1CCN(C(=O)[CH3:1])CC1,1,C=CCNc1nnc([SH:2])s1,2,amine,3,hydrogen,4,COc1ccccc1N1CCN(C(=O)CN)CC1,189762-35-4,675,COM638470980-1G,C=CCNc1nnc(S)s1,91780-33-5,181.25,COMH04237575-500MG
CCC1=CC=C(C#N)C=C1C(C)(C)C,CC(C)(C)c1cc(C#N)cc[c:1]1[CH2:2]C,[c:1]-[C:2],"[1, 2]","[1, 2]",CC(C)(C)c1cc(C#N)cc[cH:1]1,1,C[CH3:2],2,hydrogen,3,hydrogen,4,CC(C)(C)c1cccc(C#N)c1,154532-34-0,44,SY3H3D6788FA-10G,CC,74-84-0,463.00,295302-110G
CCC1=CC=C(C#N)C=C1C(C)(C)C,CC(C)(C)c1cc(C#N)cc[c:1]1[CH2:2]C,[c:1]-[C:2],"[1, 2]","[1, 2]",CC(C)(C)c1cc(C#N)cc[cH:1]1,1,C[CH3:2],2,hydrogen,3,alcohol,4,CC(C)(C)c1cccc(C#N)c1,154532-34-0,44,SY3H3D6788FA-10G,CCO,64-17-5,74.00,2858-240ML
CCC1=CC=C(C#N)C=C1C(C)(C)C,CC(C)(C)c1cc(C#N)cc[c:1]1[CH2:2]C,[c:1]-[C:2],"[1, 2]","[1, 2]",CC(C)(C)c1cc(C#N)cc[cH:1]1,1,C[CH3:2],2,hydrogen,3,amine,4,CC(C)(C)c1cccc(C#N)c1,154532-34-0,44,SY3H3D6788FA-10G,CCN,75-04-7,20.70,471208-100ML
CCC1=CC=C(C#N)C=C1C(C)(C)C,CC(C)(C)c1cc(C#N)cc[c:1]1[CH2:2]C,[c:1]-[C:2],"[1, 2]","[1, 2]",CC(C)(C)c1cc(C#N)cc[cH:1]1,1,C[CH3:2],2,hydrogen,3,acid,4,CC(C)(C)c1cccc(C#N)c1,154532-34-0,44,SY3H3D6788FA-10G,CCC(=O)O,79-09-4,37.90,P5561-1L
CCC1=CC=C(C#N)C=C1C(C)(C)C,CC(C)(C)c1cc(C#N)cc[c:1]1[CH2:2]C,[c:1]-[C:2],"[1, 2]","[1, 2]",CC(C)(C)c1cc(C#N)cc[cH:1]1,1,C[CH3:2],2,hydrogen,3,chloride,4,CC(C)(C)c1cccc(C#N)c1,154532-34-0,44,SY3H3D6788FA-10G,CCCl,75-00-3,178.00,295310-1KG
CCC1=CC=C(C#N)C=C1C(C)(C)C,CC(C)(C)c1cc(C#N)cc[c:1]1[CH2:2]C,[c:1]-[C:2],"[1, 2]","[1, 2]",CC(C)(C)c1cc(C#N)cc[cH:1]1,1,C[CH3:2],2,hydrogen,3,bromide,4,CC(C)(C)c1cccc(C#N)c1,154532-34-0,44,SY3H3D6788FA-10G,CCBr,74-96-4,55.70,239607-50G
CCC1=CC=C(C#N)C=C1C(C)(C)C,CC(C)(C)c1cc(C#N)cc[c:1]1[CH2:2]C,[c:1]-[C:2],"[1, 2]","[1, 2]",CC(C)(C)c1cc(C#N)cc[cH:1]1,1,C[CH3:2],2,hydrogen,3,iodide,4,CC(C)(C)c1cccc(C#N)c1,154532-34-0,44,SY3H3D6788FA-10G,CCI,75-03-6,24.00,I7780-5G
CCC1=CC=C(C#N)C=C1C(C)(C)C,CC(C)(C)c1cc(C#N)cc[c:1]1[CH2:2]C,[c:1]-[C:2],"[1, 2]","[1, 2]",CC(C)(C)c1cc(C#N)cc[cH:1]1,1,C[CH3:2],2,hydrogen,3,boronate,4,CC(C)(C)c1cccc(C#N)c1,154532-34-0,44,SY3H3D6788FA-10G,CCB(O)O,,66.00,CDS003542-250MG
CCC1=CC=C(C#N)C=C1C(C)(C)C,CC(C)(C)c1cc(C#N)cc[c:1]1[CH2:2]C,[c:1]-[C:2],"[1, 2]","[1, 2]",CC(C)(C)c1cc(C#N)cc[cH:1]1,1,C[CH3:2],2,alcohol,3,hydrogen,4,CC(C)(C)c1cc(C#N)ccc1O,,172.5,ADVH7F37ADC6-1G,CC,74-84-0,463.00,295302-110G
CCC1=CC=C(C#N)C=C1C(C)(C)C,CC(C)(C)c1cc(C#N)cc[c:1]1[CH2:2]C,[c:1]-[C:2],"[1, 2]","[1, 2]",CC(C)(C)c1cc(C#N)cc[cH:1]1,1,C[CH3:2],2,alcohol,3,alcohol,4,CC(C)(C)c1cc(C#N)ccc1O,,172.5,ADVH7F37ADC6-1G,CCO,64-17-5,74.00,2858-240ML
CCC1=CC=C(C#N)C=C1C(C)(C)C,CC(C)(C)c1cc(C#N)cc[c:1]1[CH2:2]C,[c:1]-[C:2],"[1, 2]","[1, 2]",CC(C)(C)c1cc(C#N)cc[cH:1]1,1,C[CH3:2],2,alcohol,3,amine,4,CC(C)(C)c1cc(C#N)ccc1O,,172.5,ADVH7F37ADC6-1G,CCN,75-04-7,20.70,471208-100ML
CCC1=CC=C(C#N)C=C1C(C)(C)C,CC(C)(C)c1cc(C#N)cc[c:1]1[CH2:2]C,[c:1]-[C:2],"[1, 2]","[1, 2]",CC(C)(C)c1cc(C#N)cc[cH:1]1,1,C[CH3:2],2,alcohol,3,acid,4,CC(C)(C)c1cc(C#N)ccc1O,,172.5,ADVH7F37ADC6-1G,CCC(=O)O,79-09-4,37.90,P5561-1L
CCC1=CC=C(C#N)C=C1C(C)(C)C,CC(C)(C)c1cc(C#N)cc[c:1]1[CH2:2]C,[c:1]-[C:2],"[1, 2]","[1, 2]",CC(C)(C)c1cc(C#N)cc[cH:1]1,1,C[CH3:2],2,alcohol,3,chloride,4,CC(C)(C)c1cc(C#N)ccc1O,,172.5,ADVH7F37ADC6-1G,CCCl,75-00-3,178.00,295310-1KG
CCC1=CC=C(C#N)C=C1C(C)(C)C,CC(C)(C)c1cc(C#N)cc[c:1]1[CH2:2]C,[c:1]-[C:2],"[1, 2]","[1, 2]",CC(C)(C)c1cc(C#N)cc[cH:1]1,1,C[CH3:2],2,alcohol,3,bromide,4,CC(C)(C)c1cc(C#N)ccc1O,,172.5,ADVH7F37ADC6-1G,CCBr,74-96-4,55.70,239607-50G
CCC1=CC=C(C#N)C=C1C(C)(C)C,CC(C)(C)c1cc(C#N)cc[c:1]1[CH2:2]C,[c:1]-[C:2],"[1, 2]","[1, 2]",CC(C)(C)c1cc(C#N)cc[cH:1]1,1,C[CH3:2],2,alcohol,3,iodide,4,CC(C)(C)c1cc(C#N)ccc1O,,172.5,ADVH7F37ADC6-1G,CCI,75-03-6,24.00,I7780-5G
CCC1=CC=C(C#N)C=C1C(C)(C)C,CC(C)(C)c1cc(C#N)cc[c:1]1[CH2:2]C,[c:1]-[C:2],"[1, 2]","[1, 2]",CC(C)(C)c1cc(C#N)cc[cH:1]1,1,C[CH3:2],2,alcohol,3,boronate,4,CC(C)(C)c1cc(C#N)ccc1O,,172.5,ADVH7F37ADC6-1G,CCB(O)O,,66.00,CDS003542-250MG
CCC1=CC=C(C#N)C=C1C(C)(C)C,CCc1ccc(C#N)c[c:1]1[C:2](C)(C)C,[c:1]-[C:2],"[1, 2]","[1, 2]",CCc1ccc(C#N)c[cH:1]1,1,C[CH:2](C)C,2,hydrogen,3,hydrogen,4,CCc1ccc(C#N)cc1,25309-65-3,49.60,527726-1ML,CC(C)C,75-28-5,506.00,539821-170G
CCC1=CC=C(C#N)C=C1C(C)(C)C,CCc1ccc(C#N)c[c:1]1[C:2](C)(C)C,[c:1]-[C:2],"[1, 2]","[1, 2]",CCc1ccc(C#N)c[cH:1]1,1,C[CH:2](C)C,2,hydrogen,3,alcohol,4,CCc1ccc(C#N)cc1,25309-65-3,49.60,527726-1ML,CC(C)(C)O,75-65-0,64.00,471712-100ML
CCC1=CC=C(C#N)C=C1C(C)(C)C,CCc1ccc(C#N)c[c:1]1[C:2](C)(C)C,[c:1]-[C:2],"[1, 2]","[1, 2]",CCc1ccc(C#N)c[cH:1]1,1,C[CH:2](C)C,2,hydrogen,3,amine,4,CCc1ccc(C#N)cc1,25309-65-3,49.60,527726-1ML,CC(C)(C)N,75-64-9,18.10,B89205-5ML
CCC1=CC=C(C#N)C=C1C(C)(C)C,CCc1ccc(C#N)c[c:1]1[C:2](C)(C)C,[c:1]-[C:2],"[1, 2]","[1, 2]",CCc1ccc(C#N)c[cH:1]1,1,C[CH:2](C)C,2,hydrogen,3,acid,4,CCc1ccc(C#N)cc1,25309-65-3,49.60,527726-1ML,CC(C)(C)C(=O)O,75-98-9,21.10,T71803-5ML
CCC1=CC=C(C#N)C=C1C(C)(C)C,CCc1ccc(C#N)c[c:1]1[C:2](C)(C)C,[c:1]-[C:2],"[1, 2]","[1, 2]",CCc1ccc(C#N)c[cH:1]1,1,C[CH:2](C)C,2,hydrogen,3,chloride,4,CCc1ccc(C#N)cc1,25309-65-3,49.60,527726-1ML,CC(C)(C)Cl,507-20-0,27.10,C56352-25ML
CCC1=CC=C(C#N)C=C1C(C)(C)C,CCc1ccc(C#N)c[c:1]1[C:2](C)(C)C,[c:1]-[C:2],"[1, 2]","[1, 2]",CCc1ccc(C#N)c[cH:1]1,1,C[CH:2](C)C,2,hydrogen,3,bromide,4,CCc1ccc(C#N)cc1,25309-65-3,49.60,527726-1ML,CC(C)(C)Br,507-19-7,29.50,135615-5G
CCC1=CC=C(C#N)C=C1C(C)(C)C,CCc1ccc(C#N)c[c:1]1[C:2](C)(C)C,[c:1]-[C:2],"[1, 2]","[1, 2]",CCc1ccc(C#N)c[cH:1]1,1,C[CH:2](C)C,2,hydrogen,3,iodide,4,CCc1ccc(C#N)cc1,25309-65-3,49.60,527726-1ML,CC(C)(C)I,558-17-8,78.00,245798-25G
CN(CC=O)C1CCCC2=CC=CC=C21,C[N:2](C1CCCc2ccccc21)[CH2:1]C=O,[C:1]-[N:2],"[1, 2]","[1, 2]",O=C[CH3:1],1,C[NH:2]C1CCCc2ccccc21,2,hydrogen,3,hydrogen,4,CC=O,75-07-0,119.00,W200360-1.9KG-K,CNC1CCCc2ccccc21,10409-15-1,162.00,CBR00363-1G
CN(CC=O)C1CCCC2=CC=CC=C21,C[N:2](C1CCCc2ccccc21)[CH2:1]C=O,[C:1]-[N:2],"[1, 2]","[1, 2]",O=C[CH3:1],1,C[NH:2]C1CCCc2ccccc21,2,chloride,3,hydrogen,4,O=CCCl,107-20-0,39.30,317276-5ML,CNC1CCCc2ccccc21,10409-15-1,162.00,CBR00363-1G
CC(C)(C)C1=CC=CC2=C1C(N)=NN2,C[C:2](C)(C)[c:1]1cccc2[nH]nc(N)c21,[c:1]-[C:2],"[1, 2]","[1, 2]",Nc1n[nH]c2ccc[cH:1]c12,1,C[CH:2](C)C,2,hydrogen,3,hydrogen,4,Nc1n[nH]c2ccccc12,,413.00,CDS014250-250MG,CC(C)C,75-28-5,506.00,539821-170G
CC(C)(C)C1=CC=CC2=C1C(N)=NN2,C[C:2](C)(C)[c:1]1cccc2[nH]nc(N)c21,[c:1]-[C:2],"[1, 2]","[1, 2]",Nc1n[nH]c2ccc[cH:1]c12,1,C[CH:2](C)C,2,hydrogen,3,alcohol,4,Nc1n[nH]c2ccccc12,,413.00,CDS014250-250MG,CC(C)(C)O,75-65-0,64.00,471712-100ML
CC(C)(C)C1=CC=CC2=C1C(N)=NN2,C[C:2](C)(C)[c:1]1cccc2[nH]nc(N)c21,[c:1]-[C:2],"[1, 2]","[1, 2]",Nc1n[nH]c2ccc[cH:1]c12,1,C[CH:2](C)C,2,hydrogen,3,amine,4,Nc1n[nH]c2ccccc12,,413.00,CDS014250-250MG,CC(C)(C)N,75-64-9,18.10,B89205-5ML
CC(C)(C)C1=CC=CC2=C1C(N)=NN2,C[C:2](C)(C)[c:1]1cccc2[nH]nc(N)c21,[c:1]-[C:2],"[1, 2]","[1, 2]",Nc1n[nH]c2ccc[cH:1]c12,1,C[CH:2](C)C,2,hydrogen,3,acid,4,Nc1n[nH]c2ccccc12,,413.00,CDS014250-250MG,CC(C)(C)C(=O)O,75-98-9,21.10,T71803-5ML
CC(C)(C)C1=CC=CC2=C1C(N)=NN2,C[C:2](C)(C)[c:1]1cccc2[nH]nc(N)c21,[c:1]-[C:2],"[1, 2]","[1, 2]",Nc1n[nH]c2ccc[cH:1]c12,1,C[CH:2](C)C,2,hydrogen,3,chloride,4,Nc1n[nH]c2ccccc12,,413.00,CDS014250-250MG,CC(C)(C)Cl,507-20-0,27.10,C56352-25ML
CC(C)(C)C1=CC=CC2=C1C(N)=NN2,C[C:2](C)(C)[c:1]1cccc2[nH]nc(N)c21,[c:1]-[C:2],"[1, 2]","[1, 2]",Nc1n[nH]c2ccc[cH:1]c12,1,C[CH:2](C)C,2,hydrogen,3,bromide,4,Nc1n[nH]c2ccccc12,,413.00,CDS014250-250MG,CC(C)(C)Br,507-19-7,29.50,135615-5G
CC(C)(C)C1=CC=CC2=C1C(N)=NN2,C[C:2](C)(C)[c:1]1cccc2[nH]nc(N)c21,[c:1]-[C:2],"[1, 2]","[1, 2]",Nc1n[nH]c2ccc[cH:1]c12,1,C[CH:2](C)C,2,hydrogen,3,iodide,4,Nc1n[nH]c2ccccc12,,413.00,CDS014250-250MG,CC(C)(C)I,558-17-8,78.00,245798-25G
CC(C)(C)C1=CC=CC2=C1C(N)=NN2,C[C:2](C)(C)[c:1]1cccc2[nH]nc(N)c21,[c:1]-[C:2],"[1, 2]","[1, 2]",Nc1n[nH]c2ccc[cH:1]c12,1,C[CH:2](C)C,2,acid,3,hydrogen,4,Nc1n[nH]c2cccc(C(=O)O)c12,1378774-23-2,621,ADV638390992-1G,CC(C)C,75-28-5,506.00,539821-170G
CC(C)(C)C1=CC=CC2=C1C(N)=NN2,C[C:2](C)(C)[c:1]1cccc2[nH]nc(N)c21,[c:1]-[C:2],"[1, 2]","[1, 2]",Nc1n[nH]c2ccc[cH:1]c12,1,C[CH:2](C)C,2,acid,3,alcohol,4,Nc1n[nH]c2cccc(C(=O)O)c12,1378774-23-2,621,ADV638390992-1G,CC(C)(C)O,75-65-0,64.00,471712-100ML
CC(C)(C)C1=CC=CC2=C1C(N)=NN2,C[C:2](C)(C)[c:1]1cccc2[nH]nc(N)c21,[c:1]-[C:2],"[1, 2]","[1, 2]",Nc1n[nH]c2ccc[cH:1]c12,1,C[CH:2](C)C,2,acid,3,amine,4,Nc1n[nH]c2cccc(C(=O)O)c12,1378774-23-2,621,ADV638390992-1G,CC(C)(C)N,75-64-9,18.10,B89205-5ML
CC(C)(C)C1=CC=CC2=C1C(N)=NN2,C[C:2](C)(C)[c:1]1cccc2[nH]nc(N)c21,[c:1]-[C:2],"[1, 2]","[1, 2]",Nc1n[nH]c2ccc[cH:1]c12,1,C[CH:2](C)C,2,acid,3,acid,4,Nc1n[nH]c2cccc(C(=O)O)c12,1378774-23-2,621,ADV638390992-1G,CC(C)(C)C(=O)O,75-98-9,21.10,T71803-5ML
CC(C)(C)C1=CC=CC2=C1C(N)=NN2,C[C:2](C)(C)[c:1]1cccc2[nH]nc(N)c21,[c:1]-[C:2],"[1, 2]","[1, 2]",Nc1n[nH]c2ccc[cH:1]c12,1,C[CH:2](C)C,2,acid,3,chloride,4,Nc1n[nH]c2cccc(C(=O)O)c12,1378774-23-2,621,ADV638390992-1G,CC(C)(C)Cl,507-20-0,27.10,C56352-25ML
CC(C)(C)C1=CC=CC2=C1C(N)=NN2,C[C:2](C)(C)[c:1]1cccc2[nH]nc(N)c21,[c:1]-[C:2],"[1, 2]","[1, 2]",Nc1n[nH]c2ccc[cH:1]c12,1,C[CH:2](C)C,2,acid,3,bromide,4,Nc1n[nH]c2cccc(C(=O)O)c12,1378774-23-2,621,ADV638390992-1G,CC(C)(C)Br,507-19-7,29.50,135615-5G
CC(C)(C)C1=CC=CC2=C1C(N)=NN2,C[C:2](C)(C)[c:1]1cccc2[nH]nc(N)c21,[c:1]-[C:2],"[1, 2]","[1, 2]",Nc1n[nH]c2ccc[cH:1]c12,1,C[CH:2](C)C,2,acid,3,iodide,4,Nc1n[nH]c2cccc(C(=O)O)c12,1378774-23-2,621,ADV638390992-1G,CC(C)(C)I,558-17-8,78.00,245798-25G
CC(C)(C)C1=CC=CC2=C1C(N)=NN2,C[C:2](C)(C)[c:1]1cccc2[nH]nc(N)c21,[c:1]-[C:2],"[1, 2]","[1, 2]",Nc1n[nH]c2ccc[cH:1]c12,1,C[CH:2](C)C,2,chloride,3,hydrogen,4,Nc1n[nH]c2cccc(Cl)c12,20925-60-4,187,SY3H3D67A40E-10G,CC(C)C,75-28-5,506.00,539821-170G
CC(C)(C)C1=CC=CC2=C1C(N)=NN2,C[C:2](C)(C)[c:1]1cccc2[nH]nc(N)c21,[c:1]-[C:2],"[1, 2]","[1, 2]",Nc1n[nH]c2ccc[cH:1]c12,1,C[CH:2](C)C,2,chloride,3,alcohol,4,Nc1n[nH]c2cccc(Cl)c12,20925-60-4,187,SY3H3D67A40E-10G,CC(C)(C)O,75-65-0,64.00,471712-100ML
CC(C)(C)C1=CC=CC2=C1C(N)=NN2,C[C:2](C)(C)[c:1]1cccc2[nH]nc(N)c21,[c:1]-[C:2],"[1, 2]","[1, 2]",Nc1n[nH]c2ccc[cH:1]c12,1,C[CH:2](C)C,2,chloride,3,amine,4,Nc1n[nH]c2cccc(Cl)c12,20925-60-4,187,SY3H3D67A40E-10G,CC(C)(C)N,75-64-9,18.10,B89205-5ML
CC(C)(C)C1=CC=CC2=C1C(N)=NN2,C[C:2](C)(C)[c:1]1cccc2[nH]nc(N)c21,[c:1]-[C:2],"[1, 2]","[1, 2]",Nc1n[nH]c2ccc[cH:1]c12,1,C[CH:2](C)C,2,chloride,3,acid,4,Nc1n[nH]c2cccc(Cl)c12,20925-60-4,187,SY3H3D67A40E-10G,CC(C)(C)C(=O)O,75-98-9,21.10,T71803-5ML
CC(C)(C)C1=CC=CC2=C1C(N)=NN2,C[C:2](C)(C)[c:1]1cccc2[nH]nc(N)c21,[c:1]-[C:2],"[1, 2]","[1, 2]",Nc1n[nH]c2ccc[cH:1]c12,1,C[CH:2](C)C,2,chloride,3,chloride,4,Nc1n[nH]c2cccc(Cl)c12,20925-60-4,187,SY3H3D67A40E-10G,CC(C)(C)Cl,507-20-0,27.10,C56352-25ML
CC(C)(C)C1=CC=CC2=C1C(N)=NN2,C[C:2](C)(C)[c:1]1cccc2[nH]nc(N)c21,[c:1]-[C:2],"[1, 2]","[1, 2]",Nc1n[nH]c2ccc[cH:1]c12,1,C[CH:2](C)C,2,chloride,3,bromide,4,Nc1n[nH]c2cccc(Cl)c12,20925-60-4,187,SY3H3D67A40E-10G,CC(C)(C)Br,507-19-7,29.50,135615-5G
CC(C)(C)C1=CC=CC2=C1C(N)=NN2,C[C:2](C)(C)[c:1]1cccc2[nH]nc(N)c21,[c:1]-[C:2],"[1, 2]","[1, 2]",Nc1n[nH]c2ccc[cH:1]c12,1,C[CH:2](C)C,2,chloride,3,iodide,4,Nc1n[nH]c2cccc(Cl)c12,20925-60-4,187,SY3H3D67A40E-10G,CC(C)(C)I,558-17-8,78.00,245798-25G
CC(C)(C)C1=CC=CC2=C1C(N)=NN2,C[C:2](C)(C)[c:1]1cccc2[nH]nc(N)c21,[c:1]-[C:2],"[1, 2]","[1, 2]",Nc1n[nH]c2ccc[cH:1]c12,1,C[CH:2](C)C,2,bromide,3,hydrogen,4,Nc1n[nH]c2cccc(Br)c12,914311-50-5,70.4,AMBH303C64C3-1G,CC(C)C,75-28-5,506.00,539821-170G
CC(C)(C)C1=CC=CC2=C1C(N)=NN2,C[C:2](C)(C)[c:1]1cccc2[nH]nc(N)c21,[c:1]-[C:2],"[1, 2]","[1, 2]",Nc1n[nH]c2ccc[cH:1]c12,1,C[CH:2](C)C,2,bromide,3,alcohol,4,Nc1n[nH]c2cccc(Br)c12,914311-50-5,70.4,AMBH303C64C3-1G,CC(C)(C)O,75-65-0,64.00,471712-100ML
CC(C)(C)C1=CC=CC2=C1C(N)=NN2,C[C:2](C)(C)[c:1]1cccc2[nH]nc(N)c21,[c:1]-[C:2],"[1, 2]","[1, 2]",Nc1n[nH]c2ccc[cH:1]c12,1,C[CH:2](C)C,2,bromide,3,amine,4,Nc1n[nH]c2cccc(Br)c12,914311-50-5,70.4,AMBH303C64C3-1G,CC(C)(C)N,75-64-9,18.10,B89205-5ML
CC(C)(C)C1=CC=CC2=C1C(N)=NN2,C[C:2](C)(C)[c:1]1cccc2[nH]nc(N)c21,[c:1]-[C:2],"[1, 2]","[1, 2]",Nc1n[nH]c2ccc[cH:1]c12,1,C[CH:2](C)C,2,bromide,3,acid,4,Nc1n[nH]c2cccc(Br)c12,914311-50-5,70.4,AMBH303C64C3-1G,CC(C)(C)C(=O)O,75-98-9,21.10,T71803-5ML
CC(C)(C)C1=CC=CC2=C1C(N)=NN2,C[C:2](C)(C)[c:1]1cccc2[nH]nc(N)c21,[c:1]-[C:2],"[1, 2]","[1, 2]",Nc1n[nH]c2ccc[cH:1]c12,1,C[CH:2](C)C,2,bromide,3,chloride,4,Nc1n[nH]c2cccc(Br)c12,914311-50-5,70.4,AMBH303C64C3-1G,CC(C)(C)Cl,507-20-0,27.10,C56352-25ML
CC(C)(C)C1=CC=CC2=C1C(N)=NN2,C[C:2](C)(C)[c:1]1cccc2[nH]nc(N)c21,[c:1]-[C:2],"[1, 2]","[1, 2]",Nc1n[nH]c2ccc[cH:1]c12,1,C[CH:2](C)C,2,bromide,3,bromide,4,Nc1n[nH]c2cccc(Br)c12,914311-50-5,70.4,AMBH303C64C3-1G,CC(C)(C)Br,507-19-7,29.50,135615-5G
CC(C)(C)C1=CC=CC2=C1C(N)=NN2,C[C:2](C)(C)[c:1]1cccc2[nH]nc(N)c21,[c:1]-[C:2],"[1, 2]","[1, 2]",Nc1n[nH]c2ccc[cH:1]c12,1,C[CH:2](C)C,2,bromide,3,iodide,4,Nc1n[nH]c2cccc(Br)c12,914311-50-5,70.4,AMBH303C64C3-1G,CC(C)(C)I,558-17-8,78.00,245798-25G
CC(C)(C)C1=CC=CC2=C1C(N)=NN2,C[C:2](C)(C)[c:1]1cccc2[nH]nc(N)c21,[c:1]-[C:2],"[1, 2]","[1, 2]",Nc1n[nH]c2ccc[cH:1]c12,1,C[CH:2](C)C,2,iodide,3,hydrogen,4,Nc1n[nH]c2cccc(I)c12,599191-73-8,55,AMBH2D7028DE-1G,CC(C)C,75-28-5,506.00,539821-170G
CC(C)(C)C1=CC=CC2=C1C(N)=NN2,C[C:2](C)(C)[c:1]1cccc2[nH]nc(N)c21,[c:1]-[C:2],"[1, 2]","[1, 2]",Nc1n[nH]c2ccc[cH:1]c12,1,C[CH:2](C)C,2,iodide,3,alcohol,4,Nc1n[nH]c2cccc(I)c12,599191-73-8,55,AMBH2D7028DE-1G,CC(C)(C)O,75-65-0,64.00,471712-100ML
CC(C)(C)C1=CC=CC2=C1C(N)=NN2,C[C:2](C)(C)[c:1]1cccc2[nH]nc(N)c21,[c:1]-[C:2],"[1, 2]","[1, 2]",Nc1n[nH]c2ccc[cH:1]c12,1,C[CH:2](C)C,2,iodide,3,amine,4,Nc1n[nH]c2cccc(I)c12,599191-73-8,55,AMBH2D7028DE-1G,CC(C)(C)N,75-64-9,18.10,B89205-5ML
CC(C)(C)C1=CC=CC2=C1C(N)=NN2,C[C:2](C)(C)[c:1]1cccc2[nH]nc(N)c21,[c:1]-[C:2],"[1, 2]","[1, 2]",Nc1n[nH]c2ccc[cH:1]c12,1,C[CH:2](C)C,2,iodide,3,acid,4,Nc1n[nH]c2cccc(I)c12,599191-73-8,55,AMBH2D7028DE-1G,CC(C)(C)C(=O)O,75-98-9,21.10,T71803-5ML
CC(C)(C)C1=CC=CC2=C1C(N)=NN2,C[C:2](C)(C)[c:1]1cccc2[nH]nc(N)c21,[c:1]-[C:2],"[1, 2]","[1, 2]",Nc1n[nH]c2ccc[cH:1]c12,1,C[CH:2](C)C,2,iodide,3,chloride,4,Nc1n[nH]c2cccc(I)c12,599191-73-8,55,AMBH2D7028DE-1G,CC(C)(C)Cl,507-20-0,27.10,C56352-25ML
CC(C)(C)C1=CC=CC2=C1C(N)=NN2,C[C:2](C)(C)[c:1]1cccc2[nH]nc(N)c21,[c:1]-[C:2],"[1, 2]","[1, 2]",Nc1n[nH]c2ccc[cH:1]c12,1,C[CH:2](C)C,2,iodide,3,bromide,4,Nc1n[nH]c2cccc(I)c12,599191-73-8,55,AMBH2D7028DE-1G,CC(C)(C)Br,507-19-7,29.50,135615-5G
CC(C)(C)C1=CC=CC2=C1C(N)=NN2,C[C:2](C)(C)[c:1]1cccc2[nH]nc(N)c21,[c:1]-[C:2],"[1, 2]","[1, 2]",Nc1n[nH]c2ccc[cH:1]c12,1,C[CH:2](C)C,2,iodide,3,iodide,4,Nc1n[nH]c2cccc(I)c12,599191-73-8,55,AMBH2D7028DE-1G,CC(C)(C)I,558-17-8,78.00,245798-25G
COC1=CC=CC=C1OCCNC(=O)COC(=O)C1=CC([N+](=O)[O-])=CC=C1N(C)C,COc1ccccc1OCCNC(=O)[CH2:1][O:2]C(=O)c1cc([N+](=O)[O-])ccc1N(C)C,[C:1]-[O:2],"[1, 2]","[1, 2]",COc1ccccc1OCCNC(=O)[CH3:1],1,CN(C)c1ccc([N+](=O)[O-])cc1C(=O)[OH:2],2,hydrogen,3,hydrogen,4,COc1ccccc1OCCNC(C)=O,,413.00,TMT00409-1G,CN(C)c1ccc([N+](=O)[O-])cc1C(=O)O,4405-28-1,404.25,ENA024295884-1G
CC(C)(C)C1=CC=CC2=C1C(N)=NN2,C[C:2](C)(C)[c:1]1cccc2[nH]nc(N)c21,[c:1]-[C:2],"[1, 2]","[1, 2]",Nc1n[nH]c2ccc[cH:1]c12,1,C[CH:2](C)C,2,hydrogen,3,hydrogen,4,Nc1n[nH]c2ccccc12,,413.00,CDS014250-250MG,CC(C)C,75-28-5,506.00,539821-170G
CC(C)(C)C1=CC=CC2=C1C(N)=NN2,C[C:2](C)(C)[c:1]1cccc2[nH]nc(N)c21,[c:1]-[C:2],"[1, 2]","[1, 2]",Nc1n[nH]c2ccc[cH:1]c12,1,C[CH:2](C)C,2,hydrogen,3,alcohol,4,Nc1n[nH]c2ccccc12,,413.00,CDS014250-250MG,CC(C)(C)O,75-65-0,64.00,471712-100ML
CC(C)(C)C1=CC=CC2=C1C(N)=NN2,C[C:2](C)(C)[c:1]1cccc2[nH]nc(N)c21,[c:1]-[C:2],"[1, 2]","[1, 2]",Nc1n[nH]c2ccc[cH:1]c12,1,C[CH:2](C)C,2,hydrogen,3,amine,4,Nc1n[nH]c2ccccc12,,413.00,CDS014250-250MG,CC(C)(C)N,75-64-9,18.10,B89205-5ML
CC(C)(C)C1=CC=CC2=C1C(N)=NN2,C[C:2](C)(C)[c:1]1cccc2[nH]nc(N)c21,[c:1]-[C:2],"[1, 2]","[1, 2]",Nc1n[nH]c2ccc[cH:1]c12,1,C[CH:2](C)C,2,hydrogen,3,acid,4,Nc1n[nH]c2ccccc12,,413.00,CDS014250-250MG,CC(C)(C)C(=O)O,75-98-9,21.10,T71803-5ML
CC(C)(C)C1=CC=CC2=C1C(N)=NN2,C[C:2](C)(C)[c:1]1cccc2[nH]nc(N)c21,[c:1]-[C:2],"[1, 2]","[1, 2]",Nc1n[nH]c2ccc[cH:1]c12,1,C[CH:2](C)C,2,hydrogen,3,chloride,4,Nc1n[nH]c2ccccc12,,413.00,CDS014250-250MG,CC(C)(C)Cl,507-20-0,27.10,C56352-25ML
CC(C)(C)C1=CC=CC2=C1C(N)=NN2,C[C:2](C)(C)[c:1]1cccc2[nH]nc(N)c21,[c:1]-[C:2],"[1, 2]","[1, 2]",Nc1n[nH]c2ccc[cH:1]c12,1,C[CH:2](C)C,2,hydrogen,3,bromide,4,Nc1n[nH]c2ccccc12,,413.00,CDS014250-250MG,CC(C)(C)Br,507-19-7,29.50,135615-5G
CC(C)(C)C1=CC=CC2=C1C(N)=NN2,C[C:2](C)(C)[c:1]1cccc2[nH]nc(N)c21,[c:1]-[C:2],"[1, 2]","[1, 2]",Nc1n[nH]c2ccc[cH:1]c12,1,C[CH:2](C)C,2,hydrogen,3,iodide,4,Nc1n[nH]c2ccccc12,,413.00,CDS014250-250MG,CC(C)(C)I,558-17-8,78.00,245798-25G
CC(C)(C)C1=CC=CC2=C1C(N)=NN2,C[C:2](C)(C)[c:1]1cccc2[nH]nc(N)c21,[c:1]-[C:2],"[1, 2]","[1, 2]",Nc1n[nH]c2ccc[cH:1]c12,1,C[CH:2](C)C,2,acid,3,hydrogen,4,Nc1n[nH]c2cccc(C(=O)O)c12,1378774-23-2,621,ADV638390992-1G,CC(C)C,75-28-5,506.00,539821-170G
CC(C)(C)C1=CC=CC2=C1C(N)=NN2,C[C:2](C)(C)[c:1]1cccc2[nH]nc(N)c21,[c:1]-[C:2],"[1, 2]","[1, 2]",Nc1n[nH]c2ccc[cH:1]c12,1,C[CH:2](C)C,2,acid,3,alcohol,4,Nc1n[nH]c2cccc(C(=O)O)c12,1378774-23-2,621,ADV638390992-1G,CC(C)(C)O,75-65-0,64.00,471712-100ML
CC(C)(C)C1=CC=CC2=C1C(N)=NN2,C[C:2](C)(C)[c:1]1cccc2[nH]nc(N)c21,[c:1]-[C:2],"[1, 2]","[1, 2]",Nc1n[nH]c2ccc[cH:1]c12,1,C[CH:2](C)C,2,acid,3,amine,4,Nc1n[nH]c2cccc(C(=O)O)c12,1378774-23-2,621,ADV638390992-1G,CC(C)(C)N,75-64-9,18.10,B89205-5ML
CC(C)(C)C1=CC=CC2=C1C(N)=NN2,C[C:2](C)(C)[c:1]1cccc2[nH]nc(N)c21,[c:1]-[C:2],"[1, 2]","[1, 2]",Nc1n[nH]c2ccc[cH:1]c12,1,C[CH:2](C)C,2,acid,3,acid,4,Nc1n[nH]c2cccc(C(=O)O)c12,1378774-23-2,621,ADV638390992-1G,CC(C)(C)C(=O)O,75-98-9,21.10,T71803-5ML
CC(C)(C)C1=CC=CC2=C1C(N)=NN2,C[C:2](C)(C)[c:1]1cccc2[nH]nc(N)c21,[c:1]-[C:2],"[1, 2]","[1, 2]",Nc1n[nH]c2ccc[cH:1]c12,1,C[CH:2](C)C,2,acid,3,chloride,4,Nc1n[nH]c2cccc(C(=O)O)c12,1378774-23-2,621,ADV638390992-1G,CC(C)(C)Cl,507-20-0,27.10,C56352-25ML
CC(C)(C)C1=CC=CC2=C1C(N)=NN2,C[C:2](C)(C)[c:1]1cccc2[nH]nc(N)c21,[c:1]-[C:2],"[1, 2]","[1, 2]",Nc1n[nH]c2ccc[cH:1]c12,1,C[CH:2](C)C,2,acid,3,bromide,4,Nc1n[nH]c2cccc(C(=O)O)c12,1378774-23-2,621,ADV638390992-1G,CC(C)(C)Br,507-19-7,29.50,135615-5G
CC(C)(C)C1=CC=CC2=C1C(N)=NN2,C[C:2](C)(C)[c:1]1cccc2[nH]nc(N)c21,[c:1]-[C:2],"[1, 2]","[1, 2]",Nc1n[nH]c2ccc[cH:1]c12,1,C[CH:2](C)C,2,acid,3,iodide,4,Nc1n[nH]c2cccc(C(=O)O)c12,1378774-23-2,621,ADV638390992-1G,CC(C)(C)I,558-17-8,78.00,245798-25G
CC(C)(C)C1=CC=CC2=C1C(N)=NN2,C[C:2](C)(C)[c:1]1cccc2[nH]nc(N)c21,[c:1]-[C:2],"[1, 2]","[1, 2]",Nc1n[nH]c2ccc[cH:1]c12,1,C[CH:2](C)C,2,chloride,3,hydrogen,4,Nc1n[nH]c2cccc(Cl)c12,20925-60-4,187,SY3H3D67A40E-10G,CC(C)C,75-28-5,506.00,539821-170G
CC(C)(C)C1=CC=CC2=C1C(N)=NN2,C[C:2](C)(C)[c:1]1cccc2[nH]nc(N)c21,[c:1]-[C:2],"[1, 2]","[1, 2]",Nc1n[nH]c2ccc[cH:1]c12,1,C[CH:2](C)C,2,chloride,3,alcohol,4,Nc1n[nH]c2cccc(Cl)c12,20925-60-4,187,SY3H3D67A40E-10G,CC(C)(C)O,75-65-0,64.00,471712-100ML
CC(C)(C)C1=CC=CC2=C1C(N)=NN2,C[C:2](C)(C)[c:1]1cccc2[nH]nc(N)c21,[c:1]-[C:2],"[1, 2]","[1, 2]",Nc1n[nH]c2ccc[cH:1]c12,1,C[CH:2](C)C,2,chloride,3,amine,4,Nc1n[nH]c2cccc(Cl)c12,20925-60-4,187,SY3H3D67A40E-10G,CC(C)(C)N,75-64-9,18.10,B89205-5ML
CC(C)(C)C1=CC=CC2=C1C(N)=NN2,C[C:2](C)(C)[c:1]1cccc2[nH]nc(N)c21,[c:1]-[C:2],"[1, 2]","[1, 2]",Nc1n[nH]c2ccc[cH:1]c12,1,C[CH:2](C)C,2,chloride,3,acid,4,Nc1n[nH]c2cccc(Cl)c12,20925-60-4,187,SY3H3D67A40E-10G,CC(C)(C)C(=O)O,75-98-9,21.10,T71803-5ML
CC(C)(C)C1=CC=CC2=C1C(N)=NN2,C[C:2](C)(C)[c:1]1cccc2[nH]nc(N)c21,[c:1]-[C:2],"[1, 2]","[1, 2]",Nc1n[nH]c2ccc[cH:1]c12,1,C[CH:2](C)C,2,chloride,3,chloride,4,Nc1n[nH]c2cccc(Cl)c12,20925-60-4,187,SY3H3D67A40E-10G,CC(C)(C)Cl,507-20-0,27.10,C56352-25ML
CC(C)(C)C1=CC=CC2=C1C(N)=NN2,C[C:2](C)(C)[c:1]1cccc2[nH]nc(N)c21,[c:1]-[C:2],"[1, 2]","[1, 2]",Nc1n[nH]c2ccc[cH:1]c12,1,C[CH:2](C)C,2,chloride,3,bromide,4,Nc1n[nH]c2cccc(Cl)c12,20925-60-4,187,SY3H3D67A40E-10G,CC(C)(C)Br,507-19-7,29.50,135615-5G
CC(C)(C)C1=CC=CC2=C1C(N)=NN2,C[C:2](C)(C)[c:1]1cccc2[nH]nc(N)c21,[c:1]-[C:2],"[1, 2]","[1, 2]",Nc1n[nH]c2ccc[cH:1]c12,1,C[CH:2](C)C,2,chloride,3,iodide,4,Nc1n[nH]c2cccc(Cl)c12,20925-60-4,187,SY3H3D67A40E-10G,CC(C)(C)I,558-17-8,78.00,245798-25G
CC(C)(C)C1=CC=CC2=C1C(N)=NN2,C[C:2](C)(C)[c:1]1cccc2[nH]nc(N)c21,[c:1]-[C:2],"[1, 2]","[1, 2]",Nc1n[nH]c2ccc[cH:1]c12,1,C[CH:2](C)C,2,bromide,3,hydrogen,4,Nc1n[nH]c2cccc(Br)c12,914311-50-5,70.4,AMBH303C64C3-1G,CC(C)C,75-28-5,506.00,539821-170G
CC(C)(C)C1=CC=CC2=C1C(N)=NN2,C[C:2](C)(C)[c:1]1cccc2[nH]nc(N)c21,[c:1]-[C:2],"[1, 2]","[1, 2]",Nc1n[nH]c2ccc[cH:1]c12,1,C[CH:2](C)C,2,bromide,3,alcohol,4,Nc1n[nH]c2cccc(Br)c12,914311-50-5,70.4,AMBH303C64C3-1G,CC(C)(C)O,75-65-0,64.00,471712-100ML
CC(C)(C)C1=CC=CC2=C1C(N)=NN2,C[C:2](C)(C)[c:1]1cccc2[nH]nc(N)c21,[c:1]-[C:2],"[1, 2]","[1, 2]",Nc1n[nH]c2ccc[cH:1]c12,1,C[CH:2](C)C,2,bromide,3,amine,4,Nc1n[nH]c2cccc(Br)c12,914311-50-5,70.4,AMBH303C64C3-1G,CC(C)(C)N,75-64-9,18.10,B89205-5ML
CC(C)(C)C1=CC=CC2=C1C(N)=NN2,C[C:2](C)(C)[c:1]1cccc2[nH]nc(N)c21,[c:1]-[C:2],"[1, 2]","[1, 2]",Nc1n[nH]c2ccc[cH:1]c12,1,C[CH:2](C)C,2,bromide,3,acid,4,Nc1n[nH]c2cccc(Br)c12,914311-50-5,70.4,AMBH303C64C3-1G,CC(C)(C)C(=O)O,75-98-9,21.10,T71803-5ML
CC(C)(C)C1=CC=CC2=C1C(N)=NN2,C[C:2](C)(C)[c:1]1cccc2[nH]nc(N)c21,[c:1]-[C:2],"[1, 2]","[1, 2]",Nc1n[nH]c2ccc[cH:1]c12,1,C[CH:2](C)C,2,bromide,3,chloride,4,Nc1n[nH]c2cccc(Br)c12,914311-50-5,70.4,AMBH303C64C3-1G,CC(C)(C)Cl,507-20-0,27.10,C56352-25ML
CC(C)(C)C1=CC=CC2=C1C(N)=NN2,C[C:2](C)(C)[c:1]1cccc2[nH]nc(N)c21,[c:1]-[C:2],"[1, 2]","[1, 2]",Nc1n[nH]c2ccc[cH:1]c12,1,C[CH:2](C)C,2,bromide,3,bromide,4,Nc1n[nH]c2cccc(Br)c12,914311-50-5,70.4,AMBH303C64C3-1G,CC(C)(C)Br,507-19-7,29.50,135615-5G
CC(C)(C)C1=CC=CC2=C1C(N)=NN2,C[C:2](C)(C)[c:1]1cccc2[nH]nc(N)c21,[c:1]-[C:2],"[1, 2]","[1, 2]",Nc1n[nH]c2ccc[cH:1]c12,1,C[CH:2](C)C,2,bromide,3,iodide,4,Nc1n[nH]c2cccc(Br)c12,914311-50-5,70.4,AMBH303C64C3-1G,CC(C)(C)I,558-17-8,78.00,245798-25G
CC(C)(C)C1=CC=CC2=C1C(N)=NN2,C[C:2](C)(C)[c:1]1cccc2[nH]nc(N)c21,[c:1]-[C:2],"[1, 2]","[1, 2]",Nc1n[nH]c2ccc[cH:1]c12,1,C[CH:2](C)C,2,iodide,3,hydrogen,4,Nc1n[nH]c2cccc(I)c12,599191-73-8,55,AMBH2D7028DE-1G,CC(C)C,75-28-5,506.00,539821-170G
CC(C)(C)C1=CC=CC2=C1C(N)=NN2,C[C:2](C)(C)[c:1]1cccc2[nH]nc(N)c21,[c:1]-[C:2],"[1, 2]","[1, 2]",Nc1n[nH]c2ccc[cH:1]c12,1,C[CH:2](C)C,2,iodide,3,alcohol,4,Nc1n[nH]c2cccc(I)c12,599191-73-8,55,AMBH2D7028DE-1G,CC(C)(C)O,75-65-0,64.00,471712-100ML
CC(C)(C)C1=CC=CC2=C1C(N)=NN2,C[C:2](C)(C)[c:1]1cccc2[nH]nc(N)c21,[c:1]-[C:2],"[1, 2]","[1, 2]",Nc1n[nH]c2ccc[cH:1]c12,1,C[CH:2](C)C,2,iodide,3,amine,4,Nc1n[nH]c2cccc(I)c12,599191-73-8,55,AMBH2D7028DE-1G,CC(C)(C)N,75-64-9,18.10,B89205-5ML
CC(C)(C)C1=CC=CC2=C1C(N)=NN2,C[C:2](C)(C)[c:1]1cccc2[nH]nc(N)c21,[c:1]-[C:2],"[1, 2]","[1, 2]",Nc1n[nH]c2ccc[cH:1]c12,1,C[CH:2](C)C,2,iodide,3,acid,4,Nc1n[nH]c2cccc(I)c12,599191-73-8,55,AMBH2D7028DE-1G,CC(C)(C)C(=O)O,75-98-9,21.10,T71803-5ML
CC(C)(C)C1=CC=CC2=C1C(N)=NN2,C[C:2](C)(C)[c:1]1cccc2[nH]nc(N)c21,[c:1]-[C:2],"[1, 2]","[1, 2]",Nc1n[nH]c2ccc[cH:1]c12,1,C[CH:2](C)C,2,iodide,3,chloride,4,Nc1n[nH]c2cccc(I)c12,599191-73-8,55,AMBH2D7028DE-1G,CC(C)(C)Cl,507-20-0,27.10,C56352-25ML
CC(C)(C)C1=CC=CC2=C1C(N)=NN2,C[C:2](C)(C)[c:1]1cccc2[nH]nc(N)c21,[c:1]-[C:2],"[1, 2]","[1, 2]",Nc1n[nH]c2ccc[cH:1]c12,1,C[CH:2](C)C,2,iodide,3,bromide,4,Nc1n[nH]c2cccc(I)c12,599191-73-8,55,AMBH2D7028DE-1G,CC(C)(C)Br,507-19-7,29.50,135615-5G
CC(C)(C)C1=CC=CC2=C1C(N)=NN2,C[C:2](C)(C)[c:1]1cccc2[nH]nc(N)c21,[c:1]-[C:2],"[1, 2]","[1, 2]",Nc1n[nH]c2ccc[cH:1]c12,1,C[CH:2](C)C,2,iodide,3,iodide,4,Nc1n[nH]c2cccc(I)c12,599191-73-8,55,AMBH2D7028DE-1G,CC(C)(C)I,558-17-8,78.00,245798-25G
O=C(O)C1=CC=CC2=CC(CO)=NN12,O=[C:2](O)[c:1]1cccc2cc(CO)nn21,[c:1]-[C:2],"[1, 2]","[1, 2]",OCc1cc2ccc[cH:1]n2n1,1,O=[CH:2]O,2,hydrogen,3,hydrogen,4,OCc1cc2ccccn2n1,76943-47-0,210.0,JWPH3249E009-100MG,O=CO,64-18-6,133.00,Y0001970
O=C(O)C1=CC=CC2=CC(CO)=NN12,O=[C:2](O)[c:1]1cccc2cc(CO)nn21,[c:1]-[C:2],"[1, 2]","[1, 2]",OCc1cc2ccc[cH:1]n2n1,1,O=[CH:2]O,2,hydrogen,3,acid,4,OCc1cc2ccccn2n1,76943-47-0,210.0,JWPH3249E009-100MG,O=C(O)C(=O)O,144-62-7,47.20,75688-50G
O=C(O)C1=CC=CC2=CC(CO)=NN12,O=C(O)c1cccc2c[c:1]([CH2:2]O)nn12,[c:1]-[C:2],"[1, 2]","[1, 2]",O=C(O)c1cccc2c[cH:1]nn12,1,O[CH3:2],2,hydrogen,3,hydrogen,4,O=C(O)c1cccc2ccnn12,474432-62-7,247.5,CH4312834643-250MG,CO,67-56-1,30.20,M3641-500ML
O=C(O)C1=CC=CC2=CC(CO)=NN12,O=C(O)c1cccc2c[c:1]([CH2:2]O)nn12,[c:1]-[C:2],"[1, 2]","[1, 2]",O=C(O)c1cccc2c[cH:1]nn12,1,O[CH3:2],2,hydrogen,3,acid,4,O=C(O)c1cccc2ccnn12,474432-62-7,247.5,CH4312834643-250MG,O=C(O)CO,79-14-1,27.00,G8284-10MG
O=C(O)C1=CC=CC=C1C(=O)CCO,O=C(O)c1cccc[c:1]1[C:2](=O)CCO,[c:1]-[C:2],"[1, 2]","[1, 2]",O=C(O)c1cccc[cH:1]1,1,O=[CH:2]CCO,2,hydrogen,3,amine,4,O=C(O)c1ccccc1,65-85-0,148.00,427608-10G,NC(=O)CCO,2651-43-6,108.9,CH4415172978-250MG
O=C(O)C1=CC=CC=C1C(=O)CCO,O=C(O)c1cccc[c:1]1[C:2](=O)CCO,[c:1]-[C:2],"[1, 2]","[1, 2]",O=C(O)c1cccc[cH:1]1,1,O=[CH:2]CCO,2,amine,3,amine,4,Nc1ccccc1C(=O)O,118-92-3,83.10,10680-25G,NC(=O)CCO,2651-43-6,108.9,CH4415172978-250MG
O=C(O)C1=CC=CC=C1C(=O)CCO,O=C(O)c1cccc[c:1]1[C:2](=O)CCO,[c:1]-[C:2],"[1, 2]","[1, 2]",O=C(O)c1cccc[cH:1]1,1,O=[CH:2]CCO,2,acid,3,amine,4,O=C(O)c1ccccc1C(=O)O,88-99-3,29.90,P39303-100G,NC(=O)CCO,2651-43-6,108.9,CH4415172978-250MG
O=C(O)C1=CC=CC=C1C(=O)CCO,O=C(O)c1cccc[c:1]1[C:2](=O)CCO,[c:1]-[C:2],"[1, 2]","[1, 2]",O=C(O)c1cccc[cH:1]1,1,O=[CH:2]CCO,2,chloride,3,amine,4,O=C(O)c1ccccc1Cl,118-91-2,16.40,135577-5G,NC(=O)CCO,2651-43-6,108.9,CH4415172978-250MG
O=C(O)C1=CC=CC=C1C(=O)CCO,O=C(O)c1cccc[c:1]1[C:2](=O)CCO,[c:1]-[C:2],"[1, 2]","[1, 2]",O=C(O)c1cccc[cH:1]1,1,O=[CH:2]CCO,2,bromide,3,amine,4,O=C(O)c1ccccc1Br,88-65-3,32.30,137677-25G,NC(=O)CCO,2651-43-6,108.9,CH4415172978-250MG
O=C(O)C1=CC=CC=C1C(=O)CCO,O=C(O)c1cccc[c:1]1[C:2](=O)CCO,[c:1]-[C:2],"[1, 2]","[1, 2]",O=C(O)c1cccc[cH:1]1,1,O=[CH:2]CCO,2,iodide,3,amine,4,O=C(O)c1ccccc1I,88-67-5,25.60,418463-1G,NC(=O)CCO,2651-43-6,108.9,CH4415172978-250MG
O=C(O)C1=CC=CC=C1C(=O)CCO,O=C(O)c1cccc[c:1]1[C:2](=O)CCO,[c:1]-[C:2],"[1, 2]","[1, 2]",O=C(O)c1cccc[cH:1]1,1,O=[CH:2]CCO,2,boronate,3,amine,4,O=C(O)c1ccccc1B(O)O,,55.10,CDS004617-100MG,NC(=O)CCO,2651-43-6,108.9,CH4415172978-250MG
O=C(O)C1=CC=CC=C1C(=O)CCO,O=C(O)c1ccccc1[C:1](=O)[CH2:2]CO,[C:1]-[C:2],"[1, 2]","[1, 2]",O=C(O)c1ccccc1[CH:1]=O,1,OC[CH3:2],2,hydrogen,3,hydrogen,4,O=Cc1ccccc1C(=O)O,119-67-5,32.90,116017-25G,CCO,64-17-5,74.00,2858-240ML
O=C(O)C1=CC=CC=C1C(=O)CCO,O=C(O)c1ccccc1[C:1](=O)[CH2:2]CO,[C:1]-[C:2],"[1, 2]","[1, 2]",O=C(O)c1ccccc1[CH:1]=O,1,OC[CH3:2],2,hydrogen,3,alcohol,4,O=Cc1ccccc1C(=O)O,119-67-5,32.90,116017-25G,OCCO,107-21-1,48.20,324558-100ML
O=C(O)C1=CC=CC=C1C(=O)CCO,O=C(O)c1ccccc1[C:1](=O)[CH2:2]CO,[C:1]-[C:2],"[1, 2]","[1, 2]",O=C(O)c1ccccc1[CH:1]=O,1,OC[CH3:2],2,hydrogen,3,amine,4,O=Cc1ccccc1C(=O)O,119-67-5,32.90,116017-25G,NCCO,141-43-5,42.90,E0135-100ML
O=C(O)C1=CC=CC=C1C(=O)CCO,O=C(O)c1ccccc1[C:1](=O)[CH2:2]CO,[C:1]-[C:2],"[1, 2]","[1, 2]",O=C(O)c1ccccc1[CH:1]=O,1,OC[CH3:2],2,hydrogen,3,acid,4,O=Cc1ccccc1C(=O)O,119-67-5,32.90,116017-25G,O=C(O)CCO,,53.10,792659-1G
O=C(O)C1=CC=CC=C1C(=O)CCO,O=C(O)c1ccccc1[C:1](=O)[CH2:2]CO,[C:1]-[C:2],"[1, 2]","[1, 2]",O=C(O)c1ccccc1[CH:1]=O,1,OC[CH3:2],2,hydrogen,3,chloride,4,O=Cc1ccccc1C(=O)O,119-67-5,32.90,116017-25G,OCCCl,107-07-3,30.70,185744-50G
O=C(O)C1=CC=CC=C1C(=O)CCO,O=C(O)c1ccccc1[C:1](=O)[CH2:2]CO,[C:1]-[C:2],"[1, 2]","[1, 2]",O=C(O)c1ccccc1[CH:1]=O,1,OC[CH3:2],2,hydrogen,3,bromide,4,O=Cc1ccccc1C(=O)O,119-67-5,32.90,116017-25G,OCCBr,540-51-2,44.20,B65586-5G
O=C(O)C1=CC=CC=C1C(=O)CCO,O=C(O)c1ccccc1[C:1](=O)[CH2:2]CO,[C:1]-[C:2],"[1, 2]","[1, 2]",O=C(O)c1ccccc1[CH:1]=O,1,OC[CH3:2],2,hydrogen,3,iodide,4,O=Cc1ccccc1C(=O)O,119-67-5,32.90,116017-25G,OCCI,624-76-0,33.80,176850-5G
O=C(O)C1=CC=CC=C1C(=O)CCO,O=C(O)c1ccccc1[C:1](=O)[CH2:2]CO,[C:1]-[C:2],"[1, 2]","[1, 2]",O=C(O)c1ccccc1[CH:1]=O,1,OC[CH3:2],2,amine,3,hydrogen,4,NC(=O)c1ccccc1C(=O)O,88-97-1,57.30,556998-5G,CCO,64-17-5,74.00,2858-240ML
O=C(O)C1=CC=CC=C1C(=O)CCO,O=C(O)c1ccccc1[C:1](=O)[CH2:2]CO,[C:1]-[C:2],"[1, 2]","[1, 2]",O=C(O)c1ccccc1[CH:1]=O,1,OC[CH3:2],2,amine,3,alcohol,4,NC(=O)c1ccccc1C(=O)O,88-97-1,57.30,556998-5G,OCCO,107-21-1,48.20,324558-100ML
O=C(O)C1=CC=CC=C1C(=O)CCO,O=C(O)c1ccccc1[C:1](=O)[CH2:2]CO,[C:1]-[C:2],"[1, 2]","[1, 2]",O=C(O)c1ccccc1[CH:1]=O,1,OC[CH3:2],2,amine,3,amine,4,NC(=O)c1ccccc1C(=O)O,88-97-1,57.30,556998-5G,NCCO,141-43-5,42.90,E0135-100ML
O=C(O)C1=CC=CC=C1C(=O)CCO,O=C(O)c1ccccc1[C:1](=O)[CH2:2]CO,[C:1]-[C:2],"[1, 2]","[1, 2]",O=C(O)c1ccccc1[CH:1]=O,1,OC[CH3:2],2,amine,3,acid,4,NC(=O)c1ccccc1C(=O)O,88-97-1,57.30,556998-5G,O=C(O)CCO,,53.10,792659-1G
O=C(O)C1=CC=CC=C1C(=O)CCO,O=C(O)c1ccccc1[C:1](=O)[CH2:2]CO,[C:1]-[C:2],"[1, 2]","[1, 2]",O=C(O)c1ccccc1[CH:1]=O,1,OC[CH3:2],2,amine,3,chloride,4,NC(=O)c1ccccc1C(=O)O,88-97-1,57.30,556998-5G,OCCCl,107-07-3,30.70,185744-50G
O=C(O)C1=CC=CC=C1C(=O)CCO,O=C(O)c1ccccc1[C:1](=O)[CH2:2]CO,[C:1]-[C:2],"[1, 2]","[1, 2]",O=C(O)c1ccccc1[CH:1]=O,1,OC[CH3:2],2,amine,3,bromide,4,NC(=O)c1ccccc1C(=O)O,88-97-1,57.30,556998-5G,OCCBr,540-51-2,44.20,B65586-5G
O=C(O)C1=CC=CC=C1C(=O)CCO,O=C(O)c1ccccc1[C:1](=O)[CH2:2]CO,[C:1]-[C:2],"[1, 2]","[1, 2]",O=C(O)c1ccccc1[CH:1]=O,1,OC[CH3:2],2,amine,3,iodide,4,NC(=O)c1ccccc1C(=O)O,88-97-1,57.30,556998-5G,OCCI,624-76-0,33.80,176850-5G
O=C(O)C1=CC=CC=C1C(=O)CCO,O=C(O)c1ccccc1C(=O)[CH2:1][CH2:2]O,[C:1]-[C:2],"[1, 2]","[1, 2]",O=C(O)c1ccccc1C(=O)[CH3:1],1,O[CH3:2],2,hydrogen,3,hydrogen,4,CC(=O)c1ccccc1C(=O)O,577-56-0,34.80,A12801-5G,CO,67-56-1,30.20,M3641-500ML
O=C(O)C1=CC=CC=C1C(=O)CCO,O=C(O)c1ccccc1C(=O)[CH2:1][CH2:2]O,[C:1]-[C:2],"[1, 2]","[1, 2]",O=C(O)c1ccccc1C(=O)[CH3:1],1,O[CH3:2],2,hydrogen,3,acid,4,CC(=O)c1ccccc1C(=O)O,577-56-0,34.80,A12801-5G,O=C(O)CO,79-14-1,27.00,G8284-10MG
O=C(O)C1=CC=CC=C1C(=O)CCO,O=C(O)c1ccccc1C(=O)C[CH2:1][OH:2],[C:1]-[O:2],"[1, 2]","[1, 2]",O=C(O)c1ccccc1C(=O)C[CH3:1],1,[OH2:2],2,hydrogen,3,hydrogen,4,CCC(=O)c1ccccc1C(=O)O,2360-45-4,1800,COMH042351B3-10G,O,7732-18-5,12.30,W3500-100ML
O=C(O)C1=CC=CC=C1C(=O)CCO,O=C(O)c1ccccc1C(=O)C[CH2:1][OH:2],[C:1]-[O:2],"[1, 2]","[1, 2]",O=C(O)c1ccccc1C(=O)C[CH3:1],1,[OH2:2],2,hydrogen,3,alcohol,4,CCC(=O)c1ccccc1C(=O)O,2360-45-4,1800,COMH042351B3-10G,OO,7722-84-1,45.20,H1009-5ML
O=C(O)C1=CC=CC=C1C(=O)CCO,O=C(O)c1ccccc1C(=O)C[CH2:1][OH:2],[C:1]-[O:2],"[1, 2]","[1, 2]",O=C(O)c1ccccc1C(=O)C[CH3:1],1,[OH2:2],2,hydrogen,3,amine,4,CCC(=O)c1ccccc1C(=O)O,2360-45-4,1800,COMH042351B3-10G,NO,7803-49-8,42.80,467804-10ML
O=C(O)C1=CC=CC=C1C(=O)CCO,O=C(O)c1ccccc1C(=O)C[CH2:1][OH:2],[C:1]-[O:2],"[1, 2]","[1, 2]",O=C(O)c1ccccc1C(=O)C[CH3:1],1,[OH2:2],2,hydrogen,3,boronate,4,CCC(=O)c1ccccc1C(=O)O,2360-45-4,1800,COMH042351B3-10G,OB(O)O,10043-35-3,55.30,B6768-500G
CCCCOC1=CC([N+](=O)[O-])=CC=C1OCC1CO1,CCCC[O:2][c:1]1cc([N+](=O)[O-])ccc1OCC1CO1,[c:1]-[O:2],"[1, 2]","[1, 2]",O=[N+]([O-])c1ccc(OCC2CO2)[cH:1]c1,1,CCCC[OH:2],2,hydrogen,3,hydrogen,4,O=[N+]([O-])c1ccc(OCC2CO2)cc1,5255-75-4,46.2,APO455829295-250MG,CCCCO,71-36-3,54.50,B7906-500ML
CCCCOC1=CC([N+](=O)[O-])=CC=C1OCC1CO1,CCCC[O:2][c:1]1cc([N+](=O)[O-])ccc1OCC1CO1,[c:1]-[O:2],"[1, 2]","[1, 2]",O=[N+]([O-])c1ccc(OCC2CO2)[cH:1]c1,1,CCCC[OH:2],2,hydrogen,3,amine,4,O=[N+]([O-])c1ccc(OCC2CO2)cc1,5255-75-4,46.2,APO455829295-250MG,CCCCON,5622-77-5,69,AC5372910961-250MG
CCCCOC1=CC([N+](=O)[O-])=CC=C1OCC1CO1,CCCCOc1cc([N+](=O)[O-])cc[c:1]1[O:2]CC1CO1,[c:1]-[O:2],"[1, 2]","[1, 2]",CCCCOc1cc([N+](=O)[O-])cc[cH:1]1,1,C1OC1C[OH:2],2,hydrogen,3,hydrogen,4,CCCCOc1cccc([N+](=O)[O-])c1,122329-01-5,687.5,COM490021719-1G,OCC1CO1,556-52-5,35.90,G5809-5G
CCCCOC1=CC([N+](=O)[O-])=CC=C1OCC1CO1,CCCCOc1cc([N+](=O)[O-])cc[c:1]1[O:2]CC1CO1,[c:1]-[O:2],"[1, 2]","[1, 2]",CCCCOc1cc([N+](=O)[O-])cc[cH:1]1,1,C1OC1C[OH:2],2,chloride,3,hydrogen,4,CCCCOc1cc([N+](=O)[O-])ccc1Cl,5521-28-8,687.5,COM490021979-1G,OCC1CO1,556-52-5,35.90,G5809-5G
CCCCOC1=CC([N+](=O)[O-])=CC=C1OCC1CO1,CCCCOc1cc([N+](=O)[O-])ccc1O[CH2:1][CH:2]1CO1,[C:1]-[C:2],"[1, 2]","[1, 2]",CCCCOc1cc([N+](=O)[O-])ccc1O[CH3:1],1,C1O[CH2:2]1,2,hydrogen,3,hydrogen,4,CCCCOc1cc([N+](=O)[O-])ccc1OC,205067-45-4,1875.0,COM490021981-5G,C1CO1,75-21-8,723.00,387614-227G
CCCCOC1=CC([N+](=O)[O-])=CC=C1OCC1CO1,CCCCOc1cc([N+](=O)[O-])ccc1O[CH2:1][CH:2]1CO1,[C:1]-[C:2],"[1, 2]","[1, 2]",CCCCOc1cc([N+](=O)[O-])ccc1O[CH3:1],1,C1O[CH2:2]1,2,hydrogen,3,acid,4,CCCCOc1cc([N+](=O)[O-])ccc1OC,205067-45-4,1875.0,COM490021981-5G,O=C(O)C1CO1,503-11-7,192,JWPH3249C323-100MG
COC1=CC=C2C(=C1)C(CC(=O)OC1=CC=C(N=C=S)C=C1)=C(C)N2C(=O)C1=CC=C(Cl)C=C1,COc1ccc2c(c1)c(CC(=O)[O:2][c:1]1ccc(N=C=S)cc1)c(C)n2C(=O)c1ccc(Cl)cc1,[c:1]-[O:2],"[1, 2]","[1, 2]",S=C=Nc1cc[cH:1]cc1,1,COc1ccc2c(c1)c(CC(=O)[OH:2])c(C)n2C(=O)c1ccc(Cl)cc1,2,hydrogen,3,hydrogen,4,S=C=Nc1ccccc1,103-72-0,30.80,P1034-1ML,COc1ccc2c(c1)c(CC(=O)O)c(C)n2C(=O)c1ccc(Cl)cc1,53-86-1,77.40,I8280-5G
COC1=CC=C2C(=C1)C(CC(=O)OC1=CC=C(N=C=S)C=C1)=C(C)N2C(=O)C1=CC=C(Cl)C=C1,COc1ccc2c(c1)c(CC(=O)[O:2][c:1]1ccc(N=C=S)cc1)c(C)n2C(=O)c1ccc(Cl)cc1,[c:1]-[O:2],"[1, 2]","[1, 2]",S=C=Nc1cc[cH:1]cc1,1,COc1ccc2c(c1)c(CC(=O)[OH:2])c(C)n2C(=O)c1ccc(Cl)cc1,2,alcohol,3,hydrogen,4,Oc1ccc(N=C=S)cc1,2131-60-4,1300.95,ENAH90822F35-5G,COc1ccc2c(c1)c(CC(=O)O)c(C)n2C(=O)c1ccc(Cl)cc1,53-86-1,77.40,I8280-5G
COC1=CC=C2C(=C1)C(CC(=O)OC1=CC=C(N=C=S)C=C1)=C(C)N2C(=O)C1=CC=C(Cl)C=C1,COc1ccc2c(c1)c(CC(=O)[O:2][c:1]1ccc(N=C=S)cc1)c(C)n2C(=O)c1ccc(Cl)cc1,[c:1]-[O:2],"[1, 2]","[1, 2]",S=C=Nc1cc[cH:1]cc1,1,COc1ccc2c(c1)c(CC(=O)[OH:2])c(C)n2C(=O)c1ccc(Cl)cc1,2,chloride,3,hydrogen,4,S=C=Nc1ccc(Cl)cc1,2131-55-7,38.10,253782-5G,COc1ccc2c(c1)c(CC(=O)O)c(C)n2C(=O)c1ccc(Cl)cc1,53-86-1,77.40,I8280-5G
COC1=CC=C2C(=C1)C(CC(=O)OC1=CC=C(N=C=S)C=C1)=C(C)N2C(=O)C1=CC=C(Cl)C=C1,COc1ccc2c(c1)c(CC(=O)[O:2][c:1]1ccc(N=C=S)cc1)c(C)n2C(=O)c1ccc(Cl)cc1,[c:1]-[O:2],"[1, 2]","[1, 2]",S=C=Nc1cc[cH:1]cc1,1,COc1ccc2c(c1)c(CC(=O)[OH:2])c(C)n2C(=O)c1ccc(Cl)cc1,2,bromide,3,hydrogen,4,S=C=Nc1ccc(Br)cc1,1985-12-2,109.00,270202-5G,COc1ccc2c(c1)c(CC(=O)O)c(C)n2C(=O)c1ccc(Cl)cc1,53-86-1,77.40,I8280-5G
COC1=CC=C2C(=C1)C(CC(=O)OC1=CC=C(N=C=S)C=C1)=C(C)N2C(=O)C1=CC=C(Cl)C=C1,COc1ccc2c(c1)c(CC(=O)[O:2][c:1]1ccc(N=C=S)cc1)c(C)n2C(=O)c1ccc(Cl)cc1,[c:1]-[O:2],"[1, 2]","[1, 2]",S=C=Nc1cc[cH:1]cc1,1,COc1ccc2c(c1)c(CC(=O)[OH:2])c(C)n2C(=O)c1ccc(Cl)cc1,2,iodide,3,hydrogen,4,S=C=Nc1ccc(I)cc1,2059-76-9,74.8,APO455825870-2G,COc1ccc2c(c1)c(CC(=O)O)c(C)n2C(=O)c1ccc(Cl)cc1,53-86-1,77.40,I8280-5G
COC(=O)C1=CC=CC=C1OCC(=O)NCCOC1=CC=C(Cl)C=C1,COC(=O)c1ccccc1[O:2][CH2:1]C(=O)NCCOc1ccc(Cl)cc1,[C:1]-[O:2],"[1, 2]","[1, 2]",O=C(NCCOc1ccc(Cl)cc1)[CH3:1],1,COC(=O)c1ccccc1[OH:2],2,hydrogen,3,hydrogen,4,CC(=O)NCCOc1ccc(Cl)cc1,104053-89-6,137.5,COMH042351D0-500MG,COC(=O)c1ccccc1O,119-36-8,29.30,M2047-100ML
COC(=O)C1=CC=CC=C1OCC(=O)NCCOC1=CC=C(Cl)C=C1,COC(=O)c1ccccc1[O:2][CH2:1]C(=O)NCCOc1ccc(Cl)cc1,[C:1]-[O:2],"[1, 2]","[1, 2]",O=C(NCCOc1ccc(Cl)cc1)[CH3:1],1,COC(=O)c1ccccc1[OH:2],2,chloride,3,hydrogen,4,O=C(CCl)NCCOc1ccc(Cl)cc1,50911-69-8,1350.0,COMH0423885D-10G,COC(=O)c1ccccc1O,119-36-8,29.30,M2047-100ML
CCC(CO)CCNC,CNCC[CH:2](CO)[CH2:1]C,[C:1]-[C:2],"[1, 2]","[1, 2]",C[CH3:1],1,CNCC[CH2:2]CO,2,hydrogen,3,hydrogen,4,CC,74-84-0,463.00,295302-110G,CNCCCCO,42042-68-2,69.3,AMBH2D702D34-250MG
CCC(CO)CCNC,CNCC[CH:2](CO)[CH2:1]C,[C:1]-[C:2],"[1, 2]","[1, 2]",C[CH3:1],1,CNCC[CH2:2]CO,2,alcohol,3,hydrogen,4,CCO,64-17-5,74.00,2858-240ML,CNCCCCO,42042-68-2,69.3,AMBH2D702D34-250MG
CCC(CO)CCNC,CNCC[CH:2](CO)[CH2:1]C,[C:1]-[C:2],"[1, 2]","[1, 2]",C[CH3:1],1,CNCC[CH2:2]CO,2,amine,3,hydrogen,4,CCN,75-04-7,20.70,471208-100ML,CNCCCCO,42042-68-2,69.3,AMBH2D702D34-250MG
CCC(CO)CCNC,CNCC[CH:2](CO)[CH2:1]C,[C:1]-[C:2],"[1, 2]","[1, 2]",C[CH3:1],1,CNCC[CH2:2]CO,2,acid,3,hydrogen,4,CCC(=O)O,79-09-4,37.90,P5561-1L,CNCCCCO,42042-68-2,69.3,AMBH2D702D34-250MG
CCC(CO)CCNC,CNCC[CH:2](CO)[CH2:1]C,[C:1]-[C:2],"[1, 2]","[1, 2]",C[CH3:1],1,CNCC[CH2:2]CO,2,chloride,3,hydrogen,4,CCCl,75-00-3,178.00,295310-1KG,CNCCCCO,42042-68-2,69.3,AMBH2D702D34-250MG
CCC(CO)CCNC,CNCC[CH:2](CO)[CH2:1]C,[C:1]-[C:2],"[1, 2]","[1, 2]",C[CH3:1],1,CNCC[CH2:2]CO,2,bromide,3,hydrogen,4,CCBr,74-96-4,55.70,239607-50G,CNCCCCO,42042-68-2,69.3,AMBH2D702D34-250MG
CCC(CO)CCNC,CNCC[CH:2](CO)[CH2:1]C,[C:1]-[C:2],"[1, 2]","[1, 2]",C[CH3:1],1,CNCC[CH2:2]CO,2,iodide,3,hydrogen,4,CCI,75-03-6,24.00,I7780-5G,CNCCCCO,42042-68-2,69.3,AMBH2D702D34-250MG
CCC(CO)CCNC,CNCC[CH:2](CO)[CH2:1]C,[C:1]-[C:2],"[1, 2]","[1, 2]",C[CH3:1],1,CNCC[CH2:2]CO,2,boronate,3,hydrogen,4,CCB(O)O,,66.00,CDS003542-250MG,CNCCCCO,42042-68-2,69.3,AMBH2D702D34-250MG
CCC(CO)CCNC,CC[CH:1](CCNC)[CH2:2]O,[C:1]-[C:2],"[1, 2]","[1, 2]",CC[CH2:1]CCNC,1,O[CH3:2],2,hydrogen,3,hydrogen,4,CCCCCNC,25419-06-1,57.80,496138-1G,CO,67-56-1,30.20,M3641-500ML
CCC(CO)CCNC,CC[CH:1](CCNC)[CH2:2]O,[C:1]-[C:2],"[1, 2]","[1, 2]",CC[CH2:1]CCNC,1,O[CH3:2],2,hydrogen,3,acid,4,CCCCCNC,25419-06-1,57.80,496138-1G,O=C(O)CO,79-14-1,27.00,G8284-10MG
CCC(CO)CCNC,CC[CH:1](CO)[CH2:2]CNC,[C:1]-[C:2],"[1, 2]","[1, 2]",CC[CH2:1]CO,1,CNC[CH3:2],2,hydrogen,3,hydrogen,4,CCCCO,71-36-3,54.50,B7906-500ML,CCNC,624-78-2,64.60,291145-5G
CCC(CO)CCNC,CC[CH:1](CO)[CH2:2]CNC,[C:1]-[C:2],"[1, 2]","[1, 2]",CC[CH2:1]CO,1,CNC[CH3:2],2,hydrogen,3,alcohol,4,CCCCO,71-36-3,54.50,B7906-500ML,CNCCO,109-83-1,18.60,471445-25ML
CCC(CO)CCNC,CC[CH:1](CO)[CH2:2]CNC,[C:1]-[C:2],"[1, 2]","[1, 2]",CC[CH2:1]CO,1,CNC[CH3:2],2,hydrogen,3,amine,4,CCCCO,71-36-3,54.50,B7906-500ML,CNCCN,109-81-9,63.60,127019-5G
CCC(CO)CCNC,CC[CH:1](CO)[CH2:2]CNC,[C:1]-[C:2],"[1, 2]","[1, 2]",CC[CH2:1]CO,1,CNC[CH3:2],2,hydrogen,3,acid,4,CCCCO,71-36-3,54.50,B7906-500ML,CNCCC(=O)O,,139.00,CDS013939-250MG
CCC(CO)CCNC,CC[CH:1](CO)[CH2:2]CNC,[C:1]-[C:2],"[1, 2]","[1, 2]",CC[CH2:1]CO,1,CNC[CH3:2],2,alcohol,3,hydrogen,4,CCC(O)CO,584-03-2,38.40,177652-250G,CCNC,624-78-2,64.60,291145-5G
CCC(CO)CCNC,CC[CH:1](CO)[CH2:2]CNC,[C:1]-[C:2],"[1, 2]","[1, 2]",CC[CH2:1]CO,1,CNC[CH3:2],2,alcohol,3,alcohol,4,CCC(O)CO,584-03-2,38.40,177652-250G,CNCCO,109-83-1,18.60,471445-25ML
CCC(CO)CCNC,CC[CH:1](CO)[CH2:2]CNC,[C:1]-[C:2],"[1, 2]","[1, 2]",CC[CH2:1]CO,1,CNC[CH3:2],2,alcohol,3,amine,4,CCC(O)CO,584-03-2,38.40,177652-250G,CNCCN,109-81-9,63.60,127019-5G
CCC(CO)CCNC,CC[CH:1](CO)[CH2:2]CNC,[C:1]-[C:2],"[1, 2]","[1, 2]",CC[CH2:1]CO,1,CNC[CH3:2],2,alcohol,3,acid,4,CCC(O)CO,584-03-2,38.40,177652-250G,CNCCC(=O)O,,139.00,CDS013939-250MG
CCC(CO)CCNC,CC[CH:1](CO)[CH2:2]CNC,[C:1]-[C:2],"[1, 2]","[1, 2]",CC[CH2:1]CO,1,CNC[CH3:2],2,amine,3,hydrogen,4,CCC(N)CO,96-20-8,36.80,A43804-100ML,CCNC,624-78-2,64.60,291145-5G
CCC(CO)CCNC,CC[CH:1](CO)[CH2:2]CNC,[C:1]-[C:2],"[1, 2]","[1, 2]",CC[CH2:1]CO,1,CNC[CH3:2],2,amine,3,alcohol,4,CCC(N)CO,96-20-8,36.80,A43804-100ML,CNCCO,109-83-1,18.60,471445-25ML
CCC(CO)CCNC,CC[CH:1](CO)[CH2:2]CNC,[C:1]-[C:2],"[1, 2]","[1, 2]",CC[CH2:1]CO,1,CNC[CH3:2],2,amine,3,amine,4,CCC(N)CO,96-20-8,36.80,A43804-100ML,CNCCN,109-81-9,63.60,127019-5G
CCC(CO)CCNC,CC[CH:1](CO)[CH2:2]CNC,[C:1]-[C:2],"[1, 2]","[1, 2]",CC[CH2:1]CO,1,CNC[CH3:2],2,amine,3,acid,4,CCC(N)CO,96-20-8,36.80,A43804-100ML,CNCCC(=O)O,,139.00,CDS013939-250MG
CCC(CO)CCNC,CC[CH:1](CO)[CH2:2]CNC,[C:1]-[C:2],"[1, 2]","[1, 2]",CC[CH2:1]CO,1,CNC[CH3:2],2,acid,3,hydrogen,4,CCC(CO)C(=O)O,4374-62-3,400,COM497511239-250MG,CCNC,624-78-2,64.60,291145-5G
CCC(CO)CCNC,CC[CH:1](CO)[CH2:2]CNC,[C:1]-[C:2],"[1, 2]","[1, 2]",CC[CH2:1]CO,1,CNC[CH3:2],2,acid,3,alcohol,4,CCC(CO)C(=O)O,4374-62-3,400,COM497511239-250MG,CNCCO,109-83-1,18.60,471445-25ML
CCC(CO)CCNC,CC[CH:1](CO)[CH2:2]CNC,[C:1]-[C:2],"[1, 2]","[1, 2]",CC[CH2:1]CO,1,CNC[CH3:2],2,acid,3,amine,4,CCC(CO)C(=O)O,4374-62-3,400,COM497511239-250MG,CNCCN,109-81-9,63.60,127019-5G
CCC(CO)CCNC,CC[CH:1](CO)[CH2:2]CNC,[C:1]-[C:2],"[1, 2]","[1, 2]",CC[CH2:1]CO,1,CNC[CH3:2],2,acid,3,acid,4,CCC(CO)C(=O)O,4374-62-3,400,COM497511239-250MG,CNCCC(=O)O,,139.00,CDS013939-250MG
CCC(CO)CCNC,CC[CH:1](CO)[CH2:2]CNC,[C:1]-[C:2],"[1, 2]","[1, 2]",CC[CH2:1]CO,1,CNC[CH3:2],2,chloride,3,hydrogen,4,CCC(Cl)CO,26106-95-6,316.05,ENA457511588-100MG,CCNC,624-78-2,64.60,291145-5G
CCC(CO)CCNC,CC[CH:1](CO)[CH2:2]CNC,[C:1]-[C:2],"[1, 2]","[1, 2]",CC[CH2:1]CO,1,CNC[CH3:2],2,chloride,3,alcohol,4,CCC(Cl)CO,26106-95-6,316.05,ENA457511588-100MG,CNCCO,109-83-1,18.60,471445-25ML
CCC(CO)CCNC,CC[CH:1](CO)[CH2:2]CNC,[C:1]-[C:2],"[1, 2]","[1, 2]",CC[CH2:1]CO,1,CNC[CH3:2],2,chloride,3,amine,4,CCC(Cl)CO,26106-95-6,316.05,ENA457511588-100MG,CNCCN,109-81-9,63.60,127019-5G
CCC(CO)CCNC,CC[CH:1](CO)[CH2:2]CNC,[C:1]-[C:2],"[1, 2]","[1, 2]",CC[CH2:1]CO,1,CNC[CH3:2],2,chloride,3,acid,4,CCC(Cl)CO,26106-95-6,316.05,ENA457511588-100MG,CNCCC(=O)O,,139.00,CDS013939-250MG
CCC(CO)CCNC,CC[CH:1](CO)[CH2:2]CNC,[C:1]-[C:2],"[1, 2]","[1, 2]",CC[CH2:1]CO,1,CNC[CH3:2],2,bromide,3,hydrogen,4,CCC(Br)CO,24068-63-1,370.65,ENA447958439-250MG,CCNC,624-78-2,64.60,291145-5G
CCC(CO)CCNC,CC[CH:1](CO)[CH2:2]CNC,[C:1]-[C:2],"[1, 2]","[1, 2]",CC[CH2:1]CO,1,CNC[CH3:2],2,bromide,3,alcohol,4,CCC(Br)CO,24068-63-1,370.65,ENA447958439-250MG,CNCCO,109-83-1,18.60,471445-25ML
CCC(CO)CCNC,CC[CH:1](CO)[CH2:2]CNC,[C:1]-[C:2],"[1, 2]","[1, 2]",CC[CH2:1]CO,1,CNC[CH3:2],2,bromide,3,amine,4,CCC(Br)CO,24068-63-1,370.65,ENA447958439-250MG,CNCCN,109-81-9,63.60,127019-5G
CCC(CO)CCNC,CC[CH:1](CO)[CH2:2]CNC,[C:1]-[C:2],"[1, 2]","[1, 2]",CC[CH2:1]CO,1,CNC[CH3:2],2,bromide,3,acid,4,CCC(Br)CO,24068-63-1,370.65,ENA447958439-250MG,CNCCC(=O)O,,139.00,CDS013939-250MG
CCC(CO)CCNC,CCC(CO)[CH2:1][CH2:2]NC,[C:1]-[C:2],"[1, 2]","[1, 2]",CCC(CO)[CH3:1],1,CN[CH3:2],2,hydrogen,3,hydrogen,4,CCC(C)CO,137-32-6,66.00,W399809-1KG-K,CNC,124-40-3,218.00,295280-100G
CCC(CO)CCNC,CCC(CO)[CH2:1][CH2:2]NC,[C:1]-[C:2],"[1, 2]","[1, 2]",CCC(CO)[CH3:1],1,CN[CH3:2],2,hydrogen,3,acid,4,CCC(C)CO,137-32-6,66.00,W399809-1KG-K,CNCC(=O)O,107-97-1,19.70,S7672-10MG
CCC(CO)CCNC,CCC(CO)[CH2:1][CH2:2]NC,[C:1]-[C:2],"[1, 2]","[1, 2]",CCC(CO)[CH3:1],1,CN[CH3:2],2,alcohol,3,hydrogen,4,CCC(CO)CO,2612-29-5,443.75,COM448658856-5G,CNC,124-40-3,218.00,295280-100G
CCC(CO)CCNC,CCC(CO)[CH2:1][CH2:2]NC,[C:1]-[C:2],"[1, 2]","[1, 2]",CCC(CO)[CH3:1],1,CN[CH3:2],2,alcohol,3,acid,4,CCC(CO)CO,2612-29-5,443.75,COM448658856-5G,CNCC(=O)O,107-97-1,19.70,S7672-10MG
CCC(CO)CCNC,CCC(CO)[CH2:1][CH2:2]NC,[C:1]-[C:2],"[1, 2]","[1, 2]",CCC(CO)[CH3:1],1,CN[CH3:2],2,amine,3,hydrogen,4,CCC(CN)CO,16519-75-8,2125.2,ENA947413470-10G,CNC,124-40-3,218.00,295280-100G
CCC(CO)CCNC,CCC(CO)[CH2:1][CH2:2]NC,[C:1]-[C:2],"[1, 2]","[1, 2]",CCC(CO)[CH3:1],1,CN[CH3:2],2,amine,3,acid,4,CCC(CN)CO,16519-75-8,2125.2,ENA947413470-10G,CNCC(=O)O,107-97-1,19.70,S7672-10MG
CCC(CO)CCNC,CCC(CO)C[CH2:1][NH:2]C,[C:1]-[N:2],"[1, 2]","[1, 2]",CCC(CO)C[CH3:1],1,C[NH2:2],2,hydrogen,3,hydrogen,4,CCC(CC)CO,97-95-0,29.20,E14659-100ML,CN,74-89-5,40.10,534102-250ML
CCC(CO)CCNC,CCC(CO)C[CH2:1][NH:2]C,[C:1]-[N:2],"[1, 2]","[1, 2]",CCC(CO)C[CH3:1],1,C[NH2:2],2,hydrogen,3,amine,4,CCC(CC)CO,97-95-0,29.20,E14659-100ML,CNN,60-34-4,50.50,M50001-25G
NC1=CN(P)C=N1,Nc1c[n:1]([PH2:2])cn1,[n:1]-[P:2],"[1, 2]","[1, 2]",Nc1c[nH:1]cn1,1,[PH3:2],2,hydrogen,3,hydrogen,4,Nc1c[nH]cn1,,1949.25,ADVH49B8254D-5G,P,7803-51-2,1780.00,295647-10G
COC1=CC=CC=C1N1CCN(C(=O)COC2=CC=CC=C2Br)CC1,COc1ccccc1N1CC[N:2]([C:1](=O)COc2ccccc2Br)CC1,[C:1]-[N:2],"[1, 2]","[1, 2]",O=[CH:1]COc1ccccc1Br,1,COc1ccccc1N1CC[NH:2]CC1,2,chloride,3,hydrogen,4,O=C(Cl)COc1ccccc1Br,39784-10-6,181.25,COMH0423886E-500MG,COc1ccccc1N1CCNCC1,35386-24-4,36.70,M22601-5G
COC1=CC=CC=C1N1CCN(C(=O)COC2=CC=CC=C2Br)CC1,COc1ccccc1N1CCN(C(=O)[CH2:1][O:2]c2ccccc2Br)CC1,[C:1]-[O:2],"[1, 2]","[1, 2]",COc1ccccc1N1CCN(C(=O)[CH3:1])CC1,1,Brc1ccccc1[OH:2],2,amine,3,hydrogen,4,COc1ccccc1N1CCN(C(=O)CN)CC1,189762-35-4,675.0,COM638470980-1G,Oc1ccccc1Br,95-56-7,57.50,130915-10G
CC(=O)C1=CC=C(C2=CC=CC(CS)=C2)S1,CC(=O)c1cc[c:1](-[c:2]2cccc(CS)c2)s1,[c:1]-[c:2],"[1, 2]","[1, 2]",CC(=O)c1cc[cH:1]s1,1,SCc1ccc[cH:2]c1,2,hydrogen,3,hydrogen,4,CC(=O)c1cccs1,88-15-3,22.00,A22602-25G,SCc1ccccc1,100-53-8,200.00,W214701-1KG-K
CC(=O)C1=CC=C(C2=CC=CC(CS)=C2)S1,CC(=O)c1cc[c:1](-[c:2]2cccc(CS)c2)s1,[c:1]-[c:2],"[1, 2]","[1, 2]",CC(=O)c1cc[cH:1]s1,1,SCc1ccc[cH:2]c1,2,hydrogen,3,alcohol,4,CC(=O)c1cccs1,88-15-3,22.00,A22602-25G,Oc1cccc(CS)c1,76106-64-4,643.65,ENAH03BBC3C7-1G
CC(=O)C1=CC=C(C2=CC=CC(CS)=C2)S1,CC(=O)c1cc[c:1](-[c:2]2cccc(CS)c2)s1,[c:1]-[c:2],"[1, 2]","[1, 2]",CC(=O)c1cc[cH:1]s1,1,SCc1ccc[cH:2]c1,2,hydrogen,3,acid,4,CC(=O)c1cccs1,88-15-3,22.00,A22602-25G,O=C(O)c1cccc(CS)c1,28162-88-1,115.5,ENA161209290-250MG
CC(=O)C1=CC=C(C2=CC=CC(CS)=C2)S1,CC(=O)c1cc[c:1](-[c:2]2cccc(CS)c2)s1,[c:1]-[c:2],"[1, 2]","[1, 2]",CC(=O)c1cc[cH:1]s1,1,SCc1ccc[cH:2]c1,2,hydrogen,3,chloride,4,CC(=O)c1cccs1,88-15-3,22.00,A22602-25G,SCc1cccc(Cl)c1,25697-57-8,133.35,ENA245487114-250MG
CC(=O)C1=CC=C(C2=CC=CC(CS)=C2)S1,CC(=O)c1cc[c:1](-[c:2]2cccc(CS)c2)s1,[c:1]-[c:2],"[1, 2]","[1, 2]",CC(=O)c1cc[cH:1]s1,1,SCc1ccc[cH:2]c1,2,hydrogen,3,bromide,4,CC(=O)c1cccs1,88-15-3,22.00,A22602-25G,SCc1cccc(Br)c1,886497-84-3,100.1,APOH039FD1B9-5G
CC(=O)C1=CC=C(C2=CC=CC(CS)=C2)S1,CC(=O)c1cc[c:1](-[c:2]2cccc(CS)c2)s1,[c:1]-[c:2],"[1, 2]","[1, 2]",CC(=O)c1cc[cH:1]s1,1,SCc1ccc[cH:2]c1,2,acid,3,hydrogen,4,CC(=O)c1ccc(C(=O)O)s1,4066-41-5,12.1,AMBH580645E6-1G,SCc1ccccc1,100-53-8,200.00,W214701-1KG-K
CC(=O)C1=CC=C(C2=CC=CC(CS)=C2)S1,CC(=O)c1cc[c:1](-[c:2]2cccc(CS)c2)s1,[c:1]-[c:2],"[1, 2]","[1, 2]",CC(=O)c1cc[cH:1]s1,1,SCc1ccc[cH:2]c1,2,acid,3,alcohol,4,CC(=O)c1ccc(C(=O)O)s1,4066-41-5,12.1,AMBH580645E6-1G,Oc1cccc(CS)c1,76106-64-4,643.65,ENAH03BBC3C7-1G
CC(=O)C1=CC=C(C2=CC=CC(CS)=C2)S1,CC(=O)c1cc[c:1](-[c:2]2cccc(CS)c2)s1,[c:1]-[c:2],"[1, 2]","[1, 2]",CC(=O)c1cc[cH:1]s1,1,SCc1ccc[cH:2]c1,2,acid,3,acid,4,CC(=O)c1ccc(C(=O)O)s1,4066-41-5,12.1,AMBH580645E6-1G,O=C(O)c1cccc(CS)c1,28162-88-1,115.5,ENA161209290-250MG
CC(=O)C1=CC=C(C2=CC=CC(CS)=C2)S1,CC(=O)c1cc[c:1](-[c:2]2cccc(CS)c2)s1,[c:1]-[c:2],"[1, 2]","[1, 2]",CC(=O)c1cc[cH:1]s1,1,SCc1ccc[cH:2]c1,2,acid,3,chloride,4,CC(=O)c1ccc(C(=O)O)s1,4066-41-5,12.1,AMBH580645E6-1G,SCc1cccc(Cl)c1,25697-57-8,133.35,ENA245487114-250MG
CC(=O)C1=CC=C(C2=CC=CC(CS)=C2)S1,CC(=O)c1cc[c:1](-[c:2]2cccc(CS)c2)s1,[c:1]-[c:2],"[1, 2]","[1, 2]",CC(=O)c1cc[cH:1]s1,1,SCc1ccc[cH:2]c1,2,acid,3,bromide,4,CC(=O)c1ccc(C(=O)O)s1,4066-41-5,12.1,AMBH580645E6-1G,SCc1cccc(Br)c1,886497-84-3,100.1,APOH039FD1B9-5G
CC(=O)C1=CC=C(C2=CC=CC(CS)=C2)S1,CC(=O)c1cc[c:1](-[c:2]2cccc(CS)c2)s1,[c:1]-[c:2],"[1, 2]","[1, 2]",CC(=O)c1cc[cH:1]s1,1,SCc1ccc[cH:2]c1,2,chloride,3,hydrogen,4,CC(=O)c1ccc(Cl)s1,6310-09-4,31.30,247073-5G,SCc1ccccc1,100-53-8,200.00,W214701-1KG-K
CC(=O)C1=CC=C(C2=CC=CC(CS)=C2)S1,CC(=O)c1cc[c:1](-[c:2]2cccc(CS)c2)s1,[c:1]-[c:2],"[1, 2]","[1, 2]",CC(=O)c1cc[cH:1]s1,1,SCc1ccc[cH:2]c1,2,chloride,3,alcohol,4,CC(=O)c1ccc(Cl)s1,6310-09-4,31.30,247073-5G,Oc1cccc(CS)c1,76106-64-4,643.65,ENAH03BBC3C7-1G
CC(=O)C1=CC=C(C2=CC=CC(CS)=C2)S1,CC(=O)c1cc[c:1](-[c:2]2cccc(CS)c2)s1,[c:1]-[c:2],"[1, 2]","[1, 2]",CC(=O)c1cc[cH:1]s1,1,SCc1ccc[cH:2]c1,2,chloride,3,acid,4,CC(=O)c1ccc(Cl)s1,6310-09-4,31.30,247073-5G,O=C(O)c1cccc(CS)c1,28162-88-1,115.5,ENA161209290-250MG
CC(=O)C1=CC=C(C2=CC=CC(CS)=C2)S1,CC(=O)c1cc[c:1](-[c:2]2cccc(CS)c2)s1,[c:1]-[c:2],"[1, 2]","[1, 2]",CC(=O)c1cc[cH:1]s1,1,SCc1ccc[cH:2]c1,2,chloride,3,chloride,4,CC(=O)c1ccc(Cl)s1,6310-09-4,31.30,247073-5G,SCc1cccc(Cl)c1,25697-57-8,133.35,ENA245487114-250MG
CC(=O)C1=CC=C(C2=CC=CC(CS)=C2)S1,CC(=O)c1cc[c:1](-[c:2]2cccc(CS)c2)s1,[c:1]-[c:2],"[1, 2]","[1, 2]",CC(=O)c1cc[cH:1]s1,1,SCc1ccc[cH:2]c1,2,chloride,3,bromide,4,CC(=O)c1ccc(Cl)s1,6310-09-4,31.30,247073-5G,SCc1cccc(Br)c1,886497-84-3,100.1,APOH039FD1B9-5G
CC(=O)C1=CC=C(C2=CC=CC(CS)=C2)S1,CC(=O)c1cc[c:1](-[c:2]2cccc(CS)c2)s1,[c:1]-[c:2],"[1, 2]","[1, 2]",CC(=O)c1cc[cH:1]s1,1,SCc1ccc[cH:2]c1,2,bromide,3,hydrogen,4,CC(=O)c1ccc(Br)s1,5370-25-2,28.30,329738-5G,SCc1ccccc1,100-53-8,200.00,W214701-1KG-K
CC(=O)C1=CC=C(C2=CC=CC(CS)=C2)S1,CC(=O)c1cc[c:1](-[c:2]2cccc(CS)c2)s1,[c:1]-[c:2],"[1, 2]","[1, 2]",CC(=O)c1cc[cH:1]s1,1,SCc1ccc[cH:2]c1,2,bromide,3,alcohol,4,CC(=O)c1ccc(Br)s1,5370-25-2,28.30,329738-5G,Oc1cccc(CS)c1,76106-64-4,643.65,ENAH03BBC3C7-1G
CC(=O)C1=CC=C(C2=CC=CC(CS)=C2)S1,CC(=O)c1cc[c:1](-[c:2]2cccc(CS)c2)s1,[c:1]-[c:2],"[1, 2]","[1, 2]",CC(=O)c1cc[cH:1]s1,1,SCc1ccc[cH:2]c1,2,bromide,3,acid,4,CC(=O)c1ccc(Br)s1,5370-25-2,28.30,329738-5G,O=C(O)c1cccc(CS)c1,28162-88-1,115.5,ENA161209290-250MG
CC(=O)C1=CC=C(C2=CC=CC(CS)=C2)S1,CC(=O)c1cc[c:1](-[c:2]2cccc(CS)c2)s1,[c:1]-[c:2],"[1, 2]","[1, 2]",CC(=O)c1cc[cH:1]s1,1,SCc1ccc[cH:2]c1,2,bromide,3,chloride,4,CC(=O)c1ccc(Br)s1,5370-25-2,28.30,329738-5G,SCc1cccc(Cl)c1,25697-57-8,133.35,ENA245487114-250MG
CC(=O)C1=CC=C(C2=CC=CC(CS)=C2)S1,CC(=O)c1cc[c:1](-[c:2]2cccc(CS)c2)s1,[c:1]-[c:2],"[1, 2]","[1, 2]",CC(=O)c1cc[cH:1]s1,1,SCc1ccc[cH:2]c1,2,bromide,3,bromide,4,CC(=O)c1ccc(Br)s1,5370-25-2,28.30,329738-5G,SCc1cccc(Br)c1,886497-84-3,100.1,APOH039FD1B9-5G
CC(=O)C1=CC=C(C2=CC=CC(CS)=C2)S1,CC(=O)c1cc[c:1](-[c:2]2cccc(CS)c2)s1,[c:1]-[c:2],"[1, 2]","[1, 2]",CC(=O)c1cc[cH:1]s1,1,SCc1ccc[cH:2]c1,2,iodide,3,hydrogen,4,CC(=O)c1ccc(I)s1,30955-94-3,72.40,579637-1G,SCc1ccccc1,100-53-8,200.00,W214701-1KG-K
CC(=O)C1=CC=C(C2=CC=CC(CS)=C2)S1,CC(=O)c1cc[c:1](-[c:2]2cccc(CS)c2)s1,[c:1]-[c:2],"[1, 2]","[1, 2]",CC(=O)c1cc[cH:1]s1,1,SCc1ccc[cH:2]c1,2,iodide,3,alcohol,4,CC(=O)c1ccc(I)s1,30955-94-3,72.40,579637-1G,Oc1cccc(CS)c1,76106-64-4,643.65,ENAH03BBC3C7-1G
CC(=O)C1=CC=C(C2=CC=CC(CS)=C2)S1,CC(=O)c1cc[c:1](-[c:2]2cccc(CS)c2)s1,[c:1]-[c:2],"[1, 2]","[1, 2]",CC(=O)c1cc[cH:1]s1,1,SCc1ccc[cH:2]c1,2,iodide,3,acid,4,CC(=O)c1ccc(I)s1,30955-94-3,72.40,579637-1G,O=C(O)c1cccc(CS)c1,28162-88-1,115.5,ENA161209290-250MG
CC(=O)C1=CC=C(C2=CC=CC(CS)=C2)S1,CC(=O)c1cc[c:1](-[c:2]2cccc(CS)c2)s1,[c:1]-[c:2],"[1, 2]","[1, 2]",CC(=O)c1cc[cH:1]s1,1,SCc1ccc[cH:2]c1,2,iodide,3,chloride,4,CC(=O)c1ccc(I)s1,30955-94-3,72.40,579637-1G,SCc1cccc(Cl)c1,25697-57-8,133.35,ENA245487114-250MG
CC(=O)C1=CC=C(C2=CC=CC(CS)=C2)S1,CC(=O)c1cc[c:1](-[c:2]2cccc(CS)c2)s1,[c:1]-[c:2],"[1, 2]","[1, 2]",CC(=O)c1cc[cH:1]s1,1,SCc1ccc[cH:2]c1,2,iodide,3,bromide,4,CC(=O)c1ccc(I)s1,30955-94-3,72.40,579637-1G,SCc1cccc(Br)c1,886497-84-3,100.1,APOH039FD1B9-5G
CC(=O)C1=CC=C(C2=CC=CC(CS)=C2)S1,CC(=O)c1cc[c:1](-[c:2]2cccc(CS)c2)s1,[c:1]-[c:2],"[1, 2]","[1, 2]",CC(=O)c1cc[cH:1]s1,1,SCc1ccc[cH:2]c1,2,boronate,3,hydrogen,4,CC(=O)c1ccc(B(O)O)s1,206551-43-1,86.30,499927-5G,SCc1ccccc1,100-53-8,200.00,W214701-1KG-K
CC(=O)C1=CC=C(C2=CC=CC(CS)=C2)S1,CC(=O)c1cc[c:1](-[c:2]2cccc(CS)c2)s1,[c:1]-[c:2],"[1, 2]","[1, 2]",CC(=O)c1cc[cH:1]s1,1,SCc1ccc[cH:2]c1,2,boronate,3,alcohol,4,CC(=O)c1ccc(B(O)O)s1,206551-43-1,86.30,499927-5G,Oc1cccc(CS)c1,76106-64-4,643.65,ENAH03BBC3C7-1G
CC(=O)C1=CC=C(C2=CC=CC(CS)=C2)S1,CC(=O)c1cc[c:1](-[c:2]2cccc(CS)c2)s1,[c:1]-[c:2],"[1, 2]","[1, 2]",CC(=O)c1cc[cH:1]s1,1,SCc1ccc[cH:2]c1,2,boronate,3,acid,4,CC(=O)c1ccc(B(O)O)s1,206551-43-1,86.30,499927-5G,O=C(O)c1cccc(CS)c1,28162-88-1,115.5,ENA161209290-250MG
CC(=O)C1=CC=C(C2=CC=CC(CS)=C2)S1,CC(=O)c1cc[c:1](-[c:2]2cccc(CS)c2)s1,[c:1]-[c:2],"[1, 2]","[1, 2]",CC(=O)c1cc[cH:1]s1,1,SCc1ccc[cH:2]c1,2,boronate,3,chloride,4,CC(=O)c1ccc(B(O)O)s1,206551-43-1,86.30,499927-5G,SCc1cccc(Cl)c1,25697-57-8,133.35,ENA245487114-250MG
CC(=O)C1=CC=C(C2=CC=CC(CS)=C2)S1,CC(=O)c1cc[c:1](-[c:2]2cccc(CS)c2)s1,[c:1]-[c:2],"[1, 2]","[1, 2]",CC(=O)c1cc[cH:1]s1,1,SCc1ccc[cH:2]c1,2,boronate,3,bromide,4,CC(=O)c1ccc(B(O)O)s1,206551-43-1,86.30,499927-5G,SCc1cccc(Br)c1,886497-84-3,100.1,APOH039FD1B9-5G
CC(=O)C1=CC=C(C2=CC=CC(CS)=C2)S1,CC(=O)c1ccc(-c2ccc[c:1]([CH2:2]S)c2)s1,[c:1]-[C:2],"[1, 2]","[1, 2]",CC(=O)c1ccc(-c2ccc[cH:1]c2)s1,1,S[CH3:2],2,hydrogen,3,hydrogen,4,CC(=O)c1ccc(-c2ccccc2)s1,,156.86,MAN372904710-500MG,CS,74-93-1,969.00,295515-227G
CC(=O)C1=CC=C(C2=CC=CC(CS)=C2)S1,CC(=O)c1ccc(-c2ccc[c:1]([CH2:2]S)c2)s1,[c:1]-[C:2],"[1, 2]","[1, 2]",CC(=O)c1ccc(-c2ccc[cH:1]c2)s1,1,S[CH3:2],2,hydrogen,3,acid,4,CC(=O)c1ccc(-c2ccccc2)s1,,156.86,MAN372904710-500MG,O=C(O)CS,68-11-1,33.00,T6750-50ML
CC(=O)C1=CC=C(C2=CC=CC(CS)=C2)S1,CC(=O)c1ccc(-c2cccc([CH2:1][SH:2])c2)s1,[C:1]-[S:2],"[1, 2]","[1, 2]",CC(=O)c1ccc(-c2cccc([CH3:1])c2)s1,1,[SH2:2],2,alcohol,3,hydrogen,4,CC(=O)c1ccc(-c2cccc(CO)c2)s1,1349716-40-0,2086.35,ENAH31551B6C-5G,S,7783-06-4,477.00,295442-227G
COC(=O)C1=CC=CC=C1OCC(=O)NCC1=CC=CC=C1F,COC(=O)c1ccccc1O[CH2:1][C:2](=O)NCc1ccccc1F,[C:1]-[C:2],"[1, 2]","[1, 2]",COC(=O)c1ccccc1O[CH3:1],1,O=[CH:2]NCc1ccccc1F,2,hydrogen,3,amine,4,COC(=O)c1ccccc1OC,606-45-1,176.00,W271705-100G-K,NC(=O)NCc1ccccc1F,296277-54-8,80.85,ENA308584626-250MG
COC(=O)C1=CC=CC=C1OCC(=O)NCC1=CC=CC=C1F,COC(=O)c1ccccc1[O:2][CH2:1]C(=O)NCc1ccccc1F,[C:1]-[O:2],"[1, 2]","[1, 2]",O=C(NCc1ccccc1F)[CH3:1],1,COC(=O)c1ccccc1[OH:2],2,chloride,3,hydrogen,4,O=C(CCl)NCc1ccccc1F,895367-63-2,337.5,COMH04238E3F-1G,COC(=O)c1ccccc1O,119-36-8,29.30,M2047-100ML
COC(=O)C1=CC=CC=C1OCC(=O)NCC1=CC=CC=C1F,COC(=O)c1ccccc1[O:2][CH2:1]C(=O)NCc1ccccc1F,[C:1]-[O:2],"[1, 2]","[1, 2]",O=C(NCc1ccccc1F)[CH3:1],1,COC(=O)c1ccccc1[OH:2],2,bromide,3,hydrogen,4,O=C(CBr)NCc1ccccc1F,1071969-91-9,181.25,COMH0423965C-500MG,COC(=O)c1ccccc1O,119-36-8,29.30,M2047-100ML
CN(C)C1=CC=C(CNC(=O)COC(=O)CN2C(=O)C(=O)C3=CC=CC=C32)C=C1,CN(C)c1ccc(CNC(=O)[CH2:1][O:2]C(=O)CN2C(=O)C(=O)c3ccccc32)cc1,[C:1]-[O:2],"[1, 2]","[1, 2]",CN(C)c1ccc(CNC(=O)[CH3:1])cc1,1,O=C1C(=O)N(CC(=O)[OH:2])c2ccccc21,2,bromide,3,hydrogen,4,CN(C)c1ccc(CNC(=O)CBr)cc1,1339403-46-1,225,COMH042396A7-1G,O=C(O)CN1C(=O)C(=O)c2ccccc21,60705-96-6,506,CH4238556215-5G
CC(=O)CC(=O)N(C)C,CN(C)C(=O)[CH2:2][C:1](C)=O,[C:1]-[C:2],"[1, 2]","[1, 2]",C[CH:1]=O,1,CN(C)C(=O)[CH3:2],2,hydrogen,3,hydrogen,4,CC=O,75-07-0,119.00,W200360-1.9KG-K,CC(=O)N(C)C,127-19-5,60.10,271012-100ML
CC(=O)CC(=O)N(C)C,CN(C)C(=O)[CH2:2][C:1](C)=O,[C:1]-[C:2],"[1, 2]","[1, 2]",C[CH:1]=O,1,CN(C)C(=O)[CH3:2],2,hydrogen,3,alcohol,4,CC=O,75-07-0,119.00,W200360-1.9KG-K,CN(C)C(=O)CO,,55.10,CDS023758-25MG
CC(=O)CC(=O)N(C)C,CN(C)C(=O)[CH2:2][C:1](C)=O,[C:1]-[C:2],"[1, 2]","[1, 2]",C[CH:1]=O,1,CN(C)C(=O)[CH3:2],2,hydrogen,3,amine,4,CC=O,75-07-0,119.00,W200360-1.9KG-K,CN(C)C(=O)CN,1857-19-8,74.8,AMBH303C6026-1G
CC(=O)CC(=O)N(C)C,CN(C)C(=O)[CH2:2][C:1](C)=O,[C:1]-[C:2],"[1, 2]","[1, 2]",C[CH:1]=O,1,CN(C)C(=O)[CH3:2],2,hydrogen,3,acid,4,CC=O,75-07-0,119.00,W200360-1.9KG-K,CN(C)C(=O)CC(=O)O,,80.60,CDS022231-25MG
CC(=O)CC(=O)N(C)C,CN(C)C(=O)[CH2:2][C:1](C)=O,[C:1]-[C:2],"[1, 2]","[1, 2]",C[CH:1]=O,1,CN(C)C(=O)[CH3:2],2,hydrogen,3,chloride,4,CC=O,75-07-0,119.00,W200360-1.9KG-K,CN(C)C(=O)CCl,2675-89-0,218.00,24350-25ML-F
CC(=O)CC(=O)N(C)C,CN(C)C(=O)[CH2:2][C:1](C)=O,[C:1]-[C:2],"[1, 2]","[1, 2]",C[CH:1]=O,1,CN(C)C(=O)[CH3:2],2,hydrogen,3,bromide,4,CC=O,75-07-0,119.00,W200360-1.9KG-K,CN(C)C(=O)CBr,,49.70,CDS023710-50MG
CC(=O)CC(=O)N(C)C,CN(C)C(=O)[CH2:2][C:1](C)=O,[C:1]-[C:2],"[1, 2]","[1, 2]",C[CH:1]=O,1,CN(C)C(=O)[CH3:2],2,hydrogen,3,iodide,4,CC=O,75-07-0,119.00,W200360-1.9KG-K,CN(C)C(=O)CI,73664-43-4,109.2,ENA448969666-250MG
CC(=O)CC(=O)N(C)C,CN(C)C(=O)[CH2:2][C:1](C)=O,[C:1]-[C:2],"[1, 2]","[1, 2]",C[CH:1]=O,1,CN(C)C(=O)[CH3:2],2,amine,3,hydrogen,4,CC(N)=O,60-35-5,10.80,A0500-1G,CC(=O)N(C)C,127-19-5,60.10,271012-100ML
CC(=O)CC(=O)N(C)C,CN(C)C(=O)[CH2:2][C:1](C)=O,[C:1]-[C:2],"[1, 2]","[1, 2]",C[CH:1]=O,1,CN(C)C(=O)[CH3:2],2,amine,3,alcohol,4,CC(N)=O,60-35-5,10.80,A0500-1G,CN(C)C(=O)CO,,55.10,CDS023758-25MG
CC(=O)CC(=O)N(C)C,CN(C)C(=O)[CH2:2][C:1](C)=O,[C:1]-[C:2],"[1, 2]","[1, 2]",C[CH:1]=O,1,CN(C)C(=O)[CH3:2],2,amine,3,amine,4,CC(N)=O,60-35-5,10.80,A0500-1G,CN(C)C(=O)CN,1857-19-8,74.8,AMBH303C6026-1G
CC(=O)CC(=O)N(C)C,CN(C)C(=O)[CH2:2][C:1](C)=O,[C:1]-[C:2],"[1, 2]","[1, 2]",C[CH:1]=O,1,CN(C)C(=O)[CH3:2],2,amine,3,acid,4,CC(N)=O,60-35-5,10.80,A0500-1G,CN(C)C(=O)CC(=O)O,,80.60,CDS022231-25MG
CC(=O)CC(=O)N(C)C,CN(C)C(=O)[CH2:2][C:1](C)=O,[C:1]-[C:2],"[1, 2]","[1, 2]",C[CH:1]=O,1,CN(C)C(=O)[CH3:2],2,amine,3,chloride,4,CC(N)=O,60-35-5,10.80,A0500-1G,CN(C)C(=O)CCl,2675-89-0,218.00,24350-25ML-F
CC(=O)CC(=O)N(C)C,CN(C)C(=O)[CH2:2][C:1](C)=O,[C:1]-[C:2],"[1, 2]","[1, 2]",C[CH:1]=O,1,CN(C)C(=O)[CH3:2],2,amine,3,bromide,4,CC(N)=O,60-35-5,10.80,A0500-1G,CN(C)C(=O)CBr,,49.70,CDS023710-50MG
CC(=O)CC(=O)N(C)C,CN(C)C(=O)[CH2:2][C:1](C)=O,[C:1]-[C:2],"[1, 2]","[1, 2]",C[CH:1]=O,1,CN(C)C(=O)[CH3:2],2,amine,3,iodide,4,CC(N)=O,60-35-5,10.80,A0500-1G,CN(C)C(=O)CI,73664-43-4,109.2,ENA448969666-250MG
CC(=O)CC(=O)N(C)C,CN(C)C(=O)[CH2:2][C:1](C)=O,[C:1]-[C:2],"[1, 2]","[1, 2]",C[CH:1]=O,1,CN(C)C(=O)[CH3:2],2,acid,3,hydrogen,4,CC(=O)C(=O)O,127-17-3,85.00,W297070-25G-K,CC(=O)N(C)C,127-19-5,60.10,271012-100ML
CC(=O)CC(=O)N(C)C,CN(C)C(=O)[CH2:2][C:1](C)=O,[C:1]-[C:2],"[1, 2]","[1, 2]",C[CH:1]=O,1,CN(C)C(=O)[CH3:2],2,acid,3,alcohol,4,CC(=O)C(=O)O,127-17-3,85.00,W297070-25G-K,CN(C)C(=O)CO,,55.10,CDS023758-25MG
CC(=O)CC(=O)N(C)C,CN(C)C(=O)[CH2:2][C:1](C)=O,[C:1]-[C:2],"[1, 2]","[1, 2]",C[CH:1]=O,1,CN(C)C(=O)[CH3:2],2,acid,3,amine,4,CC(=O)C(=O)O,127-17-3,85.00,W297070-25G-K,CN(C)C(=O)CN,1857-19-8,74.8,AMBH303C6026-1G
CC(=O)CC(=O)N(C)C,CN(C)C(=O)[CH2:2][C:1](C)=O,[C:1]-[C:2],"[1, 2]","[1, 2]",C[CH:1]=O,1,CN(C)C(=O)[CH3:2],2,acid,3,acid,4,CC(=O)C(=O)O,127-17-3,85.00,W297070-25G-K,CN(C)C(=O)CC(=O)O,,80.60,CDS022231-25MG
CC(=O)CC(=O)N(C)C,CN(C)C(=O)[CH2:2][C:1](C)=O,[C:1]-[C:2],"[1, 2]","[1, 2]",C[CH:1]=O,1,CN(C)C(=O)[CH3:2],2,acid,3,chloride,4,CC(=O)C(=O)O,127-17-3,85.00,W297070-25G-K,CN(C)C(=O)CCl,2675-89-0,218.00,24350-25ML-F
CC(=O)CC(=O)N(C)C,CN(C)C(=O)[CH2:2][C:1](C)=O,[C:1]-[C:2],"[1, 2]","[1, 2]",C[CH:1]=O,1,CN(C)C(=O)[CH3:2],2,acid,3,bromide,4,CC(=O)C(=O)O,127-17-3,85.00,W297070-25G-K,CN(C)C(=O)CBr,,49.70,CDS023710-50MG
CC(=O)CC(=O)N(C)C,CN(C)C(=O)[CH2:2][C:1](C)=O,[C:1]-[C:2],"[1, 2]","[1, 2]",C[CH:1]=O,1,CN(C)C(=O)[CH3:2],2,acid,3,iodide,4,CC(=O)C(=O)O,127-17-3,85.00,W297070-25G-K,CN(C)C(=O)CI,73664-43-4,109.2,ENA448969666-250MG
CC(=O)CC(=O)N(C)C,CN(C)C(=O)[CH2:2][C:1](C)=O,[C:1]-[C:2],"[1, 2]","[1, 2]",C[CH:1]=O,1,CN(C)C(=O)[CH3:2],2,chloride,3,hydrogen,4,CC(=O)Cl,75-36-5,91.00,320129-1KG,CC(=O)N(C)C,127-19-5,60.10,271012-100ML
CC(=O)CC(=O)N(C)C,CN(C)C(=O)[CH2:2][C:1](C)=O,[C:1]-[C:2],"[1, 2]","[1, 2]",C[CH:1]=O,1,CN(C)C(=O)[CH3:2],2,chloride,3,alcohol,4,CC(=O)Cl,75-36-5,91.00,320129-1KG,CN(C)C(=O)CO,,55.10,CDS023758-25MG
CC(=O)CC(=O)N(C)C,CN(C)C(=O)[CH2:2][C:1](C)=O,[C:1]-[C:2],"[1, 2]","[1, 2]",C[CH:1]=O,1,CN(C)C(=O)[CH3:2],2,chloride,3,amine,4,CC(=O)Cl,75-36-5,91.00,320129-1KG,CN(C)C(=O)CN,1857-19-8,74.8,AMBH303C6026-1G
CC(=O)CC(=O)N(C)C,CN(C)C(=O)[CH2:2][C:1](C)=O,[C:1]-[C:2],"[1, 2]","[1, 2]",C[CH:1]=O,1,CN(C)C(=O)[CH3:2],2,chloride,3,acid,4,CC(=O)Cl,75-36-5,91.00,320129-1KG,CN(C)C(=O)CC(=O)O,,80.60,CDS022231-25MG
CC(=O)CC(=O)N(C)C,CN(C)C(=O)[CH2:2][C:1](C)=O,[C:1]-[C:2],"[1, 2]","[1, 2]",C[CH:1]=O,1,CN(C)C(=O)[CH3:2],2,chloride,3,chloride,4,CC(=O)Cl,75-36-5,91.00,320129-1KG,CN(C)C(=O)CCl,2675-89-0,218.00,24350-25ML-F
CC(=O)CC(=O)N(C)C,CN(C)C(=O)[CH2:2][C:1](C)=O,[C:1]-[C:2],"[1, 2]","[1, 2]",C[CH:1]=O,1,CN(C)C(=O)[CH3:2],2,chloride,3,bromide,4,CC(=O)Cl,75-36-5,91.00,320129-1KG,CN(C)C(=O)CBr,,49.70,CDS023710-50MG
CC(=O)CC(=O)N(C)C,CN(C)C(=O)[CH2:2][C:1](C)=O,[C:1]-[C:2],"[1, 2]","[1, 2]",C[CH:1]=O,1,CN(C)C(=O)[CH3:2],2,chloride,3,iodide,4,CC(=O)Cl,75-36-5,91.00,320129-1KG,CN(C)C(=O)CI,73664-43-4,109.2,ENA448969666-250MG
CC(=O)CC(=O)N(C)C,CN(C)C(=O)[CH2:2][C:1](C)=O,[C:1]-[C:2],"[1, 2]","[1, 2]",C[CH:1]=O,1,CN(C)C(=O)[CH3:2],2,bromide,3,hydrogen,4,CC(=O)Br,506-96-7,54.50,135968-100G,CC(=O)N(C)C,127-19-5,60.10,271012-100ML
CC(=O)CC(=O)N(C)C,CN(C)C(=O)[CH2:2][C:1](C)=O,[C:1]-[C:2],"[1, 2]","[1, 2]",C[CH:1]=O,1,CN(C)C(=O)[CH3:2],2,bromide,3,alcohol,4,CC(=O)Br,506-96-7,54.50,135968-100G,CN(C)C(=O)CO,,55.10,CDS023758-25MG
CC(=O)CC(=O)N(C)C,CN(C)C(=O)[CH2:2][C:1](C)=O,[C:1]-[C:2],"[1, 2]","[1, 2]",C[CH:1]=O,1,CN(C)C(=O)[CH3:2],2,bromide,3,amine,4,CC(=O)Br,506-96-7,54.50,135968-100G,CN(C)C(=O)CN,1857-19-8,74.8,AMBH303C6026-1G
CC(=O)CC(=O)N(C)C,CN(C)C(=O)[CH2:2][C:1](C)=O,[C:1]-[C:2],"[1, 2]","[1, 2]",C[CH:1]=O,1,CN(C)C(=O)[CH3:2],2,bromide,3,acid,4,CC(=O)Br,506-96-7,54.50,135968-100G,CN(C)C(=O)CC(=O)O,,80.60,CDS022231-25MG
CC(=O)CC(=O)N(C)C,CN(C)C(=O)[CH2:2][C:1](C)=O,[C:1]-[C:2],"[1, 2]","[1, 2]",C[CH:1]=O,1,CN(C)C(=O)[CH3:2],2,bromide,3,chloride,4,CC(=O)Br,506-96-7,54.50,135968-100G,CN(C)C(=O)CCl,2675-89-0,218.00,24350-25ML-F
CC(=O)CC(=O)N(C)C,CN(C)C(=O)[CH2:2][C:1](C)=O,[C:1]-[C:2],"[1, 2]","[1, 2]",C[CH:1]=O,1,CN(C)C(=O)[CH3:2],2,bromide,3,bromide,4,CC(=O)Br,506-96-7,54.50,135968-100G,CN(C)C(=O)CBr,,49.70,CDS023710-50MG
CC(=O)CC(=O)N(C)C,CN(C)C(=O)[CH2:2][C:1](C)=O,[C:1]-[C:2],"[1, 2]","[1, 2]",C[CH:1]=O,1,CN(C)C(=O)[CH3:2],2,bromide,3,iodide,4,CC(=O)Br,506-96-7,54.50,135968-100G,CN(C)C(=O)CI,73664-43-4,109.2,ENA448969666-250MG
CC(=O)CC(=O)N(C)C,CC(=O)[CH2:1][C:2](=O)N(C)C,[C:1]-[C:2],"[1, 2]","[1, 2]",CC(=O)[CH3:1],1,CN(C)[CH:2]=O,2,hydrogen,3,hydrogen,4,CC(C)=O,67-64-1,80.00,W332615-100G,CN(C)C=O,68-12-2,37.60,D4551-250ML
CC(=O)CC(=O)N(C)C,CC(=O)[CH2:1][C:2](=O)N(C)C,[C:1]-[C:2],"[1, 2]","[1, 2]",CC(=O)[CH3:1],1,CN(C)[CH:2]=O,2,hydrogen,3,amine,4,CC(C)=O,67-64-1,80.00,W332615-100G,CN(C)C(N)=O,598-94-7,92.80,261394-25G
CC(=O)CC(=O)N(C)C,CC(=O)[CH2:1][C:2](=O)N(C)C,[C:1]-[C:2],"[1, 2]","[1, 2]",CC(=O)[CH3:1],1,CN(C)[CH:2]=O,2,hydrogen,3,acid,4,CC(C)=O,67-64-1,80.00,W332615-100G,CN(C)C(=O)C(=O)O,,55.10,CDS003371-500MG
CC(=O)CC(=O)N(C)C,CC(=O)[CH2:1][C:2](=O)N(C)C,[C:1]-[C:2],"[1, 2]","[1, 2]",CC(=O)[CH3:1],1,CN(C)[CH:2]=O,2,hydrogen,3,chloride,4,CC(C)=O,67-64-1,80.00,W332615-100G,CN(C)C(=O)Cl,79-44-7,28.60,D152803-5G
CC(=O)CC(=O)N(C)C,CC(=O)[CH2:1][C:2](=O)N(C)C,[C:1]-[C:2],"[1, 2]","[1, 2]",CC(=O)[CH3:1],1,CN(C)[CH:2]=O,2,alcohol,3,hydrogen,4,CC(=O)CO,116-09-6,32.50,138185-5G,CN(C)C=O,68-12-2,37.60,D4551-250ML
CC(=O)CC(=O)N(C)C,CC(=O)[CH2:1][C:2](=O)N(C)C,[C:1]-[C:2],"[1, 2]","[1, 2]",CC(=O)[CH3:1],1,CN(C)[CH:2]=O,2,alcohol,3,amine,4,CC(=O)CO,116-09-6,32.50,138185-5G,CN(C)C(N)=O,598-94-7,92.80,261394-25G
CC(=O)CC(=O)N(C)C,CC(=O)[CH2:1][C:2](=O)N(C)C,[C:1]-[C:2],"[1, 2]","[1, 2]",CC(=O)[CH3:1],1,CN(C)[CH:2]=O,2,alcohol,3,acid,4,CC(=O)CO,116-09-6,32.50,138185-5G,CN(C)C(=O)C(=O)O,,55.10,CDS003371-500MG
CC(=O)CC(=O)N(C)C,CC(=O)[CH2:1][C:2](=O)N(C)C,[C:1]-[C:2],"[1, 2]","[1, 2]",CC(=O)[CH3:1],1,CN(C)[CH:2]=O,2,alcohol,3,chloride,4,CC(=O)CO,116-09-6,32.50,138185-5G,CN(C)C(=O)Cl,79-44-7,28.60,D152803-5G
CC(=O)CC(=O)N(C)C,CC(=O)[CH2:1][C:2](=O)N(C)C,[C:1]-[C:2],"[1, 2]","[1, 2]",CC(=O)[CH3:1],1,CN(C)[CH:2]=O,2,amine,3,hydrogen,4,CC(=O)CN,298-08-8,462.5,COM456878946-10G,CN(C)C=O,68-12-2,37.60,D4551-250ML
CC(=O)CC(=O)N(C)C,CC(=O)[CH2:1][C:2](=O)N(C)C,[C:1]-[C:2],"[1, 2]","[1, 2]",CC(=O)[CH3:1],1,CN(C)[CH:2]=O,2,amine,3,amine,4,CC(=O)CN,298-08-8,462.5,COM456878946-10G,CN(C)C(N)=O,598-94-7,92.80,261394-25G
CC(=O)CC(=O)N(C)C,CC(=O)[CH2:1][C:2](=O)N(C)C,[C:1]-[C:2],"[1, 2]","[1, 2]",CC(=O)[CH3:1],1,CN(C)[CH:2]=O,2,amine,3,acid,4,CC(=O)CN,298-08-8,462.5,COM456878946-10G,CN(C)C(=O)C(=O)O,,55.10,CDS003371-500MG
CC(=O)CC(=O)N(C)C,CC(=O)[CH2:1][C:2](=O)N(C)C,[C:1]-[C:2],"[1, 2]","[1, 2]",CC(=O)[CH3:1],1,CN(C)[CH:2]=O,2,amine,3,chloride,4,CC(=O)CN,298-08-8,462.5,COM456878946-10G,CN(C)C(=O)Cl,79-44-7,28.60,D152803-5G
CC(=O)CC(=O)N(C)C,CC(=O)[CH2:1][C:2](=O)N(C)C,[C:1]-[C:2],"[1, 2]","[1, 2]",CC(=O)[CH3:1],1,CN(C)[CH:2]=O,2,chloride,3,hydrogen,4,CC(=O)CCl,78-95-5,36.40,167479-5G,CN(C)C=O,68-12-2,37.60,D4551-250ML
CC(=O)CC(=O)N(C)C,CC(=O)[CH2:1][C:2](=O)N(C)C,[C:1]-[C:2],"[1, 2]","[1, 2]",CC(=O)[CH3:1],1,CN(C)[CH:2]=O,2,chloride,3,amine,4,CC(=O)CCl,78-95-5,36.40,167479-5G,CN(C)C(N)=O,598-94-7,92.80,261394-25G
CC(=O)CC(=O)N(C)C,CC(=O)[CH2:1][C:2](=O)N(C)C,[C:1]-[C:2],"[1, 2]","[1, 2]",CC(=O)[CH3:1],1,CN(C)[CH:2]=O,2,chloride,3,acid,4,CC(=O)CCl,78-95-5,36.40,167479-5G,CN(C)C(=O)C(=O)O,,55.10,CDS003371-500MG
CC(=O)CC(=O)N(C)C,CC(=O)[CH2:1][C:2](=O)N(C)C,[C:1]-[C:2],"[1, 2]","[1, 2]",CC(=O)[CH3:1],1,CN(C)[CH:2]=O,2,chloride,3,chloride,4,CC(=O)CCl,78-95-5,36.40,167479-5G,CN(C)C(=O)Cl,79-44-7,28.60,D152803-5G
CC(=O)CC(=O)N(C)C,CC(=O)C[C:1](=O)[N:2](C)C,[C:1]-[N:2],"[1, 2]","[1, 2]",CC(=O)C[CH:1]=O,1,C[NH:2]C,2,amine,3,hydrogen,4,CC(=O)CC(N)=O,5977-14-0,35.70,328812-100G,CNC,124-40-3,218.00,295280-100G
CC(=O)CC(=O)N(C)C,CC(=O)C[C:1](=O)[N:2](C)C,[C:1]-[N:2],"[1, 2]","[1, 2]",CC(=O)C[CH:1]=O,1,C[NH:2]C,2,amine,3,amine,4,CC(=O)CC(N)=O,5977-14-0,35.70,328812-100G,CN(C)N,57-14-7,35.10,D161608-5G
CC(=O)CC(=O)N(C)C,CC(=O)CC(=O)[N:2](C)[CH3:1],[C:1]-[N:2],"[1, 2]","[1, 2]",[CH4:1],1,CC(=O)CC(=O)[NH:2]C,2,hydrogen,3,hydrogen,4,C,74-82-8,1610.00,463035-24L,CNC(=O)CC(C)=O,20306-75-6,64.9,APO945298833-100G
CC(=O)CC(=O)N(C)C,CC(=O)CC(=O)[N:2](C)[CH3:1],[C:1]-[N:2],"[1, 2]","[1, 2]",[CH4:1],1,CC(=O)CC(=O)[NH:2]C,2,alcohol,3,hydrogen,4,CO,67-56-1,30.20,M3641-500ML,CNC(=O)CC(C)=O,20306-75-6,64.9,APO945298833-100G
CC(=O)CC(=O)N(C)C,CC(=O)CC(=O)[N:2](C)[CH3:1],[C:1]-[N:2],"[1, 2]","[1, 2]",[CH4:1],1,CC(=O)CC(=O)[NH:2]C,2,amine,3,hydrogen,4,CN,74-89-5,40.10,534102-250ML,CNC(=O)CC(C)=O,20306-75-6,64.9,APO945298833-100G
CC(=O)CC(=O)N(C)C,CC(=O)CC(=O)[N:2](C)[CH3:1],[C:1]-[N:2],"[1, 2]","[1, 2]",[CH4:1],1,CC(=O)CC(=O)[NH:2]C,2,acid,3,hydrogen,4,CC(=O)O,64-19-7,67.00,W200611-1KG-K,CNC(=O)CC(C)=O,20306-75-6,64.9,APO945298833-100G
CC(=O)CC(=O)N(C)C,CC(=O)CC(=O)[N:2](C)[CH3:1],[C:1]-[N:2],"[1, 2]","[1, 2]",[CH4:1],1,CC(=O)CC(=O)[NH:2]C,2,chloride,3,hydrogen,4,CCl,74-87-3,252.00,294799-200ML,CNC(=O)CC(C)=O,20306-75-6,64.9,APO945298833-100G
CC(=O)CC(=O)N(C)C,CC(=O)CC(=O)[N:2](C)[CH3:1],[C:1]-[N:2],"[1, 2]","[1, 2]",[CH4:1],1,CC(=O)CC(=O)[NH:2]C,2,bromide,3,hydrogen,4,CBr,74-83-9,24.10,48624,CNC(=O)CC(C)=O,20306-75-6,64.9,APO945298833-100G
CC(=O)CC(=O)N(C)C,CC(=O)CC(=O)[N:2](C)[CH3:1],[C:1]-[N:2],"[1, 2]","[1, 2]",[CH4:1],1,CC(=O)CC(=O)[NH:2]C,2,iodide,3,hydrogen,4,CI,74-88-4,112.00,456756-100ML,CNC(=O)CC(C)=O,20306-75-6,64.9,APO945298833-100G
CC(=O)CC(=O)N(C)C,CC(=O)CC(=O)[N:2](C)[CH3:1],[C:1]-[N:2],"[1, 2]","[1, 2]",[CH4:1],1,CC(=O)CC(=O)[NH:2]C,2,boronate,3,hydrogen,4,CB(O)O,13061-96-6,43.80,165336-1G,CNC(=O)CC(C)=O,20306-75-6,64.9,APO945298833-100G
O=C(OCC1=NOC(C2=CC=CC=C2)=C1)C1=CC=CC=C1C(=O)C1=CC=CC=C1,O=C(O[CH2:2][c:1]1cc(-c2ccccc2)on1)c1ccccc1C(=O)c1ccccc1,[c:1]-[C:2],"[1, 2]","[1, 2]",c1ccc(-c2c[cH:1]no2)cc1,1,O=C(O[CH3:2])c1ccccc1C(=O)c1ccccc1,2,hydrogen,3,hydrogen,4,c1ccc(-c2ccno2)cc1,,55.10,JRD0097-1G,COC(=O)c1ccccc1C(=O)c1ccccc1,606-28-0,109.00,559830-25G
O=C(OCC1=NOC(C2=CC=CC=C2)=C1)C1=CC=CC=C1C(=O)C1=CC=CC=C1,O=C(O[CH2:2][c:1]1cc(-c2ccccc2)on1)c1ccccc1C(=O)c1ccccc1,[c:1]-[C:2],"[1, 2]","[1, 2]",c1ccc(-c2c[cH:1]no2)cc1,1,O=C(O[CH3:2])c1ccccc1C(=O)c1ccccc1,2,alcohol,3,hydrogen,4,Oc1cc(-c2ccccc2)on1,939-05-9,719.25,ENAH315517D1-1G,COC(=O)c1ccccc1C(=O)c1ccccc1,606-28-0,109.00,559830-25G
O=C(OCC1=NOC(C2=CC=CC=C2)=C1)C1=CC=CC=C1C(=O)C1=CC=CC=C1,O=C(O[CH2:2][c:1]1cc(-c2ccccc2)on1)c1ccccc1C(=O)c1ccccc1,[c:1]-[C:2],"[1, 2]","[1, 2]",c1ccc(-c2c[cH:1]no2)cc1,1,O=C(O[CH3:2])c1ccccc1C(=O)c1ccccc1,2,amine,3,hydrogen,4,Nc1cc(-c2ccccc2)on1,6455-31-8,215.00,JRD0178-1G,COC(=O)c1ccccc1C(=O)c1ccccc1,606-28-0,109.00,559830-25G
O=C(OCC1=NOC(C2=CC=CC=C2)=C1)C1=CC=CC=C1C(=O)C1=CC=CC=C1,O=C(O[CH2:2][c:1]1cc(-c2ccccc2)on1)c1ccccc1C(=O)c1ccccc1,[c:1]-[C:2],"[1, 2]","[1, 2]",c1ccc(-c2c[cH:1]no2)cc1,1,O=C(O[CH3:2])c1ccccc1C(=O)c1ccccc1,2,acid,3,hydrogen,4,O=C(O)c1cc(-c2ccccc2)on1,14441-90-8,95.10,645087-1G,COC(=O)c1ccccc1C(=O)c1ccccc1,606-28-0,109.00,559830-25G
O=C(OCC1=NOC(C2=CC=CC=C2)=C1)C1=CC=CC=C1C(=O)C1=CC=CC=C1,O=C(O[CH2:2][c:1]1cc(-c2ccccc2)on1)c1ccccc1C(=O)c1ccccc1,[c:1]-[C:2],"[1, 2]","[1, 2]",c1ccc(-c2c[cH:1]no2)cc1,1,O=C(O[CH3:2])c1ccccc1C(=O)c1ccccc1,2,chloride,3,hydrogen,4,Clc1cc(-c2ccccc2)on1,31329-61-0,444.15,ENAH908233D5-500MG,COC(=O)c1ccccc1C(=O)c1ccccc1,606-28-0,109.00,559830-25G
O=C(OCC1=NOC(C2=CC=CC=C2)=C1)C1=CC=CC=C1C(=O)C1=CC=CC=C1,O=C(O[CH2:2][c:1]1cc(-c2ccccc2)on1)c1ccccc1C(=O)c1ccccc1,[c:1]-[C:2],"[1, 2]","[1, 2]",c1ccc(-c2c[cH:1]no2)cc1,1,O=C(O[CH3:2])c1ccccc1C(=O)c1ccccc1,2,bromide,3,hydrogen,4,Brc1cc(-c2ccccc2)on1,10557-74-1,76.65,ENAH65919CEB-100MG,COC(=O)c1ccccc1C(=O)c1ccccc1,606-28-0,109.00,559830-25G
O=C(OCC1=NOC(C2=CC=CC=C2)=C1)C1=CC=CC=C1C(=O)C1=CC=CC=C1,O=C(c1ccccc1)c1ccccc1C(=O)[O:2][CH2:1]c1cc(-c2ccccc2)on1,[C:1]-[O:2],"[1, 2]","[1, 2]",c1ccc(-c2cc([CH3:1])no2)cc1,1,O=C(c1ccccc1)c1ccccc1C(=O)[OH:2],2,hydrogen,3,hydrogen,4,Cc1cc(-c2ccccc2)on1,1008-75-9,70.20,686131-5G,O=C(O)c1ccccc1C(=O)c1ccccc1,85-52-9,25.90,B12385-25G
O=C(OCC1=NOC(C2=CC=CC=C2)=C1)C1=CC=CC=C1C(=O)C1=CC=CC=C1,O=C(c1ccccc1)c1ccccc1C(=O)[O:2][CH2:1]c1cc(-c2ccccc2)on1,[C:1]-[O:2],"[1, 2]","[1, 2]",c1ccc(-c2cc([CH3:1])no2)cc1,1,O=C(c1ccccc1)c1ccccc1C(=O)[OH:2],2,alcohol,3,hydrogen,4,OCc1cc(-c2ccccc2)on1,1619-37-0,513.45,ENA372572779-10G,O=C(O)c1ccccc1C(=O)c1ccccc1,85-52-9,25.90,B12385-25G
O=C(OCC1=NOC(C2=CC=CC=C2)=C1)C1=CC=CC=C1C(=O)C1=CC=CC=C1,O=C(c1ccccc1)c1ccccc1C(=O)[O:2][CH2:1]c1cc(-c2ccccc2)on1,[C:1]-[O:2],"[1, 2]","[1, 2]",c1ccc(-c2cc([CH3:1])no2)cc1,1,O=C(c1ccccc1)c1ccccc1C(=O)[OH:2],2,amine,3,hydrogen,4,NCc1cc(-c2ccccc2)on1,154016-47-4,450,COM497525232-250MG,O=C(O)c1ccccc1C(=O)c1ccccc1,85-52-9,25.90,B12385-25G
O=C(OCC1=NOC(C2=CC=CC=C2)=C1)C1=CC=CC=C1C(=O)C1=CC=CC=C1,O=C(c1ccccc1)c1ccccc1C(=O)[O:2][CH2:1]c1cc(-c2ccccc2)on1,[C:1]-[O:2],"[1, 2]","[1, 2]",c1ccc(-c2cc([CH3:1])no2)cc1,1,O=C(c1ccccc1)c1ccccc1C(=O)[OH:2],2,acid,3,hydrogen,4,O=C(O)Cc1cc(-c2ccccc2)on1,3919-88-8,163.8,ENA321763239-250MG,O=C(O)c1ccccc1C(=O)c1ccccc1,85-52-9,25.90,B12385-25G
O=C(OCC1=NOC(C2=CC=CC=C2)=C1)C1=CC=CC=C1C(=O)C1=CC=CC=C1,O=C(c1ccccc1)c1ccccc1C(=O)[O:2][CH2:1]c1cc(-c2ccccc2)on1,[C:1]-[O:2],"[1, 2]","[1, 2]",c1ccc(-c2cc([CH3:1])no2)cc1,1,O=C(c1ccccc1)c1ccccc1C(=O)[OH:2],2,chloride,3,hydrogen,4,ClCc1cc(-c2ccccc2)on1,14731-10-3,52.5,LIF372154503-250MG,O=C(O)c1ccccc1C(=O)c1ccccc1,85-52-9,25.90,B12385-25G
CCC(C)(CS)NC(=O)C(C)(C)C,CC[C:1](C)(CS)[NH:2]C(=O)C(C)(C)C,[C:1]-[N:2],"[1, 2]","[1, 2]",CC[CH:1](C)CS,1,CC(C)(C)C(=O)[NH2:2],2,hydrogen,3,hydrogen,4,CCC(C)CS,1878-18-8,182.00,W330302-25G,CC(C)(C)C(N)=O,754-10-9,92.00,T71609-25G
CCC(C)(CS)NC(=O)C(C)(C)C,CC[C:1](C)(CS)[NH:2]C(=O)C(C)(C)C,[C:1]-[N:2],"[1, 2]","[1, 2]",CC[CH:1](C)CS,1,CC(C)(C)C(=O)[NH2:2],2,hydrogen,3,alcohol,4,CCC(C)CS,1878-18-8,182.00,W330302-25G,CC(C)(C)C(=O)NO,29740-67-8,69.3,ENA308584128-100MG
CCC(C)(CS)NC(=O)C(C)(C)C,CC[C:1](C)(CS)[NH:2]C(=O)C(C)(C)C,[C:1]-[N:2],"[1, 2]","[1, 2]",CC[CH:1](C)CS,1,CC(C)(C)C(=O)[NH2:2],2,hydrogen,3,amine,4,CCC(C)CS,1878-18-8,182.00,W330302-25G,CC(C)(C)C(=O)NN,,49.70,CDS004742-100MG
CCCCCCCCCCCC(CCCCC)C(CCCC)[N+](=O)[O-],CCCCCCCCCCC[CH:1](CCCCC)[CH:2](CCCC)[N+](=O)[O-],[C:1]-[C:2],"[1, 2]","[1, 2]",CCCCCCCCCCC[CH2:1]CCCCC,1,CCCC[CH2:2][N+](=O)[O-],2,hydrogen,3,hydrogen,4,CCCCCCCCCCCCCCCCC,629-78-7,30.90,128503-25G,CCCCC[N+](=O)[O-],628-05-7,53.20,259500-1G
CCOC(=O)C1=CN2C(C)=NC(Cl)=CC2=N1,CCOC(=O)c1cn2c(cc(Cl)n[c:1]2[CH3:2])n1,[c:1]-[C:2],"[1, 2]","[1, 2]",CCOC(=O)c1cn2c(cc(Cl)n[cH:1]2)n1,1,[CH4:2],2,chloride,3,hydrogen,4,CCOC(=O)c1cn2c(Cl)nc(Cl)cc2n1,1289151-91-2,587.5,COMH93D67B63-250MG,C,74-82-8,1610.00,463035-24L
CCOC(=O)C1=CN2C(C)=NC(Cl)=CC2=N1,CCOC(=O)c1cn2c(cc(Cl)n[c:1]2[CH3:2])n1,[c:1]-[C:2],"[1, 2]","[1, 2]",CCOC(=O)c1cn2c(cc(Cl)n[cH:1]2)n1,1,[CH4:2],2,chloride,3,alcohol,4,CCOC(=O)c1cn2c(Cl)nc(Cl)cc2n1,1289151-91-2,587.5,COMH93D67B63-250MG,CO,67-56-1,30.20,M3641-500ML
CCOC(=O)C1=CN2C(C)=NC(Cl)=CC2=N1,CCOC(=O)c1cn2c(cc(Cl)n[c:1]2[CH3:2])n1,[c:1]-[C:2],"[1, 2]","[1, 2]",CCOC(=O)c1cn2c(cc(Cl)n[cH:1]2)n1,1,[CH4:2],2,chloride,3,amine,4,CCOC(=O)c1cn2c(Cl)nc(Cl)cc2n1,1289151-91-2,587.5,COMH93D67B63-250MG,CN,74-89-5,40.10,534102-250ML
CCOC(=O)C1=CN2C(C)=NC(Cl)=CC2=N1,CCOC(=O)c1cn2c(cc(Cl)n[c:1]2[CH3:2])n1,[c:1]-[C:2],"[1, 2]","[1, 2]",CCOC(=O)c1cn2c(cc(Cl)n[cH:1]2)n1,1,[CH4:2],2,chloride,3,acid,4,CCOC(=O)c1cn2c(Cl)nc(Cl)cc2n1,1289151-91-2,587.5,COMH93D67B63-250MG,CC(=O)O,64-19-7,67.00,W200611-1KG-K
CCOC(=O)C1=CN2C(C)=NC(Cl)=CC2=N1,CCOC(=O)c1cn2c(cc(Cl)n[c:1]2[CH3:2])n1,[c:1]-[C:2],"[1, 2]","[1, 2]",CCOC(=O)c1cn2c(cc(Cl)n[cH:1]2)n1,1,[CH4:2],2,chloride,3,chloride,4,CCOC(=O)c1cn2c(Cl)nc(Cl)cc2n1,1289151-91-2,587.5,COMH93D67B63-250MG,CCl,74-87-3,252.00,294799-200ML
CCOC(=O)C1=CN2C(C)=NC(Cl)=CC2=N1,CCOC(=O)c1cn2c(cc(Cl)n[c:1]2[CH3:2])n1,[c:1]-[C:2],"[1, 2]","[1, 2]",CCOC(=O)c1cn2c(cc(Cl)n[cH:1]2)n1,1,[CH4:2],2,chloride,3,bromide,4,CCOC(=O)c1cn2c(Cl)nc(Cl)cc2n1,1289151-91-2,587.5,COMH93D67B63-250MG,CBr,74-83-9,24.10,48624
CCOC(=O)C1=CN2C(C)=NC(Cl)=CC2=N1,CCOC(=O)c1cn2c(cc(Cl)n[c:1]2[CH3:2])n1,[c:1]-[C:2],"[1, 2]","[1, 2]",CCOC(=O)c1cn2c(cc(Cl)n[cH:1]2)n1,1,[CH4:2],2,chloride,3,iodide,4,CCOC(=O)c1cn2c(Cl)nc(Cl)cc2n1,1289151-91-2,587.5,COMH93D67B63-250MG,CI,74-88-4,112.00,456756-100ML
CCOC(=O)C1=CN2C(C)=NC(Cl)=CC2=N1,CCOC(=O)c1cn2c(cc(Cl)n[c:1]2[CH3:2])n1,[c:1]-[C:2],"[1, 2]","[1, 2]",CCOC(=O)c1cn2c(cc(Cl)n[cH:1]2)n1,1,[CH4:2],2,chloride,3,boronate,4,CCOC(=O)c1cn2c(Cl)nc(Cl)cc2n1,1289151-91-2,587.5,COMH93D67B63-250MG,CB(O)O,13061-96-6,43.80,165336-1G
NC1=CN(P)C=N1,Nc1c[n:1]([PH2:2])cn1,[n:1]-[P:2],"[1, 2]","[1, 2]",Nc1c[nH:1]cn1,1,[PH3:2],2,hydrogen,3,hydrogen,4,Nc1c[nH]cn1,,1949.25,ADVH49B8254D-5G,P,7803-51-2,1780.00,295647-10G
CN(CC1=CC=C(N(C)C)C=C1)C(=O)COC1=CC=CC=C1Br,CN(C)c1cc[c:1]([CH2:2]N(C)C(=O)COc2ccccc2Br)cc1,[c:1]-[C:2],"[1, 2]","[1, 2]",CN(C)c1cc[cH:1]cc1,1,CN(C(=O)COc1ccccc1Br)[CH3:2],2,hydrogen,3,hydrogen,4,CN(C)c1ccccc1,121-69-7,69.50,407275-100ML,CN(C)C(=O)COc1ccccc1Br,1016837-70-9,102.9,ENA424045509-250MG
CN(CC1=CC=C(N(C)C)C=C1)C(=O)COC1=CC=CC=C1Br,CN(C)c1cc[c:1]([CH2:2]N(C)C(=O)COc2ccccc2Br)cc1,[c:1]-[C:2],"[1, 2]","[1, 2]",CN(C)c1cc[cH:1]cc1,1,CN(C(=O)COc1ccccc1Br)[CH3:2],2,alcohol,3,hydrogen,4,CN(C)c1ccc(O)cc1,619-60-3,63.8,AMBH2D6F42E4-10G,CN(C)C(=O)COc1ccccc1Br,1016837-70-9,102.9,ENA424045509-250MG
CN(CC1=CC=C(N(C)C)C=C1)C(=O)COC1=CC=CC=C1Br,CN(C)c1cc[c:1]([CH2:2]N(C)C(=O)COc2ccccc2Br)cc1,[c:1]-[C:2],"[1, 2]","[1, 2]",CN(C)c1cc[cH:1]cc1,1,CN(C(=O)COc1ccccc1Br)[CH3:2],2,amine,3,hydrogen,4,CN(C)c1ccc(N)cc1,99-98-9,58.30,07750-25G,CN(C)C(=O)COc1ccccc1Br,1016837-70-9,102.9,ENA424045509-250MG
CN(CC1=CC=C(N(C)C)C=C1)C(=O)COC1=CC=CC=C1Br,CN(C)c1cc[c:1]([CH2:2]N(C)C(=O)COc2ccccc2Br)cc1,[c:1]-[C:2],"[1, 2]","[1, 2]",CN(C)c1cc[cH:1]cc1,1,CN(C(=O)COc1ccccc1Br)[CH3:2],2,acid,3,hydrogen,4,CN(C)c1ccc(C(=O)O)cc1,619-84-1,38.10,D139459-25G,CN(C)C(=O)COc1ccccc1Br,1016837-70-9,102.9,ENA424045509-250MG
CN(CC1=CC=C(N(C)C)C=C1)C(=O)COC1=CC=CC=C1Br,CN(C)c1cc[c:1]([CH2:2]N(C)C(=O)COc2ccccc2Br)cc1,[c:1]-[C:2],"[1, 2]","[1, 2]",CN(C)c1cc[cH:1]cc1,1,CN(C(=O)COc1ccccc1Br)[CH3:2],2,chloride,3,hydrogen,4,CN(C)c1ccc(Cl)cc1,698-69-1,171.6,AMBH2D6F88CC-5G,CN(C)C(=O)COc1ccccc1Br,1016837-70-9,102.9,ENA424045509-250MG
CN(CC1=CC=C(N(C)C)C=C1)C(=O)COC1=CC=CC=C1Br,CN(C)c1cc[c:1]([CH2:2]N(C)C(=O)COc2ccccc2Br)cc1,[c:1]-[C:2],"[1, 2]","[1, 2]",CN(C)c1cc[cH:1]cc1,1,CN(C(=O)COc1ccccc1Br)[CH3:2],2,bromide,3,hydrogen,4,CN(C)c1ccc(Br)cc1,586-77-6,37.90,242950-25G,CN(C)C(=O)COc1ccccc1Br,1016837-70-9,102.9,ENA424045509-250MG
CN(CC1=CC=C(N(C)C)C=C1)C(=O)COC1=CC=CC=C1Br,CN(C)c1cc[c:1]([CH2:2]N(C)C(=O)COc2ccccc2Br)cc1,[c:1]-[C:2],"[1, 2]","[1, 2]",CN(C)c1cc[cH:1]cc1,1,CN(C(=O)COc1ccccc1Br)[CH3:2],2,iodide,3,hydrogen,4,CN(C)c1ccc(I)cc1,698-70-4,328.9,AMBH2D6F6E53-5G,CN(C)C(=O)COc1ccccc1Br,1016837-70-9,102.9,ENA424045509-250MG
CN(CC1=CC=C(N(C)C)C=C1)C(=O)COC1=CC=CC=C1Br,CN(C)c1cc[c:1]([CH2:2]N(C)C(=O)COc2ccccc2Br)cc1,[c:1]-[C:2],"[1, 2]","[1, 2]",CN(C)c1cc[cH:1]cc1,1,CN(C(=O)COc1ccccc1Br)[CH3:2],2,boronate,3,hydrogen,4,CN(C)c1ccc(B(O)O)cc1,28611-39-4,47.10,483532-1G,CN(C)C(=O)COc1ccccc1Br,1016837-70-9,102.9,ENA424045509-250MG
CN(CC1=CC=C(N(C)C)C=C1)C(=O)COC1=CC=CC=C1Br,CN(C)c1ccc([CH2:1][N:2](C)C(=O)COc2ccccc2Br)cc1,[C:1]-[N:2],"[1, 2]","[1, 2]",CN(C)c1ccc([CH3:1])cc1,1,C[NH:2]C(=O)COc1ccccc1Br,2,hydrogen,3,hydrogen,4,Cc1ccc(N(C)C)cc1,99-97-8,48.90,41690-100ML,CNC(=O)COc1ccccc1Br,,55.10,CDS005859-100MG
CN(CC1=CC=C(N(C)C)C=C1)C(=O)COC1=CC=CC=C1Br,CN(C)c1ccc([CH2:1][N:2](C)C(=O)COc2ccccc2Br)cc1,[C:1]-[N:2],"[1, 2]","[1, 2]",CN(C)c1ccc([CH3:1])cc1,1,C[NH:2]C(=O)COc1ccccc1Br,2,alcohol,3,hydrogen,4,CN(C)c1ccc(CO)cc1,1703-46-4,319,SY3H6E412121-5G,CNC(=O)COc1ccccc1Br,,55.10,CDS005859-100MG
CN(CC1=CC=C(N(C)C)C=C1)C(=O)COC1=CC=CC=C1Br,CN(C)c1ccc([CH2:1][N:2](C)C(=O)COc2ccccc2Br)cc1,[C:1]-[N:2],"[1, 2]","[1, 2]",CN(C)c1ccc([CH3:1])cc1,1,C[NH:2]C(=O)COc1ccccc1Br,2,amine,3,hydrogen,4,CN(C)c1ccc(CN)cc1,19293-58-4,16.5,APO455832970-250MG,CNC(=O)COc1ccccc1Br,,55.10,CDS005859-100MG
CN(CC1=CC=C(N(C)C)C=C1)C(=O)COC1=CC=CC=C1Br,CN(C)c1ccc([CH2:1][N:2](C)C(=O)COc2ccccc2Br)cc1,[C:1]-[N:2],"[1, 2]","[1, 2]",CN(C)c1ccc([CH3:1])cc1,1,C[NH:2]C(=O)COc1ccccc1Br,2,acid,3,hydrogen,4,CN(C)c1ccc(CC(=O)O)cc1,17078-28-3,152.00,374032-5G,CNC(=O)COc1ccccc1Br,,55.10,CDS005859-100MG
CN(CC1=CC=C(N(C)C)C=C1)C(=O)COC1=CC=CC=C1Br,CN(C)c1ccc(C[N:2](C)[C:1](=O)COc2ccccc2Br)cc1,[C:1]-[N:2],"[1, 2]","[1, 2]",O=[CH:1]COc1ccccc1Br,1,CN(C)c1ccc(C[NH:2]C)cc1,2,chloride,3,hydrogen,4,O=C(Cl)COc1ccccc1Br,39784-10-6,181.25,COMH0423886E-500MG,CNCc1ccc(N(C)C)cc1,83671-43-6,149.5,ADVH7F380433-1G
CNC(CCC(=O)O)C(=O)C(C)C,CN[CH:1](CCC(=O)O)[C:2](=O)C(C)C,[C:1]-[C:2],"[1, 2]","[1, 2]",CN[CH2:1]CCC(=O)O,1,CC(C)[CH:2]=O,2,hydrogen,3,hydrogen,4,CNCCCC(=O)O,1119-48-8,425,COM497523419-5G,CC(C)C=O,78-84-2,27.50,538205-100ML
CNC(CCC(=O)O)C(=O)C(C)C,CN[CH:1](CCC(=O)O)[C:2](=O)C(C)C,[C:1]-[C:2],"[1, 2]","[1, 2]",CN[CH2:1]CCC(=O)O,1,CC(C)[CH:2]=O,2,hydrogen,3,amine,4,CNCCCC(=O)O,1119-48-8,425,COM497523419-5G,CC(C)C(N)=O,563-83-7,59.50,144436-25G
CNC(CCC(=O)O)C(=O)C(C)C,CN[CH:1](CCC(=O)O)[C:2](=O)C(C)C,[C:1]-[C:2],"[1, 2]","[1, 2]",CN[CH2:1]CCC(=O)O,1,CC(C)[CH:2]=O,2,hydrogen,3,acid,4,CNCCCC(=O)O,1119-48-8,425,COM497523419-5G,CC(C)C(=O)C(=O)O,759-05-7,109.25,AC5372909395-1G
CNC(CCC(=O)O)C(=O)C(C)C,CN[CH:1](CCC(=O)O)[C:2](=O)C(C)C,[C:1]-[C:2],"[1, 2]","[1, 2]",CN[CH2:1]CCC(=O)O,1,CC(C)[CH:2]=O,2,hydrogen,3,chloride,4,CNCCCC(=O)O,1119-48-8,425,COM497523419-5G,CC(C)C(=O)Cl,79-30-1,31.80,139122-5G
CNC(CCC(=O)O)C(=O)C(C)C,CN[CH:1](CCC(=O)O)[C:2](=O)C(C)C,[C:1]-[C:2],"[1, 2]","[1, 2]",CN[CH2:1]CCC(=O)O,1,CC(C)[CH:2]=O,2,hydrogen,3,bromide,4,CNCCCC(=O)O,1119-48-8,425,COM497523419-5G,CC(C)C(=O)Br,2736-37-0,116.25,COM448665857-5G
CNC(CCC(=O)O)C(=O)C(C)C,CC(C)C(=O)[CH:1](CCC(=O)O)[NH:2]C,[C:1]-[N:2],"[1, 2]","[1, 2]",CC(C)C(=O)[CH2:1]CCC(=O)O,1,C[NH2:2],2,hydrogen,3,hydrogen,4,CC(C)C(=O)CCCC(=O)O,40564-61-2,1157,RIE156329891-5G,CN,74-89-5,40.10,534102-250ML
CNC(CCC(=O)O)C(=O)C(C)C,CC(C)C(=O)[CH:1](CCC(=O)O)[NH:2]C,[C:1]-[N:2],"[1, 2]","[1, 2]",CC(C)C(=O)[CH2:1]CCC(=O)O,1,C[NH2:2],2,hydrogen,3,amine,4,CC(C)C(=O)CCCC(=O)O,40564-61-2,1157,RIE156329891-5G,CNN,60-34-4,50.50,M50001-25G
CCCCN(C)C(=O)CSC1=NN=C2C3=CC=CC=C3N(CC)C2=N1,CCCCN(C)[C:1](=O)[CH2:2]Sc1nnc2c3ccccc3n(CC)c2n1,[C:1]-[C:2],"[1, 2]","[1, 2]",CCCCN(C)[CH:1]=O,1,CCn1c2ccccc2c2nnc(S[CH3:2])nc21,2,chloride,3,acid,4,CCCCN(C)C(=O)Cl,39214-35-2,156.45,ENAH03A18E7E-250MG,CCn1c2ccccc2c2nnc(SCC(=O)O)nc21,337489-46-0,70.4,CH4017894201-250MG
CCCCN(C)C(=O)CSC1=NN=C2C3=CC=CC=C3N(CC)C2=N1,CCCCN(C)C(=O)[CH2:1][S:2]c1nnc2c3ccccc3n(CC)c2n1,[C:1]-[S:2],"[1, 2]","[1, 2]",CCCCN(C)C(=O)[CH3:1],1,CCn1c2ccccc2c2nnc([SH:2])nc21,2,chloride,3,hydrogen,4,CCCCN(C)C(=O)CCl,39096-59-8,950.0,COMH04239117-10G,CCn1c2ccccc2c2nnc(S)nc21,36047-55-9,37.8,ENA024296033-100MG
COC(=O)C1=CC=CC=C1OCC(=O)NC1=CC=C(N2CCC(C)CC2)C=C1,COC(=O)c1ccccc1OCC(=O)Nc1cc[c:1]([N:2]2CCC(C)CC2)cc1,[c:1]-[N:2],"[1, 2]","[1, 2]",COC(=O)c1ccccc1OCC(=O)Nc1cc[cH:1]cc1,1,CC1CC[NH:2]CC1,2,bromide,3,hydrogen,4,COC(=O)c1ccccc1OCC(=O)Nc1ccc(Br)cc1,949969-59-9,368,ADVH7F3828D1-500MG,CC1CCNCC1,626-58-4,23.90,M73206-5ML
CC[C@H](C)[C@H](NC(=O)CSC1=NN=C2C3=CC=CC=C3N(CC)C2=N1)C(=O)OC,CC[C@H](C)[C@H](NC(=O)[CH2:1][S:2]c1nnc2c3ccccc3n(CC)c2n1)C(=O)OC,[C:1]-[S:2],"[1, 2]","[1, 2]",CC[C@H](C)[C@H](NC(=O)[CH3:1])C(=O)OC,1,CCn1c2ccccc2c2nnc([SH:2])nc21,2,hydrogen,3,hydrogen,4,CC[C@H](C)[C@H](NC(C)=O)C(=O)OC,2256-76-0,89.1,AMBH303C471E-10G,CCn1c2ccccc2c2nnc(S)nc21,36047-55-9,37.8,ENA024296033-100MG
OC(COC12CC3CC(CC(C3)C1)C2)(C(F)(F)F)C(F)(F)F,OC(C(F)(F)F)(C(F)(F)F)[CH2:1][O:2]C12CC3CC(CC(C3)C1)C2,[C:1]-[O:2],"[1, 2]","[1, 2]",OC(C(F)(F)F)(C(F)(F)F)[CH3:1],1,C1C2CC3CC1CC([OH:2])(C2)C3,2,hydrogen,3,hydrogen,4,CC(O)(C(F)(F)F)C(F)(F)F,1515-14-6,51.30,444014-5G,OC12CC3CC(CC(C3)C1)C2,768-95-6,51.45,ENA410543431-100MG
OC(COC12CC3CC(CC(C3)C1)C2)(C(F)(F)F)C(F)(F)F,OC(C(F)(F)F)(C(F)(F)F)[CH2:1][O:2]C12CC3CC(CC(C3)C1)C2,[C:1]-[O:2],"[1, 2]","[1, 2]",OC(C(F)(F)F)(C(F)(F)F)[CH3:1],1,C1C2CC3CC1CC([OH:2])(C2)C3,2,amine,3,hydrogen,4,NCC(O)(C(F)(F)F)C(F)(F)F,64139-78-2,511.35,ENAH049F2E2A-250MG,OC12CC3CC(CC(C3)C1)C2,768-95-6,51.45,ENA410543431-100MG
OC(COC12CC3CC(CC(C3)C1)C2)(C(F)(F)F)C(F)(F)F,OC(C(F)(F)F)(C(F)(F)F)[CH2:1][O:2]C12CC3CC(CC(C3)C1)C2,[C:1]-[O:2],"[1, 2]","[1, 2]",OC(C(F)(F)F)(C(F)(F)F)[CH3:1],1,C1C2CC3CC1CC([OH:2])(C2)C3,2,acid,3,hydrogen,4,O=C(O)CC(O)(C(F)(F)F)C(F)(F)F,1547-36-0,123.75,COMH93D669CF-1G,OC12CC3CC(CC(C3)C1)C2,768-95-6,51.45,ENA410543431-100MG
OC(COC12CC3CC(CC(C3)C1)C2)(C(F)(F)F)C(F)(F)F,OC(C(F)(F)F)(C(F)(F)F)[CH2:1][O:2]C12CC3CC(CC(C3)C1)C2,[C:1]-[O:2],"[1, 2]","[1, 2]",OC(C(F)(F)F)(C(F)(F)F)[CH3:1],1,C1C2CC3CC1CC([OH:2])(C2)C3,2,bromide,3,hydrogen,4,OC(CBr)(C(F)(F)F)C(F)(F)F,503169-76-4,105.6,APO455835228-250MG,OC12CC3CC(CC(C3)C1)C2,768-95-6,51.45,ENA410543431-100MG
CC1C2=CC=C(Cl)C=C2C1C,CC1c2ccc(Cl)c[c:1]2[CH:2]1C,[c:1]-[C:2],"[1, 2]","[1, 2]",CC(c1ccc(Cl)c[cH:1]1)[CH2:2]C,1,CC(c1ccc(Cl)c[cH:1]1)[CH2:2]C,2,hydrogen,3,hydrogen,4,CCC(C)c1ccc(Cl)cc1,36383-14-9,437.5,COM490023443-1G,CCC(C)c1ccc(Cl)cc1,36383-14-9,437.5,COM490023443-1G
CCC1=C([N+](=O)[O-])C=CC(C)=C1C,Cc1ccc([N+](=O)[O-])[c:1]([CH2:2]C)c1C,[c:1]-[C:2],"[1, 2]","[1, 2]",Cc1ccc([N+](=O)[O-])[cH:1]c1C,1,C[CH3:2],2,hydrogen,3,hydrogen,4,Cc1ccc([N+](=O)[O-])cc1C,99-51-4,49.60,N28604-100G,CC,74-84-0,463.00,295302-110G
CCC1=C([N+](=O)[O-])C=CC(C)=C1C,Cc1ccc([N+](=O)[O-])[c:1]([CH2:2]C)c1C,[c:1]-[C:2],"[1, 2]","[1, 2]",Cc1ccc([N+](=O)[O-])[cH:1]c1C,1,C[CH3:2],2,hydrogen,3,alcohol,4,Cc1ccc([N+](=O)[O-])cc1C,99-51-4,49.60,N28604-100G,CCO,64-17-5,74.00,2858-240ML
CCC1=C([N+](=O)[O-])C=CC(C)=C1C,Cc1ccc([N+](=O)[O-])[c:1]([CH2:2]C)c1C,[c:1]-[C:2],"[1, 2]","[1, 2]",Cc1ccc([N+](=O)[O-])[cH:1]c1C,1,C[CH3:2],2,hydrogen,3,amine,4,Cc1ccc([N+](=O)[O-])cc1C,99-51-4,49.60,N28604-100G,CCN,75-04-7,20.70,471208-100ML
CCC1=C([N+](=O)[O-])C=CC(C)=C1C,Cc1ccc([N+](=O)[O-])[c:1]([CH2:2]C)c1C,[c:1]-[C:2],"[1, 2]","[1, 2]",Cc1ccc([N+](=O)[O-])[cH:1]c1C,1,C[CH3:2],2,hydrogen,3,acid,4,Cc1ccc([N+](=O)[O-])cc1C,99-51-4,49.60,N28604-100G,CCC(=O)O,79-09-4,37.90,P5561-1L
CCC1=C([N+](=O)[O-])C=CC(C)=C1C,Cc1ccc([N+](=O)[O-])[c:1]([CH2:2]C)c1C,[c:1]-[C:2],"[1, 2]","[1, 2]",Cc1ccc([N+](=O)[O-])[cH:1]c1C,1,C[CH3:2],2,hydrogen,3,chloride,4,Cc1ccc([N+](=O)[O-])cc1C,99-51-4,49.60,N28604-100G,CCCl,75-00-3,178.00,295310-1KG
CCC1=C([N+](=O)[O-])C=CC(C)=C1C,Cc1ccc([N+](=O)[O-])[c:1]([CH2:2]C)c1C,[c:1]-[C:2],"[1, 2]","[1, 2]",Cc1ccc([N+](=O)[O-])[cH:1]c1C,1,C[CH3:2],2,hydrogen,3,bromide,4,Cc1ccc([N+](=O)[O-])cc1C,99-51-4,49.60,N28604-100G,CCBr,74-96-4,55.70,239607-50G
CCC1=C([N+](=O)[O-])C=CC(C)=C1C,Cc1ccc([N+](=O)[O-])[c:1]([CH2:2]C)c1C,[c:1]-[C:2],"[1, 2]","[1, 2]",Cc1ccc([N+](=O)[O-])[cH:1]c1C,1,C[CH3:2],2,hydrogen,3,iodide,4,Cc1ccc([N+](=O)[O-])cc1C,99-51-4,49.60,N28604-100G,CCI,75-03-6,24.00,I7780-5G
CCC1=C([N+](=O)[O-])C=CC(C)=C1C,Cc1ccc([N+](=O)[O-])[c:1]([CH2:2]C)c1C,[c:1]-[C:2],"[1, 2]","[1, 2]",Cc1ccc([N+](=O)[O-])[cH:1]c1C,1,C[CH3:2],2,hydrogen,3,boronate,4,Cc1ccc([N+](=O)[O-])cc1C,99-51-4,49.60,N28604-100G,CCB(O)O,,66.00,CDS003542-250MG
CCC1=C([N+](=O)[O-])C=CC(C)=C1C,Cc1ccc([N+](=O)[O-])[c:1]([CH2:2]C)c1C,[c:1]-[C:2],"[1, 2]","[1, 2]",Cc1ccc([N+](=O)[O-])[cH:1]c1C,1,C[CH3:2],2,amine,3,hydrogen,4,Cc1ccc([N+](=O)[O-])c(N)c1C,59146-96-2,11,SY3H3D67C120-1G,CC,74-84-0,463.00,295302-110G
CCC1=C([N+](=O)[O-])C=CC(C)=C1C,Cc1ccc([N+](=O)[O-])[c:1]([CH2:2]C)c1C,[c:1]-[C:2],"[1, 2]","[1, 2]",Cc1ccc([N+](=O)[O-])[cH:1]c1C,1,C[CH3:2],2,amine,3,alcohol,4,Cc1ccc([N+](=O)[O-])c(N)c1C,59146-96-2,11,SY3H3D67C120-1G,CCO,64-17-5,74.00,2858-240ML
CCC1=C([N+](=O)[O-])C=CC(C)=C1C,Cc1ccc([N+](=O)[O-])[c:1]([CH2:2]C)c1C,[c:1]-[C:2],"[1, 2]","[1, 2]",Cc1ccc([N+](=O)[O-])[cH:1]c1C,1,C[CH3:2],2,amine,3,amine,4,Cc1ccc([N+](=O)[O-])c(N)c1C,59146-96-2,11,SY3H3D67C120-1G,CCN,75-04-7,20.70,471208-100ML
CCC1=C([N+](=O)[O-])C=CC(C)=C1C,Cc1ccc([N+](=O)[O-])[c:1]([CH2:2]C)c1C,[c:1]-[C:2],"[1, 2]","[1, 2]",Cc1ccc([N+](=O)[O-])[cH:1]c1C,1,C[CH3:2],2,amine,3,acid,4,Cc1ccc([N+](=O)[O-])c(N)c1C,59146-96-2,11,SY3H3D67C120-1G,CCC(=O)O,79-09-4,37.90,P5561-1L
CCC1=C([N+](=O)[O-])C=CC(C)=C1C,Cc1ccc([N+](=O)[O-])[c:1]([CH2:2]C)c1C,[c:1]-[C:2],"[1, 2]","[1, 2]",Cc1ccc([N+](=O)[O-])[cH:1]c1C,1,C[CH3:2],2,amine,3,chloride,4,Cc1ccc([N+](=O)[O-])c(N)c1C,59146-96-2,11,SY3H3D67C120-1G,CCCl,75-00-3,178.00,295310-1KG
CCC1=C([N+](=O)[O-])C=CC(C)=C1C,Cc1ccc([N+](=O)[O-])[c:1]([CH2:2]C)c1C,[c:1]-[C:2],"[1, 2]","[1, 2]",Cc1ccc([N+](=O)[O-])[cH:1]c1C,1,C[CH3:2],2,amine,3,bromide,4,Cc1ccc([N+](=O)[O-])c(N)c1C,59146-96-2,11,SY3H3D67C120-1G,CCBr,74-96-4,55.70,239607-50G
CCC1=C([N+](=O)[O-])C=CC(C)=C1C,Cc1ccc([N+](=O)[O-])[c:1]([CH2:2]C)c1C,[c:1]-[C:2],"[1, 2]","[1, 2]",Cc1ccc([N+](=O)[O-])[cH:1]c1C,1,C[CH3:2],2,amine,3,iodide,4,Cc1ccc([N+](=O)[O-])c(N)c1C,59146-96-2,11,SY3H3D67C120-1G,CCI,75-03-6,24.00,I7780-5G
CCC1=C([N+](=O)[O-])C=CC(C)=C1C,Cc1ccc([N+](=O)[O-])[c:1]([CH2:2]C)c1C,[c:1]-[C:2],"[1, 2]","[1, 2]",Cc1ccc([N+](=O)[O-])[cH:1]c1C,1,C[CH3:2],2,amine,3,boronate,4,Cc1ccc([N+](=O)[O-])c(N)c1C,59146-96-2,11,SY3H3D67C120-1G,CCB(O)O,,66.00,CDS003542-250MG
CCC1=C([N+](=O)[O-])C=CC(C)=C1C,Cc1ccc([N+](=O)[O-])[c:1]([CH2:2]C)c1C,[c:1]-[C:2],"[1, 2]","[1, 2]",Cc1ccc([N+](=O)[O-])[cH:1]c1C,1,C[CH3:2],2,acid,3,hydrogen,4,Cc1ccc([N+](=O)[O-])c(C(=O)O)c1C,90564-16-2,336,ENA769495507-500MG,CC,74-84-0,463.00,295302-110G
CCC1=C([N+](=O)[O-])C=CC(C)=C1C,Cc1ccc([N+](=O)[O-])[c:1]([CH2:2]C)c1C,[c:1]-[C:2],"[1, 2]","[1, 2]",Cc1ccc([N+](=O)[O-])[cH:1]c1C,1,C[CH3:2],2,acid,3,alcohol,4,Cc1ccc([N+](=O)[O-])c(C(=O)O)c1C,90564-16-2,336,ENA769495507-500MG,CCO,64-17-5,74.00,2858-240ML
CCC1=C([N+](=O)[O-])C=CC(C)=C1C,Cc1ccc([N+](=O)[O-])[c:1]([CH2:2]C)c1C,[c:1]-[C:2],"[1, 2]","[1, 2]",Cc1ccc([N+](=O)[O-])[cH:1]c1C,1,C[CH3:2],2,acid,3,amine,4,Cc1ccc([N+](=O)[O-])c(C(=O)O)c1C,90564-16-2,336,ENA769495507-500MG,CCN,75-04-7,20.70,471208-100ML
CCC1=C([N+](=O)[O-])C=CC(C)=C1C,Cc1ccc([N+](=O)[O-])[c:1]([CH2:2]C)c1C,[c:1]-[C:2],"[1, 2]","[1, 2]",Cc1ccc([N+](=O)[O-])[cH:1]c1C,1,C[CH3:2],2,acid,3,acid,4,Cc1ccc([N+](=O)[O-])c(C(=O)O)c1C,90564-16-2,336,ENA769495507-500MG,CCC(=O)O,79-09-4,37.90,P5561-1L
CCC1=C([N+](=O)[O-])C=CC(C)=C1C,Cc1ccc([N+](=O)[O-])[c:1]([CH2:2]C)c1C,[c:1]-[C:2],"[1, 2]","[1, 2]",Cc1ccc([N+](=O)[O-])[cH:1]c1C,1,C[CH3:2],2,acid,3,chloride,4,Cc1ccc([N+](=O)[O-])c(C(=O)O)c1C,90564-16-2,336,ENA769495507-500MG,CCCl,75-00-3,178.00,295310-1KG
CCC1=C([N+](=O)[O-])C=CC(C)=C1C,Cc1ccc([N+](=O)[O-])[c:1]([CH2:2]C)c1C,[c:1]-[C:2],"[1, 2]","[1, 2]",Cc1ccc([N+](=O)[O-])[cH:1]c1C,1,C[CH3:2],2,acid,3,bromide,4,Cc1ccc([N+](=O)[O-])c(C(=O)O)c1C,90564-16-2,336,ENA769495507-500MG,CCBr,74-96-4,55.70,239607-50G
CCC1=C([N+](=O)[O-])C=CC(C)=C1C,Cc1ccc([N+](=O)[O-])[c:1]([CH2:2]C)c1C,[c:1]-[C:2],"[1, 2]","[1, 2]",Cc1ccc([N+](=O)[O-])[cH:1]c1C,1,C[CH3:2],2,acid,3,iodide,4,Cc1ccc([N+](=O)[O-])c(C(=O)O)c1C,90564-16-2,336,ENA769495507-500MG,CCI,75-03-6,24.00,I7780-5G
CCC1=C([N+](=O)[O-])C=CC(C)=C1C,Cc1ccc([N+](=O)[O-])[c:1]([CH2:2]C)c1C,[c:1]-[C:2],"[1, 2]","[1, 2]",Cc1ccc([N+](=O)[O-])[cH:1]c1C,1,C[CH3:2],2,acid,3,boronate,4,Cc1ccc([N+](=O)[O-])c(C(=O)O)c1C,90564-16-2,336,ENA769495507-500MG,CCB(O)O,,66.00,CDS003542-250MG
CCC1=C([N+](=O)[O-])C=CC(C)=C1C,Cc1ccc([N+](=O)[O-])[c:1]([CH2:2]C)c1C,[c:1]-[C:2],"[1, 2]","[1, 2]",Cc1ccc([N+](=O)[O-])[cH:1]c1C,1,C[CH3:2],2,chloride,3,hydrogen,4,Cc1ccc([N+](=O)[O-])c(Cl)c1C,52328-28-6,561.75,ENAH38A2BC54-5G,CC,74-84-0,463.00,295302-110G
CCC1=C([N+](=O)[O-])C=CC(C)=C1C,Cc1ccc([N+](=O)[O-])[c:1]([CH2:2]C)c1C,[c:1]-[C:2],"[1, 2]","[1, 2]",Cc1ccc([N+](=O)[O-])[cH:1]c1C,1,C[CH3:2],2,chloride,3,alcohol,4,Cc1ccc([N+](=O)[O-])c(Cl)c1C,52328-28-6,561.75,ENAH38A2BC54-5G,CCO,64-17-5,74.00,2858-240ML
CCC1=C([N+](=O)[O-])C=CC(C)=C1C,Cc1ccc([N+](=O)[O-])[c:1]([CH2:2]C)c1C,[c:1]-[C:2],"[1, 2]","[1, 2]",Cc1ccc([N+](=O)[O-])[cH:1]c1C,1,C[CH3:2],2,chloride,3,amine,4,Cc1ccc([N+](=O)[O-])c(Cl)c1C,52328-28-6,561.75,ENAH38A2BC54-5G,CCN,75-04-7,20.70,471208-100ML
CCC1=C([N+](=O)[O-])C=CC(C)=C1C,Cc1ccc([N+](=O)[O-])[c:1]([CH2:2]C)c1C,[c:1]-[C:2],"[1, 2]","[1, 2]",Cc1ccc([N+](=O)[O-])[cH:1]c1C,1,C[CH3:2],2,chloride,3,acid,4,Cc1ccc([N+](=O)[O-])c(Cl)c1C,52328-28-6,561.75,ENAH38A2BC54-5G,CCC(=O)O,79-09-4,37.90,P5561-1L
CCC1=C([N+](=O)[O-])C=CC(C)=C1C,Cc1ccc([N+](=O)[O-])[c:1]([CH2:2]C)c1C,[c:1]-[C:2],"[1, 2]","[1, 2]",Cc1ccc([N+](=O)[O-])[cH:1]c1C,1,C[CH3:2],2,chloride,3,chloride,4,Cc1ccc([N+](=O)[O-])c(Cl)c1C,52328-28-6,561.75,ENAH38A2BC54-5G,CCCl,75-00-3,178.00,295310-1KG
CCC1=C([N+](=O)[O-])C=CC(C)=C1C,Cc1ccc([N+](=O)[O-])[c:1]([CH2:2]C)c1C,[c:1]-[C:2],"[1, 2]","[1, 2]",Cc1ccc([N+](=O)[O-])[cH:1]c1C,1,C[CH3:2],2,chloride,3,bromide,4,Cc1ccc([N+](=O)[O-])c(Cl)c1C,52328-28-6,561.75,ENAH38A2BC54-5G,CCBr,74-96-4,55.70,239607-50G
CCC1=C([N+](=O)[O-])C=CC(C)=C1C,Cc1ccc([N+](=O)[O-])[c:1]([CH2:2]C)c1C,[c:1]-[C:2],"[1, 2]","[1, 2]",Cc1ccc([N+](=O)[O-])[cH:1]c1C,1,C[CH3:2],2,chloride,3,iodide,4,Cc1ccc([N+](=O)[O-])c(Cl)c1C,52328-28-6,561.75,ENAH38A2BC54-5G,CCI,75-03-6,24.00,I7780-5G
CCC1=C([N+](=O)[O-])C=CC(C)=C1C,Cc1ccc([N+](=O)[O-])[c:1]([CH2:2]C)c1C,[c:1]-[C:2],"[1, 2]","[1, 2]",Cc1ccc([N+](=O)[O-])[cH:1]c1C,1,C[CH3:2],2,chloride,3,boronate,4,Cc1ccc([N+](=O)[O-])c(Cl)c1C,52328-28-6,561.75,ENAH38A2BC54-5G,CCB(O)O,,66.00,CDS003542-250MG
COC(=O)C1=CC=CC=C1OCC(=O)N1CCN(C2=CC=CC(Cl)=C2)CC1,COC(=O)c1ccccc1[O:2][CH2:1]C(=O)N1CCN(c2cccc(Cl)c2)CC1,[C:1]-[O:2],"[1, 2]","[1, 2]",O=C(N1CCN(c2cccc(Cl)c2)CC1)[CH3:1],1,COC(=O)c1ccccc1[OH:2],2,chloride,3,hydrogen,4,O=C(CCl)N1CCN(c2cccc(Cl)c2)CC1,70395-06-1,693,ENA161669385-5G,COC(=O)c1ccccc1O,119-36-8,29.30,M2047-100ML
C=CC1=CC(O)=C(OC)C(O)=C1,C=Cc1cc(O)c(OC)[c:1]([OH:2])c1,[c:1]-[O:2],"[1, 2]","[1, 2]",C=Cc1cc(O)c(OC)[cH:1]c1,1,[OH2:2],2,hydrogen,3,hydrogen,4,C=Cc1ccc(OC)c(O)c1,621-58-9,2576.7,ENA423200091-10G,O,7732-18-5,12.30,W3500-100ML
C=CC1=CC(O)=C(OC)C(O)=C1,C=Cc1cc(O)c(OC)[c:1]([OH:2])c1,[c:1]-[O:2],"[1, 2]","[1, 2]",C=Cc1cc(O)c(OC)[cH:1]c1,1,[OH2:2],2,hydrogen,3,alcohol,4,C=Cc1ccc(OC)c(O)c1,621-58-9,2576.7,ENA423200091-10G,OO,7722-84-1,45.20,H1009-5ML
C=CC1=CC(O)=C(OC)C(O)=C1,C=Cc1cc(O)c(OC)[c:1]([OH:2])c1,[c:1]-[O:2],"[1, 2]","[1, 2]",C=Cc1cc(O)c(OC)[cH:1]c1,1,[OH2:2],2,hydrogen,3,amine,4,C=Cc1ccc(OC)c(O)c1,621-58-9,2576.7,ENA423200091-10G,NO,7803-49-8,42.80,467804-10ML
C=CC1=CC(O)=C(OC)C(O)=C1,C=Cc1cc(O)c(OC)[c:1]([OH:2])c1,[c:1]-[O:2],"[1, 2]","[1, 2]",C=Cc1cc(O)c(OC)[cH:1]c1,1,[OH2:2],2,hydrogen,3,boronate,4,C=Cc1ccc(OC)c(O)c1,621-58-9,2576.7,ENA423200091-10G,OB(O)O,10043-35-3,55.30,B6768-500G
COC1=CC(O)=C2C(=O)C3=C(O)C=C(CO)C=C3C(=O)C2=C1,C[O:2][c:1]1cc(O)c2c(c1)C(=O)c1cc(CO)cc(O)c1C2=O,[c:1]-[O:2],"[1, 2]","[1, 2]",O=C1c2cc(CO)cc(O)c2C(=O)c2c(O)c[cH:1]cc21,1,C[OH:2],2,hydrogen,3,hydrogen,4,O=C1c2cccc(O)c2C(=O)c2c(O)cc(CO)cc21,481-72-1,308.00,93938-10MG,CO,67-56-1,30.20,M3641-500ML
COC1=CC(O)=C2C(=O)C3=C(O)C=C(CO)C=C3C(=O)C2=C1,COc1cc(O)c2c(c1)C(=O)c1cc([CH2:1][OH:2])cc(O)c1C2=O,[C:1]-[O:2],"[1, 2]","[1, 2]",COc1cc(O)c2c(c1)C(=O)c1cc([CH3:1])cc(O)c1C2=O,1,[OH2:2],2,hydrogen,3,hydrogen,4,COc1cc(O)c2c(c1)C(=O)c1cc(C)cc(O)c1C2=O,521-61-9,572.00,17797-100MG,O,7732-18-5,12.30,W3500-100ML
COC1=CC(O)=C2C(=O)C3=C(O)C=C(CO)C=C3C(=O)C2=C1,COc1cc(O)c2c(c1)C(=O)c1cc([CH2:1][OH:2])cc(O)c1C2=O,[C:1]-[O:2],"[1, 2]","[1, 2]",COc1cc(O)c2c(c1)C(=O)c1cc([CH3:1])cc(O)c1C2=O,1,[OH2:2],2,hydrogen,3,alcohol,4,COc1cc(O)c2c(c1)C(=O)c1cc(C)cc(O)c1C2=O,521-61-9,572.00,17797-100MG,OO,7722-84-1,45.20,H1009-5ML
COC1=CC(O)=C2C(=O)C3=C(O)C=C(CO)C=C3C(=O)C2=C1,COc1cc(O)c2c(c1)C(=O)c1cc([CH2:1][OH:2])cc(O)c1C2=O,[C:1]-[O:2],"[1, 2]","[1, 2]",COc1cc(O)c2c(c1)C(=O)c1cc([CH3:1])cc(O)c1C2=O,1,[OH2:2],2,hydrogen,3,amine,4,COc1cc(O)c2c(c1)C(=O)c1cc(C)cc(O)c1C2=O,521-61-9,572.00,17797-100MG,NO,7803-49-8,42.80,467804-10ML
COC1=CC(O)=C2C(=O)C3=C(O)C=C(CO)C=C3C(=O)C2=C1,COc1cc(O)c2c(c1)C(=O)c1cc([CH2:1][OH:2])cc(O)c1C2=O,[C:1]-[O:2],"[1, 2]","[1, 2]",COc1cc(O)c2c(c1)C(=O)c1cc([CH3:1])cc(O)c1C2=O,1,[OH2:2],2,hydrogen,3,boronate,4,COc1cc(O)c2c(c1)C(=O)c1cc(C)cc(O)c1C2=O,521-61-9,572.00,17797-100MG,OB(O)O,10043-35-3,55.30,B6768-500G
CCC=CCCCSC(C)(C)C,CCC=[CH:1][CH2:2]CCSC(C)(C)C,[C:1]-[C:2],"[1, 2]","[1, 2]",CCC=[CH2:1],1,CC(C)(C)SCC[CH3:2],2,hydrogen,3,alcohol,4,C=CCC,106-98-9,164.00,295051-100G,CC(C)(C)SCCCO,5755-56-6,850.5,ENA390347268-2.5G
CCC=CCCCSC(C)(C)C,CCC=[CH:1][CH2:2]CCSC(C)(C)C,[C:1]-[C:2],"[1, 2]","[1, 2]",CCC=[CH2:1],1,CC(C)(C)SCC[CH3:2],2,hydrogen,3,bromide,4,C=CCC,106-98-9,164.00,295051-100G,CC(C)(C)SCCCBr,119549-23-4,643.65,ENA638599270-2.5G
CC(C)(C)C1=NN=CC2=CN=CC=C12,C[C:2](C)(C)[c:1]1nncc2cnccc21,[c:1]-[C:2],"[1, 2]","[1, 2]",c1cc2c(cn1)cnn[cH:1]2,1,C[CH:2](C)C,2,alcohol,3,hydrogen,4,Oc1nncc2cnccc12,25381-41-3,812.5,COM448654652-1G,CC(C)C,75-28-5,506.00,539821-170G
CC(C)(C)C1=NN=CC2=CN=CC=C12,C[C:2](C)(C)[c:1]1nncc2cnccc21,[c:1]-[C:2],"[1, 2]","[1, 2]",c1cc2c(cn1)cnn[cH:1]2,1,C[CH:2](C)C,2,alcohol,3,alcohol,4,Oc1nncc2cnccc12,25381-41-3,812.5,COM448654652-1G,CC(C)(C)O,75-65-0,64.00,471712-100ML
CC(C)(C)C1=NN=CC2=CN=CC=C12,C[C:2](C)(C)[c:1]1nncc2cnccc21,[c:1]-[C:2],"[1, 2]","[1, 2]",c1cc2c(cn1)cnn[cH:1]2,1,C[CH:2](C)C,2,alcohol,3,amine,4,Oc1nncc2cnccc12,25381-41-3,812.5,COM448654652-1G,CC(C)(C)N,75-64-9,18.10,B89205-5ML
CC(C)(C)C1=NN=CC2=CN=CC=C12,C[C:2](C)(C)[c:1]1nncc2cnccc21,[c:1]-[C:2],"[1, 2]","[1, 2]",c1cc2c(cn1)cnn[cH:1]2,1,C[CH:2](C)C,2,alcohol,3,acid,4,Oc1nncc2cnccc12,25381-41-3,812.5,COM448654652-1G,CC(C)(C)C(=O)O,75-98-9,21.10,T71803-5ML
CC(C)(C)C1=NN=CC2=CN=CC=C12,C[C:2](C)(C)[c:1]1nncc2cnccc21,[c:1]-[C:2],"[1, 2]","[1, 2]",c1cc2c(cn1)cnn[cH:1]2,1,C[CH:2](C)C,2,alcohol,3,chloride,4,Oc1nncc2cnccc12,25381-41-3,812.5,COM448654652-1G,CC(C)(C)Cl,507-20-0,27.10,C56352-25ML
CC(C)(C)C1=NN=CC2=CN=CC=C12,C[C:2](C)(C)[c:1]1nncc2cnccc21,[c:1]-[C:2],"[1, 2]","[1, 2]",c1cc2c(cn1)cnn[cH:1]2,1,C[CH:2](C)C,2,alcohol,3,bromide,4,Oc1nncc2cnccc12,25381-41-3,812.5,COM448654652-1G,CC(C)(C)Br,507-19-7,29.50,135615-5G
CC(C)(C)C1=NN=CC2=CN=CC=C12,C[C:2](C)(C)[c:1]1nncc2cnccc21,[c:1]-[C:2],"[1, 2]","[1, 2]",c1cc2c(cn1)cnn[cH:1]2,1,C[CH:2](C)C,2,alcohol,3,iodide,4,Oc1nncc2cnccc12,25381-41-3,812.5,COM448654652-1G,CC(C)(C)I,558-17-8,78.00,245798-25G
CC(C)(C)C1=NN=CC2=CN=CC=C12,C[C:2](C)(C)[c:1]1nncc2cnccc21,[c:1]-[C:2],"[1, 2]","[1, 2]",c1cc2c(cn1)cnn[cH:1]2,1,C[CH:2](C)C,2,chloride,3,hydrogen,4,Clc1nncc2cnccc12,162022-92-6,5937.5,COM638464364-5G,CC(C)C,75-28-5,506.00,539821-170G
CC(C)(C)C1=NN=CC2=CN=CC=C12,C[C:2](C)(C)[c:1]1nncc2cnccc21,[c:1]-[C:2],"[1, 2]","[1, 2]",c1cc2c(cn1)cnn[cH:1]2,1,C[CH:2](C)C,2,chloride,3,alcohol,4,Clc1nncc2cnccc12,162022-92-6,5937.5,COM638464364-5G,CC(C)(C)O,75-65-0,64.00,471712-100ML
CC(C)(C)C1=NN=CC2=CN=CC=C12,C[C:2](C)(C)[c:1]1nncc2cnccc21,[c:1]-[C:2],"[1, 2]","[1, 2]",c1cc2c(cn1)cnn[cH:1]2,1,C[CH:2](C)C,2,chloride,3,amine,4,Clc1nncc2cnccc12,162022-92-6,5937.5,COM638464364-5G,CC(C)(C)N,75-64-9,18.10,B89205-5ML
CC(C)(C)C1=NN=CC2=CN=CC=C12,C[C:2](C)(C)[c:1]1nncc2cnccc21,[c:1]-[C:2],"[1, 2]","[1, 2]",c1cc2c(cn1)cnn[cH:1]2,1,C[CH:2](C)C,2,chloride,3,acid,4,Clc1nncc2cnccc12,162022-92-6,5937.5,COM638464364-5G,CC(C)(C)C(=O)O,75-98-9,21.10,T71803-5ML
CC(C)(C)C1=NN=CC2=CN=CC=C12,C[C:2](C)(C)[c:1]1nncc2cnccc21,[c:1]-[C:2],"[1, 2]","[1, 2]",c1cc2c(cn1)cnn[cH:1]2,1,C[CH:2](C)C,2,chloride,3,chloride,4,Clc1nncc2cnccc12,162022-92-6,5937.5,COM638464364-5G,CC(C)(C)Cl,507-20-0,27.10,C56352-25ML
CC(C)(C)C1=NN=CC2=CN=CC=C12,C[C:2](C)(C)[c:1]1nncc2cnccc21,[c:1]-[C:2],"[1, 2]","[1, 2]",c1cc2c(cn1)cnn[cH:1]2,1,C[CH:2](C)C,2,chloride,3,bromide,4,Clc1nncc2cnccc12,162022-92-6,5937.5,COM638464364-5G,CC(C)(C)Br,507-19-7,29.50,135615-5G
CC(C)(C)C1=NN=CC2=CN=CC=C12,C[C:2](C)(C)[c:1]1nncc2cnccc21,[c:1]-[C:2],"[1, 2]","[1, 2]",c1cc2c(cn1)cnn[cH:1]2,1,C[CH:2](C)C,2,chloride,3,iodide,4,Clc1nncc2cnccc12,162022-92-6,5937.5,COM638464364-5G,CC(C)(C)I,558-17-8,78.00,245798-25G
CCC1=C([N+](=O)[O-])C=CC(C)=C1C,Cc1ccc([N+](=O)[O-])[c:1]([CH2:2]C)c1C,[c:1]-[C:2],"[1, 2]","[1, 2]",Cc1ccc([N+](=O)[O-])[cH:1]c1C,1,C[CH3:2],2,hydrogen,3,hydrogen,4,Cc1ccc([N+](=O)[O-])cc1C,99-51-4,49.60,N28604-100G,CC,74-84-0,463.00,295302-110G
CCC1=C([N+](=O)[O-])C=CC(C)=C1C,Cc1ccc([N+](=O)[O-])[c:1]([CH2:2]C)c1C,[c:1]-[C:2],"[1, 2]","[1, 2]",Cc1ccc([N+](=O)[O-])[cH:1]c1C,1,C[CH3:2],2,hydrogen,3,alcohol,4,Cc1ccc([N+](=O)[O-])cc1C,99-51-4,49.60,N28604-100G,CCO,64-17-5,74.00,2858-240ML
CCC1=C([N+](=O)[O-])C=CC(C)=C1C,Cc1ccc([N+](=O)[O-])[c:1]([CH2:2]C)c1C,[c:1]-[C:2],"[1, 2]","[1, 2]",Cc1ccc([N+](=O)[O-])[cH:1]c1C,1,C[CH3:2],2,hydrogen,3,amine,4,Cc1ccc([N+](=O)[O-])cc1C,99-51-4,49.60,N28604-100G,CCN,75-04-7,20.70,471208-100ML
CCC1=C([N+](=O)[O-])C=CC(C)=C1C,Cc1ccc([N+](=O)[O-])[c:1]([CH2:2]C)c1C,[c:1]-[C:2],"[1, 2]","[1, 2]",Cc1ccc([N+](=O)[O-])[cH:1]c1C,1,C[CH3:2],2,hydrogen,3,acid,4,Cc1ccc([N+](=O)[O-])cc1C,99-51-4,49.60,N28604-100G,CCC(=O)O,79-09-4,37.90,P5561-1L
CCC1=C([N+](=O)[O-])C=CC(C)=C1C,Cc1ccc([N+](=O)[O-])[c:1]([CH2:2]C)c1C,[c:1]-[C:2],"[1, 2]","[1, 2]",Cc1ccc([N+](=O)[O-])[cH:1]c1C,1,C[CH3:2],2,hydrogen,3,chloride,4,Cc1ccc([N+](=O)[O-])cc1C,99-51-4,49.60,N28604-100G,CCCl,75-00-3,178.00,295310-1KG
CCC1=C([N+](=O)[O-])C=CC(C)=C1C,Cc1ccc([N+](=O)[O-])[c:1]([CH2:2]C)c1C,[c:1]-[C:2],"[1, 2]","[1, 2]",Cc1ccc([N+](=O)[O-])[cH:1]c1C,1,C[CH3:2],2,hydrogen,3,bromide,4,Cc1ccc([N+](=O)[O-])cc1C,99-51-4,49.60,N28604-100G,CCBr,74-96-4,55.70,239607-50G
CCC1=C([N+](=O)[O-])C=CC(C)=C1C,Cc1ccc([N+](=O)[O-])[c:1]([CH2:2]C)c1C,[c:1]-[C:2],"[1, 2]","[1, 2]",Cc1ccc([N+](=O)[O-])[cH:1]c1C,1,C[CH3:2],2,hydrogen,3,iodide,4,Cc1ccc([N+](=O)[O-])cc1C,99-51-4,49.60,N28604-100G,CCI,75-03-6,24.00,I7780-5G
CCC1=C([N+](=O)[O-])C=CC(C)=C1C,Cc1ccc([N+](=O)[O-])[c:1]([CH2:2]C)c1C,[c:1]-[C:2],"[1, 2]","[1, 2]",Cc1ccc([N+](=O)[O-])[cH:1]c1C,1,C[CH3:2],2,hydrogen,3,boronate,4,Cc1ccc([N+](=O)[O-])cc1C,99-51-4,49.60,N28604-100G,CCB(O)O,,66.00,CDS003542-250MG
CCC1=C([N+](=O)[O-])C=CC(C)=C1C,Cc1ccc([N+](=O)[O-])[c:1]([CH2:2]C)c1C,[c:1]-[C:2],"[1, 2]","[1, 2]",Cc1ccc([N+](=O)[O-])[cH:1]c1C,1,C[CH3:2],2,amine,3,hydrogen,4,Cc1ccc([N+](=O)[O-])c(N)c1C,59146-96-2,11,SY3H3D67C120-1G,CC,74-84-0,463.00,295302-110G
CCC1=C([N+](=O)[O-])C=CC(C)=C1C,Cc1ccc([N+](=O)[O-])[c:1]([CH2:2]C)c1C,[c:1]-[C:2],"[1, 2]","[1, 2]",Cc1ccc([N+](=O)[O-])[cH:1]c1C,1,C[CH3:2],2,amine,3,alcohol,4,Cc1ccc([N+](=O)[O-])c(N)c1C,59146-96-2,11,SY3H3D67C120-1G,CCO,64-17-5,74.00,2858-240ML
CCC1=C([N+](=O)[O-])C=CC(C)=C1C,Cc1ccc([N+](=O)[O-])[c:1]([CH2:2]C)c1C,[c:1]-[C:2],"[1, 2]","[1, 2]",Cc1ccc([N+](=O)[O-])[cH:1]c1C,1,C[CH3:2],2,amine,3,amine,4,Cc1ccc([N+](=O)[O-])c(N)c1C,59146-96-2,11,SY3H3D67C120-1G,CCN,75-04-7,20.70,471208-100ML
CCC1=C([N+](=O)[O-])C=CC(C)=C1C,Cc1ccc([N+](=O)[O-])[c:1]([CH2:2]C)c1C,[c:1]-[C:2],"[1, 2]","[1, 2]",Cc1ccc([N+](=O)[O-])[cH:1]c1C,1,C[CH3:2],2,amine,3,acid,4,Cc1ccc([N+](=O)[O-])c(N)c1C,59146-96-2,11,SY3H3D67C120-1G,CCC(=O)O,79-09-4,37.90,P5561-1L
CCC1=C([N+](=O)[O-])C=CC(C)=C1C,Cc1ccc([N+](=O)[O-])[c:1]([CH2:2]C)c1C,[c:1]-[C:2],"[1, 2]","[1, 2]",Cc1ccc([N+](=O)[O-])[cH:1]c1C,1,C[CH3:2],2,amine,3,chloride,4,Cc1ccc([N+](=O)[O-])c(N)c1C,59146-96-2,11,SY3H3D67C120-1G,CCCl,75-00-3,178.00,295310-1KG
CCC1=C([N+](=O)[O-])C=CC(C)=C1C,Cc1ccc([N+](=O)[O-])[c:1]([CH2:2]C)c1C,[c:1]-[C:2],"[1, 2]","[1, 2]",Cc1ccc([N+](=O)[O-])[cH:1]c1C,1,C[CH3:2],2,amine,3,bromide,4,Cc1ccc([N+](=O)[O-])c(N)c1C,59146-96-2,11,SY3H3D67C120-1G,CCBr,74-96-4,55.70,239607-50G
CCC1=C([N+](=O)[O-])C=CC(C)=C1C,Cc1ccc([N+](=O)[O-])[c:1]([CH2:2]C)c1C,[c:1]-[C:2],"[1, 2]","[1, 2]",Cc1ccc([N+](=O)[O-])[cH:1]c1C,1,C[CH3:2],2,amine,3,iodide,4,Cc1ccc([N+](=O)[O-])c(N)c1C,59146-96-2,11,SY3H3D67C120-1G,CCI,75-03-6,24.00,I7780-5G
CCC1=C([N+](=O)[O-])C=CC(C)=C1C,Cc1ccc([N+](=O)[O-])[c:1]([CH2:2]C)c1C,[c:1]-[C:2],"[1, 2]","[1, 2]",Cc1ccc([N+](=O)[O-])[cH:1]c1C,1,C[CH3:2],2,amine,3,boronate,4,Cc1ccc([N+](=O)[O-])c(N)c1C,59146-96-2,11,SY3H3D67C120-1G,CCB(O)O,,66.00,CDS003542-250MG
CCC1=C([N+](=O)[O-])C=CC(C)=C1C,Cc1ccc([N+](=O)[O-])[c:1]([CH2:2]C)c1C,[c:1]-[C:2],"[1, 2]","[1, 2]",Cc1ccc([N+](=O)[O-])[cH:1]c1C,1,C[CH3:2],2,acid,3,hydrogen,4,Cc1ccc([N+](=O)[O-])c(C(=O)O)c1C,90564-16-2,336,ENA769495507-500MG,CC,74-84-0,463.00,295302-110G
CCC1=C([N+](=O)[O-])C=CC(C)=C1C,Cc1ccc([N+](=O)[O-])[c:1]([CH2:2]C)c1C,[c:1]-[C:2],"[1, 2]","[1, 2]",Cc1ccc([N+](=O)[O-])[cH:1]c1C,1,C[CH3:2],2,acid,3,alcohol,4,Cc1ccc([N+](=O)[O-])c(C(=O)O)c1C,90564-16-2,336,ENA769495507-500MG,CCO,64-17-5,74.00,2858-240ML
CCC1=C([N+](=O)[O-])C=CC(C)=C1C,Cc1ccc([N+](=O)[O-])[c:1]([CH2:2]C)c1C,[c:1]-[C:2],"[1, 2]","[1, 2]",Cc1ccc([N+](=O)[O-])[cH:1]c1C,1,C[CH3:2],2,acid,3,amine,4,Cc1ccc([N+](=O)[O-])c(C(=O)O)c1C,90564-16-2,336,ENA769495507-500MG,CCN,75-04-7,20.70,471208-100ML
CCC1=C([N+](=O)[O-])C=CC(C)=C1C,Cc1ccc([N+](=O)[O-])[c:1]([CH2:2]C)c1C,[c:1]-[C:2],"[1, 2]","[1, 2]",Cc1ccc([N+](=O)[O-])[cH:1]c1C,1,C[CH3:2],2,acid,3,acid,4,Cc1ccc([N+](=O)[O-])c(C(=O)O)c1C,90564-16-2,336,ENA769495507-500MG,CCC(=O)O,79-09-4,37.90,P5561-1L
CCC1=C([N+](=O)[O-])C=CC(C)=C1C,Cc1ccc([N+](=O)[O-])[c:1]([CH2:2]C)c1C,[c:1]-[C:2],"[1, 2]","[1, 2]",Cc1ccc([N+](=O)[O-])[cH:1]c1C,1,C[CH3:2],2,acid,3,chloride,4,Cc1ccc([N+](=O)[O-])c(C(=O)O)c1C,90564-16-2,336,ENA769495507-500MG,CCCl,75-00-3,178.00,295310-1KG
CCC1=C([N+](=O)[O-])C=CC(C)=C1C,Cc1ccc([N+](=O)[O-])[c:1]([CH2:2]C)c1C,[c:1]-[C:2],"[1, 2]","[1, 2]",Cc1ccc([N+](=O)[O-])[cH:1]c1C,1,C[CH3:2],2,acid,3,bromide,4,Cc1ccc([N+](=O)[O-])c(C(=O)O)c1C,90564-16-2,336,ENA769495507-500MG,CCBr,74-96-4,55.70,239607-50G
CCC1=C([N+](=O)[O-])C=CC(C)=C1C,Cc1ccc([N+](=O)[O-])[c:1]([CH2:2]C)c1C,[c:1]-[C:2],"[1, 2]","[1, 2]",Cc1ccc([N+](=O)[O-])[cH:1]c1C,1,C[CH3:2],2,acid,3,iodide,4,Cc1ccc([N+](=O)[O-])c(C(=O)O)c1C,90564-16-2,336,ENA769495507-500MG,CCI,75-03-6,24.00,I7780-5G
CCC1=C([N+](=O)[O-])C=CC(C)=C1C,Cc1ccc([N+](=O)[O-])[c:1]([CH2:2]C)c1C,[c:1]-[C:2],"[1, 2]","[1, 2]",Cc1ccc([N+](=O)[O-])[cH:1]c1C,1,C[CH3:2],2,acid,3,boronate,4,Cc1ccc([N+](=O)[O-])c(C(=O)O)c1C,90564-16-2,336,ENA769495507-500MG,CCB(O)O,,66.00,CDS003542-250MG
CCC1=C([N+](=O)[O-])C=CC(C)=C1C,Cc1ccc([N+](=O)[O-])[c:1]([CH2:2]C)c1C,[c:1]-[C:2],"[1, 2]","[1, 2]",Cc1ccc([N+](=O)[O-])[cH:1]c1C,1,C[CH3:2],2,chloride,3,hydrogen,4,Cc1ccc([N+](=O)[O-])c(Cl)c1C,52328-28-6,561.75,ENAH38A2BC54-5G,CC,74-84-0,463.00,295302-110G
CCC1=C([N+](=O)[O-])C=CC(C)=C1C,Cc1ccc([N+](=O)[O-])[c:1]([CH2:2]C)c1C,[c:1]-[C:2],"[1, 2]","[1, 2]",Cc1ccc([N+](=O)[O-])[cH:1]c1C,1,C[CH3:2],2,chloride,3,alcohol,4,Cc1ccc([N+](=O)[O-])c(Cl)c1C,52328-28-6,561.75,ENAH38A2BC54-5G,CCO,64-17-5,74.00,2858-240ML
CCC1=C([N+](=O)[O-])C=CC(C)=C1C,Cc1ccc([N+](=O)[O-])[c:1]([CH2:2]C)c1C,[c:1]-[C:2],"[1, 2]","[1, 2]",Cc1ccc([N+](=O)[O-])[cH:1]c1C,1,C[CH3:2],2,chloride,3,amine,4,Cc1ccc([N+](=O)[O-])c(Cl)c1C,52328-28-6,561.75,ENAH38A2BC54-5G,CCN,75-04-7,20.70,471208-100ML
CCC1=C([N+](=O)[O-])C=CC(C)=C1C,Cc1ccc([N+](=O)[O-])[c:1]([CH2:2]C)c1C,[c:1]-[C:2],"[1, 2]","[1, 2]",Cc1ccc([N+](=O)[O-])[cH:1]c1C,1,C[CH3:2],2,chloride,3,acid,4,Cc1ccc([N+](=O)[O-])c(Cl)c1C,52328-28-6,561.75,ENAH38A2BC54-5G,CCC(=O)O,79-09-4,37.90,P5561-1L
CCC1=C([N+](=O)[O-])C=CC(C)=C1C,Cc1ccc([N+](=O)[O-])[c:1]([CH2:2]C)c1C,[c:1]-[C:2],"[1, 2]","[1, 2]",Cc1ccc([N+](=O)[O-])[cH:1]c1C,1,C[CH3:2],2,chloride,3,chloride,4,Cc1ccc([N+](=O)[O-])c(Cl)c1C,52328-28-6,561.75,ENAH38A2BC54-5G,CCCl,75-00-3,178.00,295310-1KG
CCC1=C([N+](=O)[O-])C=CC(C)=C1C,Cc1ccc([N+](=O)[O-])[c:1]([CH2:2]C)c1C,[c:1]-[C:2],"[1, 2]","[1, 2]",Cc1ccc([N+](=O)[O-])[cH:1]c1C,1,C[CH3:2],2,chloride,3,bromide,4,Cc1ccc([N+](=O)[O-])c(Cl)c1C,52328-28-6,561.75,ENAH38A2BC54-5G,CCBr,74-96-4,55.70,239607-50G
CCC1=C([N+](=O)[O-])C=CC(C)=C1C,Cc1ccc([N+](=O)[O-])[c:1]([CH2:2]C)c1C,[c:1]-[C:2],"[1, 2]","[1, 2]",Cc1ccc([N+](=O)[O-])[cH:1]c1C,1,C[CH3:2],2,chloride,3,iodide,4,Cc1ccc([N+](=O)[O-])c(Cl)c1C,52328-28-6,561.75,ENAH38A2BC54-5G,CCI,75-03-6,24.00,I7780-5G
CCC1=C([N+](=O)[O-])C=CC(C)=C1C,Cc1ccc([N+](=O)[O-])[c:1]([CH2:2]C)c1C,[c:1]-[C:2],"[1, 2]","[1, 2]",Cc1ccc([N+](=O)[O-])[cH:1]c1C,1,C[CH3:2],2,chloride,3,boronate,4,Cc1ccc([N+](=O)[O-])c(Cl)c1C,52328-28-6,561.75,ENAH38A2BC54-5G,CCB(O)O,,66.00,CDS003542-250MG
O=CC1=CC=CC2=CC(CO)=NN12,O=[CH:2][c:1]1cccc2cc(CO)nn21,[c:1]-[C:2],"[1, 2]","[1, 2]",OCc1cc2ccc[cH:1]n2n1,1,O=[CH2:2],2,hydrogen,3,hydrogen,4,OCc1cc2ccccn2n1,76943-47-0,210,JWPH3249E009-100MG,C=O,50-00-0,28.90,252549-25ML
O=CC1=CC=CC2=CC(CO)=NN12,O=[CH:2][c:1]1cccc2cc(CO)nn21,[c:1]-[C:2],"[1, 2]","[1, 2]",OCc1cc2ccc[cH:1]n2n1,1,O=[CH2:2],2,hydrogen,3,amine,4,OCc1cc2ccccn2n1,76943-47-0,210,JWPH3249E009-100MG,NC=O,,133.00,612707-1EA
O=CC1=CC=CC2=CC(CO)=NN12,O=[CH:2][c:1]1cccc2cc(CO)nn21,[c:1]-[C:2],"[1, 2]","[1, 2]",OCc1cc2ccc[cH:1]n2n1,1,O=[CH2:2],2,hydrogen,3,acid,4,OCc1cc2ccccn2n1,76943-47-0,210,JWPH3249E009-100MG,O=CC(=O)O,298-12-4,37.80,260150-250G-A
O=CC1=CC=CC2=CC(CO)=NN12,O=Cc1cccc2c[c:1]([CH2:2]O)nn12,[c:1]-[C:2],"[1, 2]","[1, 2]",O=Cc1cccc2c[cH:1]nn12,1,O[CH3:2],2,hydrogen,3,hydrogen,4,O=Cc1cccc2ccnn12,362661-83-4,111.00,759376-500MG,CO,67-56-1,30.20,M3641-500ML
O=CC1=CC=CC2=CC(CO)=NN12,O=Cc1cccc2c[c:1]([CH2:2]O)nn12,[c:1]-[C:2],"[1, 2]","[1, 2]",O=Cc1cccc2c[cH:1]nn12,1,O[CH3:2],2,hydrogen,3,acid,4,O=Cc1cccc2ccnn12,362661-83-4,111.00,759376-500MG,O=C(O)CO,79-14-1,27.00,G8284-10MG
CCC(C)(CC)CC(=O)NCCS,CC[C:1](C)(CC)[CH2:2]C(=O)NCCS,[C:1]-[C:2],"[1, 2]","[1, 2]",CC[CH:1](C)CC,1,O=C(NCCS)[CH3:2],2,hydrogen,3,hydrogen,4,CCC(C)CC,96-14-0,21.30,M66005-5ML,CC(=O)NCCS,1190-73-4,82.60,363340-1G
CCC(C)(CC)CC(=O)NCCS,CC[C:1](C)(CC)[CH2:2]C(=O)NCCS,[C:1]-[C:2],"[1, 2]","[1, 2]",CC[CH:1](C)CC,1,O=C(NCCS)[CH3:2],2,hydrogen,3,acid,4,CCC(C)CC,96-14-0,21.30,M66005-5ML,O=C(O)CC(=O)NCCS,80900-79-4,359.1,ENAH5802F4D0-100MG
CCC(C)(CC)CC(=O)NCCS,CC[C:1](C)(CC)[CH2:2]C(=O)NCCS,[C:1]-[C:2],"[1, 2]","[1, 2]",CC[CH:1](C)CC,1,O=C(NCCS)[CH3:2],2,alcohol,3,hydrogen,4,CCC(C)(O)CC,77-74-7,288.00,M66900-250ML,CC(=O)NCCS,1190-73-4,82.60,363340-1G
CCC(C)(CC)CC(=O)NCCS,CC[C:1](C)(CC)[CH2:2]C(=O)NCCS,[C:1]-[C:2],"[1, 2]","[1, 2]",CC[CH:1](C)CC,1,O=C(NCCS)[CH3:2],2,alcohol,3,acid,4,CCC(C)(O)CC,77-74-7,288.00,M66900-250ML,O=C(O)CC(=O)NCCS,80900-79-4,359.1,ENAH5802F4D0-100MG
CCC(C)(CC)CC(=O)NCCS,CC[C:1](C)(CC)[CH2:2]C(=O)NCCS,[C:1]-[C:2],"[1, 2]","[1, 2]",CC[CH:1](C)CC,1,O=C(NCCS)[CH3:2],2,amine,3,hydrogen,4,CCC(C)(N)CC,3495-46-3,219.45,ENA413167585-500MG,CC(=O)NCCS,1190-73-4,82.60,363340-1G
CCC(C)(CC)CC(=O)NCCS,CC[C:1](C)(CC)[CH2:2]C(=O)NCCS,[C:1]-[C:2],"[1, 2]","[1, 2]",CC[CH:1](C)CC,1,O=C(NCCS)[CH3:2],2,amine,3,acid,4,CCC(C)(N)CC,3495-46-3,219.45,ENA413167585-500MG,O=C(O)CC(=O)NCCS,80900-79-4,359.1,ENAH5802F4D0-100MG
CCC(C)(CC)CC(=O)NCCS,CC[C:1](C)(CC)[CH2:2]C(=O)NCCS,[C:1]-[C:2],"[1, 2]","[1, 2]",CC[CH:1](C)CC,1,O=C(NCCS)[CH3:2],2,acid,3,hydrogen,4,CCC(C)(CC)C(=O)O,19889-37-3,2189.25,ENA410544100-10G,CC(=O)NCCS,1190-73-4,82.60,363340-1G
CCC(C)(CC)CC(=O)NCCS,CC[C:1](C)(CC)[CH2:2]C(=O)NCCS,[C:1]-[C:2],"[1, 2]","[1, 2]",CC[CH:1](C)CC,1,O=C(NCCS)[CH3:2],2,acid,3,acid,4,CCC(C)(CC)C(=O)O,19889-37-3,2189.25,ENA410544100-10G,O=C(O)CC(=O)NCCS,80900-79-4,359.1,ENAH5802F4D0-100MG
CCC(C)(CC)CC(=O)NCCS,CC[C:1](C)(CC)[CH2:2]C(=O)NCCS,[C:1]-[C:2],"[1, 2]","[1, 2]",CC[CH:1](C)CC,1,O=C(NCCS)[CH3:2],2,chloride,3,hydrogen,4,CCC(C)(Cl)CC,918-84-3,151.00,304255-25G,CC(=O)NCCS,1190-73-4,82.60,363340-1G
CCC(C)(CC)CC(=O)NCCS,CC[C:1](C)(CC)[CH2:2]C(=O)NCCS,[C:1]-[C:2],"[1, 2]","[1, 2]",CC[CH:1](C)CC,1,O=C(NCCS)[CH3:2],2,chloride,3,acid,4,CCC(C)(Cl)CC,918-84-3,151.00,304255-25G,O=C(O)CC(=O)NCCS,80900-79-4,359.1,ENAH5802F4D0-100MG
CCC(C)(CC)CC(=O)NCCS,CC[C:1](C)(CC)[CH2:2]C(=O)NCCS,[C:1]-[C:2],"[1, 2]","[1, 2]",CC[CH:1](C)CC,1,O=C(NCCS)[CH3:2],2,bromide,3,hydrogen,4,CCC(C)(Br)CC,25346-31-0,180.6,ENA638586907-250MG,CC(=O)NCCS,1190-73-4,82.60,363340-1G
CCC(C)(CC)CC(=O)NCCS,CC[C:1](C)(CC)[CH2:2]C(=O)NCCS,[C:1]-[C:2],"[1, 2]","[1, 2]",CC[CH:1](C)CC,1,O=C(NCCS)[CH3:2],2,bromide,3,acid,4,CCC(C)(Br)CC,25346-31-0,180.6,ENA638586907-250MG,O=C(O)CC(=O)NCCS,80900-79-4,359.1,ENAH5802F4D0-100MG
CC(=O)C1=CC=C(OCC(=O)NC2=CC=CC=C2C(=O)NCCC2=CC=CC=C2)C=C1,CC(=O)c1ccc(OCC(=O)Nc2cccc[c:1]2[C:2](=O)NCCc2ccccc2)cc1,[c:1]-[C:2],"[1, 2]","[1, 2]",CC(=O)c1ccc(OCC(=O)Nc2cccc[cH:1]2)cc1,1,O=[CH:2]NCCc1ccccc1,2,hydrogen,3,hydrogen,4,CC(=O)c1ccc(OCC(=O)Nc2ccccc2)cc1,17172-76-8,162.00,EME00112-1G,O=CNCCc1ccccc1,23069-99-0,53.80,731161-1G
CC(=O)C1=CC=C(OCC(=O)NC2=CC=CC=C2C(=O)NCCC2=CC=CC=C2)C=C1,CC(=O)c1ccc(OCC(=O)Nc2cccc[c:1]2[C:2](=O)NCCc2ccccc2)cc1,[c:1]-[C:2],"[1, 2]","[1, 2]",CC(=O)c1ccc(OCC(=O)Nc2cccc[cH:1]2)cc1,1,O=[CH:2]NCCc1ccccc1,2,hydrogen,3,amine,4,CC(=O)c1ccc(OCC(=O)Nc2ccccc2)cc1,17172-76-8,162.00,EME00112-1G,NC(=O)NCCc1ccccc1,2158-04-5,344.4,ENAH90823382-1G
CC(=O)C1=CC=C(OCC(=O)NC2=CC=CC=C2C(=O)NCCC2=CC=CC=C2)C=C1,CC(=O)c1ccc(OCC(=O)[NH:2][c:1]2ccccc2C(=O)NCCc2ccccc2)cc1,[c:1]-[N:2],"[1, 2]","[1, 2]",O=C(NCCc1ccccc1)c1cccc[cH:1]1,1,CC(=O)c1ccc(OCC(=O)[NH2:2])cc1,2,hydrogen,3,hydrogen,4,O=C(NCCc1ccccc1)c1ccccc1,3278-14-6,209.0,SY3H6E41685D-100G,CC(=O)c1ccc(OCC(N)=O)cc1,42017-88-9,225.5,CH4017936708-5G
CC(=O)C1=CC=C(OCC(=O)NC2=CC=CC=C2C(=O)NCCC2=CC=CC=C2)C=C1,CC(=O)c1ccc(OCC(=O)[NH:2][c:1]2ccccc2C(=O)NCCc2ccccc2)cc1,[c:1]-[N:2],"[1, 2]","[1, 2]",O=C(NCCc1ccccc1)c1cccc[cH:1]1,1,CC(=O)c1ccc(OCC(=O)[NH2:2])cc1,2,amine,3,hydrogen,4,Nc1ccccc1C(=O)NCCc1ccccc1,19050-62-5,56.7,ENA018106122-100MG,CC(=O)c1ccc(OCC(N)=O)cc1,42017-88-9,225.5,CH4017936708-5G
CC(=O)C1=CC=C(OCC(=O)NC2=CC=CC=C2C(=O)NCCC2=CC=CC=C2)C=C1,CC(=O)c1ccc(OC[C:1](=O)[NH:2]c2ccccc2C(=O)NCCc2ccccc2)cc1,[C:1]-[N:2],"[1, 2]","[1, 2]",CC(=O)c1ccc(OC[CH:1]=O)cc1,1,O=C(NCCc1ccccc1)c1ccccc1[NH2:2],2,amine,3,hydrogen,4,CC(=O)c1ccc(OCC(N)=O)cc1,42017-88-9,225.5,CH4017936708-5G,Nc1ccccc1C(=O)NCCc1ccccc1,19050-62-5,56.7,ENA018106122-100MG
C=C(C(=O)OC(C)(C)C1CCC(C)CC1)C(C)C,C=C(C(=O)[O:2][C:1](C)(C)C1CCC(C)CC1)C(C)C,[C:1]-[O:2],"[1, 2]","[1, 2]",CC1CCC([CH:1](C)C)CC1,1,C=C(C(=O)[OH:2])C(C)C,2,alcohol,3,hydrogen,4,CC1CCC(C(C)(C)O)CC1,498-81-7,56.25,COM448624533-5G,C=C(C(=O)O)C(C)C,4465-04-7,2608.2,ENAH03BB302C-5G
CCOC(=O)[C@H]1CC1S(=O)(=O)C1=CC=C(C)C=C1,CCOC(=O)[C@H]1C[CH:1]1[S:2](=O)(=O)c1ccc(C)cc1,[C:1]-[S:2],"[1, 2]","[1, 2]",CCOC(=O)[C@H]1C[CH2:1]1,1,Cc1ccc([SH:2](=O)=O)cc1,2,hydrogen,3,amine,4,CCOC(=O)C1CC1,4606-07-9,54.40,E21604-25G,Cc1ccc(S(N)(=O)=O)cc1,70-55-3,27.40,236330-10G
CCOC(=O)[C@H]1CC1S(=O)(=O)C1=CC=C(C)C=C1,CCOC(=O)[C@H]1C[CH:1]1[S:2](=O)(=O)c1ccc(C)cc1,[C:1]-[S:2],"[1, 2]","[1, 2]",CCOC(=O)[C@H]1C[CH2:1]1,1,Cc1ccc([SH:2](=O)=O)cc1,2,hydrogen,3,chloride,4,CCOC(=O)C1CC1,4606-07-9,54.40,E21604-25G,Cc1ccc(S(=O)(=O)Cl)cc1,98-59-9,41.80,240877-5G
CCOC(=O)[C@H]1CC1S(=O)(=O)C1=CC=C(C)C=C1,CCOC(=O)[C@H]1C[CH:1]1[S:2](=O)(=O)c1ccc(C)cc1,[C:1]-[S:2],"[1, 2]","[1, 2]",CCOC(=O)[C@H]1C[CH2:1]1,1,Cc1ccc([SH:2](=O)=O)cc1,2,hydrogen,3,bromide,4,CCOC(=O)C1CC1,4606-07-9,54.40,E21604-25G,Cc1ccc(S(=O)(=O)Br)cc1,1950-69-2,180.6,ENA444723568-250MG
COC1=CC=CC=C1N1CCN(C(=O)COC2=CC(Cl)=CC(Cl)=C2)CC1,COc1ccccc1N1CCN(C(=O)[CH2:1][O:2]c2cc(Cl)cc(Cl)c2)CC1,[C:1]-[O:2],"[1, 2]","[1, 2]",COc1ccccc1N1CCN(C(=O)[CH3:1])CC1,1,Clc1cc(Cl)cc([OH:2])c1,2,amine,3,hydrogen,4,COc1ccccc1N1CCN(C(=O)CN)CC1,189762-35-4,675,COM638470980-1G,Oc1cc(Cl)cc(Cl)c1,591-35-5,92.40,D70600-10G
COC1=CC=CC=C1N1CCN(C(=O)COC2=CC(Cl)=CC(Cl)=C2)CC1,COc1ccccc1N1CCN(C(=O)[CH2:1][O:2]c2cc(Cl)cc(Cl)c2)CC1,[C:1]-[O:2],"[1, 2]","[1, 2]",COc1ccccc1N1CCN(C(=O)[CH3:1])CC1,1,Clc1cc(Cl)cc([OH:2])c1,2,amine,3,amine,4,COc1ccccc1N1CCN(C(=O)CN)CC1,189762-35-4,675,COM638470980-1G,NOc1cc(Cl)cc(Cl)c1,99907-90-1,44,SY3H3D67BAEA-100MG
COC(=O)C1=CC=CC=C1OCC(=O)C1=C(C)C(C(C)=O)=C(C)N1,COC(=O)c1ccccc1[O:2][CH2:1]C(=O)c1[nH]c(C)c(C(C)=O)c1C,[C:1]-[O:2],"[1, 2]","[1, 2]",CC(=O)c1c(C)[nH]c(C(=O)[CH3:1])c1C,1,COC(=O)c1ccccc1[OH:2],2,hydrogen,3,hydrogen,4,CC(=O)c1[nH]c(C)c(C(C)=O)c1C,1500-92-1,154,CH4238556391-1G,COC(=O)c1ccccc1O,119-36-8,29.30,M2047-100ML
COCC(C)(COC)COC(C)C,COC[C:1](C)(COC)[CH2:2]OC(C)C,[C:1]-[C:2],"[1, 2]","[1, 2]",COC[CH:1](C)COC,1,CC(C)O[CH3:2],2,alcohol,3,acid,4,COCC(C)(O)COC,90325-52-3,1736.7,ENAH03856534-5G,CC(C)OCC(=O)O,33445-07-7,533.5,CH4182075599-10G
COCC(C)(COC)COC(C)C,COC[C:1](C)(COC)[CH2:2]OC(C)C,[C:1]-[C:2],"[1, 2]","[1, 2]",COC[CH:1](C)COC,1,CC(C)O[CH3:2],2,alcohol,3,chloride,4,COCC(C)(O)COC,90325-52-3,1736.7,ENAH03856534-5G,CC(C)OCCl,3587-58-4,648.9,ENA423200576-5G
COCC(C)(COC)COC(C)C,COC[C:1](C)(COC)[CH2:2]OC(C)C,[C:1]-[C:2],"[1, 2]","[1, 2]",COC[CH:1](C)COC,1,CC(C)O[CH3:2],2,amine,3,acid,4,COCC(C)(N)COC,130874-19-0,253.05,ENAH049F3145-100MG,CC(C)OCC(=O)O,33445-07-7,533.5,CH4182075599-10G
COCC(C)(COC)COC(C)C,COC[C:1](C)(COC)[CH2:2]OC(C)C,[C:1]-[C:2],"[1, 2]","[1, 2]",COC[CH:1](C)COC,1,CC(C)O[CH3:2],2,amine,3,chloride,4,COCC(C)(N)COC,130874-19-0,253.05,ENAH049F3145-100MG,CC(C)OCCl,3587-58-4,648.9,ENA423200576-5G
COC(=O)C1=CC=CC=C1OCC(=O)N[C@@H](C)C1=CC=CC2=CC=CC=C12,COC(=O)c1ccccc1O[CH2:1][C:2](=O)N[C@@H](C)c1cccc2ccccc12,[C:1]-[C:2],"[1, 2]","[1, 2]",COC(=O)c1ccccc1O[CH3:1],1,C[C@H](N[CH:2]=O)c1cccc2ccccc12,2,hydrogen,3,hydrogen,4,COC(=O)c1ccccc1OC,606-45-1,176.00,W271705-100G-K,C[C@H](NC=O)c1cccc2ccccc12,49681-33-6,363,SY3H6E4158D3-1G
CC[C@H](NC(=O)CN)C(C)O,CC[C@H:1](NC(=O)CN)[CH:2](C)O,[C:1]-[C:2],"[1, 2]","[1, 2]",CC[CH2:1]NC(=O)CN,1,C[CH2:2]O,2,hydrogen,3,hydrogen,4,CCCNC(=O)CN,62029-81-6,102.9,ENA053246661-1G,CCO,64-17-5,74.00,2858-240ML
CC[C@H](NC(=O)CN)C(C)O,CC[C@H:1](NC(=O)CN)[CH:2](C)O,[C:1]-[C:2],"[1, 2]","[1, 2]",CC[CH2:1]NC(=O)CN,1,C[CH2:2]O,2,hydrogen,3,acid,4,CCCNC(=O)CN,62029-81-6,102.9,ENA053246661-1G,CC(O)C(=O)O,50-21-5,52.00,L1250-500ML
CC[C@H](NC(=O)CN)C(C)O,CC[C@H:1](NC(=O)CN)[CH:2](C)O,[C:1]-[C:2],"[1, 2]","[1, 2]",CC[CH2:1]NC(=O)CN,1,C[CH2:2]O,2,acid,3,hydrogen,4,CCC(NC(=O)CN)C(=O)O,7369-76-8,218.75,COMH93D67D19-1G,CCO,64-17-5,74.00,2858-240ML
CC[C@H](NC(=O)CN)C(C)O,CC[C@H:1](NC(=O)CN)[CH:2](C)O,[C:1]-[C:2],"[1, 2]","[1, 2]",CC[CH2:1]NC(=O)CN,1,C[CH2:2]O,2,acid,3,acid,4,CCC(NC(=O)CN)C(=O)O,7369-76-8,218.75,COMH93D67D19-1G,CC(O)C(=O)O,50-21-5,52.00,L1250-500ML
CC[C@H](NC(=O)CN)C(C)O,CC[C@@H:1](C(C)O)[NH:2]C(=O)CN,[C:1]-[N:2],"[1, 2]","[1, 2]",CC[CH2:1]C(C)O,1,NCC(=O)[NH2:2],2,hydrogen,3,hydrogen,4,CCCC(C)O,6032-29-7,33.40,P8017-100ML,NCC(N)=O,598-41-4,37.5,COM638462283-1G
CC[C@H](NC(=O)CN)C(C)O,CC[C@@H:1](C(C)O)[NH:2]C(=O)CN,[C:1]-[N:2],"[1, 2]","[1, 2]",CC[CH2:1]C(C)O,1,NCC(=O)[NH2:2],2,hydrogen,3,alcohol,4,CCCC(C)O,6032-29-7,33.40,P8017-100ML,NCC(=O)NO,5349-80-4,80.85,ENAH03A1E51A-100MG
CC[C@H](NC(=O)CN)C(C)O,CC[C@@H:1](C(C)O)[NH:2]C(=O)CN,[C:1]-[N:2],"[1, 2]","[1, 2]",CC[CH2:1]C(C)O,1,NCC(=O)[NH2:2],2,alcohol,3,hydrogen,4,CCC(O)C(C)O,42027-23-6,537.6,ENA497680446-500MG,NCC(N)=O,598-41-4,37.5,COM638462283-1G
CC[C@H](NC(=O)CN)C(C)O,CC[C@@H:1](C(C)O)[NH:2]C(=O)CN,[C:1]-[N:2],"[1, 2]","[1, 2]",CC[CH2:1]C(C)O,1,NCC(=O)[NH2:2],2,alcohol,3,alcohol,4,CCC(O)C(C)O,42027-23-6,537.6,ENA497680446-500MG,NCC(=O)NO,5349-80-4,80.85,ENAH03A1E51A-100MG
CC[C@H](NC(=O)CN)C(C)O,CC[C@@H:1](C(C)O)[NH:2]C(=O)CN,[C:1]-[N:2],"[1, 2]","[1, 2]",CC[CH2:1]C(C)O,1,NCC(=O)[NH2:2],2,amine,3,hydrogen,4,CCC(N)C(C)O,50411-28-4,467.5,LIF509446925-500MG,NCC(N)=O,598-41-4,37.5,COM638462283-1G
CC[C@H](NC(=O)CN)C(C)O,CC[C@@H:1](C(C)O)[NH:2]C(=O)CN,[C:1]-[N:2],"[1, 2]","[1, 2]",CC[CH2:1]C(C)O,1,NCC(=O)[NH2:2],2,amine,3,alcohol,4,CCC(N)C(C)O,50411-28-4,467.5,LIF509446925-500MG,NCC(=O)NO,5349-80-4,80.85,ENAH03A1E51A-100MG
CC[C@H](NC(=O)CN)C(C)O,CC[C@@H:1](C(C)O)[NH:2]C(=O)CN,[C:1]-[N:2],"[1, 2]","[1, 2]",CC[CH2:1]C(C)O,1,NCC(=O)[NH2:2],2,acid,3,hydrogen,4,CCC(C(=O)O)C(C)O,854851-58-4,177.45,ENA424045241-100MG,NCC(N)=O,598-41-4,37.5,COM638462283-1G
CC[C@H](NC(=O)CN)C(C)O,CC[C@@H:1](C(C)O)[NH:2]C(=O)CN,[C:1]-[N:2],"[1, 2]","[1, 2]",CC[CH2:1]C(C)O,1,NCC(=O)[NH2:2],2,acid,3,alcohol,4,CCC(C(=O)O)C(C)O,854851-58-4,177.45,ENA424045241-100MG,NCC(=O)NO,5349-80-4,80.85,ENAH03A1E51A-100MG
CC1=CC(O)=CC(C=CC2=CC=C(C(C)(C)C)C=C2)=C1,Cc1cc(O)c[c:1]([CH:2]=Cc2ccc(C(C)(C)C)cc2)c1,[c:1]-[C:2],"[1, 2]","[1, 2]",Cc1cc(O)c[cH:1]c1,1,CC(C)(C)c1ccc(C=[CH2:2])cc1,2,hydrogen,3,hydrogen,4,Cc1cccc(O)c1,108-39-4,86.00,W353000-1KG-K,C=Cc1ccc(C(C)(C)C)cc1,1746-23-2,42.20,523933-250ML
CC1=CC(O)=CC(C=CC2=CC=C(C(C)(C)C)C=C2)=C1,Cc1cc(O)c[c:1]([CH:2]=Cc2ccc(C(C)(C)C)cc2)c1,[c:1]-[C:2],"[1, 2]","[1, 2]",Cc1cc(O)c[cH:1]c1,1,CC(C)(C)c1ccc(C=[CH2:2])cc1,2,alcohol,3,hydrogen,4,Cc1cc(O)cc(O)c1,504-15-4,43.10,447420-5G,C=Cc1ccc(C(C)(C)C)cc1,1746-23-2,42.20,523933-250ML
CC1=CC(O)=CC(C=CC2=CC=C(C(C)(C)C)C=C2)=C1,Cc1cc(O)c[c:1]([CH:2]=Cc2ccc(C(C)(C)C)cc2)c1,[c:1]-[C:2],"[1, 2]","[1, 2]",Cc1cc(O)c[cH:1]c1,1,CC(C)(C)c1ccc(C=[CH2:2])cc1,2,amine,3,hydrogen,4,Cc1cc(N)cc(O)c1,76619-89-1,176,SY3H3D675931-1G,C=Cc1ccc(C(C)(C)C)cc1,1746-23-2,42.20,523933-250ML
CC1=CC(O)=CC(C=CC2=CC=C(C(C)(C)C)C=C2)=C1,Cc1cc(O)c[c:1]([CH:2]=Cc2ccc(C(C)(C)C)cc2)c1,[c:1]-[C:2],"[1, 2]","[1, 2]",Cc1cc(O)c[cH:1]c1,1,CC(C)(C)c1ccc(C=[CH2:2])cc1,2,acid,3,hydrogen,4,Cc1cc(O)cc(C(=O)O)c1,585-81-9,39.6,AMBH2D701CCE-1G,C=Cc1ccc(C(C)(C)C)cc1,1746-23-2,42.20,523933-250ML
CC1=CC(O)=CC(C=CC2=CC=C(C(C)(C)C)C=C2)=C1,Cc1cc(O)c[c:1]([CH:2]=Cc2ccc(C(C)(C)C)cc2)c1,[c:1]-[C:2],"[1, 2]","[1, 2]",Cc1cc(O)c[cH:1]c1,1,CC(C)(C)c1ccc(C=[CH2:2])cc1,2,chloride,3,hydrogen,4,Cc1cc(O)cc(Cl)c1,58291-77-3,44,SY3H3D67A4AB-1G,C=Cc1ccc(C(C)(C)C)cc1,1746-23-2,42.20,523933-250ML
CC1=CC(O)=CC(C=CC2=CC=C(C(C)(C)C)C=C2)=C1,Cc1cc(O)c[c:1]([CH:2]=Cc2ccc(C(C)(C)C)cc2)c1,[c:1]-[C:2],"[1, 2]","[1, 2]",Cc1cc(O)c[cH:1]c1,1,CC(C)(C)c1ccc(C=[CH2:2])cc1,2,bromide,3,hydrogen,4,Cc1cc(O)cc(Br)c1,74204-00-5,63.8,AMBH2D6F87CA-5G,C=Cc1ccc(C(C)(C)C)cc1,1746-23-2,42.20,523933-250ML
CC1=CC(O)=CC(C=CC2=CC=C(C(C)(C)C)C=C2)=C1,Cc1cc(O)c[c:1]([CH:2]=Cc2ccc(C(C)(C)C)cc2)c1,[c:1]-[C:2],"[1, 2]","[1, 2]",Cc1cc(O)c[cH:1]c1,1,CC(C)(C)c1ccc(C=[CH2:2])cc1,2,boronate,3,hydrogen,4,Cc1cc(O)cc(B(O)O)c1,,80.60,CDS024139-25MG,C=Cc1ccc(C(C)(C)C)cc1,1746-23-2,42.20,523933-250ML
CN(C)C1=CC=C(CNC(=O)COC2=CC=CC=C2Br)C=C1,CN(C)c1cc[c:1]([CH2:2]NC(=O)COc2ccccc2Br)cc1,[c:1]-[C:2],"[1, 2]","[1, 2]",CN(C)c1cc[cH:1]cc1,1,O=C(COc1ccccc1Br)N[CH3:2],2,hydrogen,3,hydrogen,4,CN(C)c1ccccc1,121-69-7,69.50,407275-100ML,CNC(=O)COc1ccccc1Br,,55.10,CDS005859-100MG
CN(C)C1=CC=C(CNC(=O)COC2=CC=CC=C2Br)C=C1,CN(C)c1cc[c:1]([CH2:2]NC(=O)COc2ccccc2Br)cc1,[c:1]-[C:2],"[1, 2]","[1, 2]",CN(C)c1cc[cH:1]cc1,1,O=C(COc1ccccc1Br)N[CH3:2],2,alcohol,3,hydrogen,4,CN(C)c1ccc(O)cc1,619-60-3,63.8,AMBH2D6F42E4-10G,CNC(=O)COc1ccccc1Br,,55.10,CDS005859-100MG
CN(C)C1=CC=C(CNC(=O)COC2=CC=CC=C2Br)C=C1,CN(C)c1cc[c:1]([CH2:2]NC(=O)COc2ccccc2Br)cc1,[c:1]-[C:2],"[1, 2]","[1, 2]",CN(C)c1cc[cH:1]cc1,1,O=C(COc1ccccc1Br)N[CH3:2],2,amine,3,hydrogen,4,CN(C)c1ccc(N)cc1,99-98-9,58.30,07750-25G,CNC(=O)COc1ccccc1Br,,55.10,CDS005859-100MG
CN(C)C1=CC=C(CNC(=O)COC2=CC=CC=C2Br)C=C1,CN(C)c1cc[c:1]([CH2:2]NC(=O)COc2ccccc2Br)cc1,[c:1]-[C:2],"[1, 2]","[1, 2]",CN(C)c1cc[cH:1]cc1,1,O=C(COc1ccccc1Br)N[CH3:2],2,acid,3,hydrogen,4,CN(C)c1ccc(C(=O)O)cc1,619-84-1,38.10,D139459-25G,CNC(=O)COc1ccccc1Br,,55.10,CDS005859-100MG
CN(C)C1=CC=C(CNC(=O)COC2=CC=CC=C2Br)C=C1,CN(C)c1cc[c:1]([CH2:2]NC(=O)COc2ccccc2Br)cc1,[c:1]-[C:2],"[1, 2]","[1, 2]",CN(C)c1cc[cH:1]cc1,1,O=C(COc1ccccc1Br)N[CH3:2],2,chloride,3,hydrogen,4,CN(C)c1ccc(Cl)cc1,698-69-1,171.6,AMBH2D6F88CC-5G,CNC(=O)COc1ccccc1Br,,55.10,CDS005859-100MG
CN(C)C1=CC=C(CNC(=O)COC2=CC=CC=C2Br)C=C1,CN(C)c1cc[c:1]([CH2:2]NC(=O)COc2ccccc2Br)cc1,[c:1]-[C:2],"[1, 2]","[1, 2]",CN(C)c1cc[cH:1]cc1,1,O=C(COc1ccccc1Br)N[CH3:2],2,bromide,3,hydrogen,4,CN(C)c1ccc(Br)cc1,586-77-6,37.90,242950-25G,CNC(=O)COc1ccccc1Br,,55.10,CDS005859-100MG
CN(C)C1=CC=C(CNC(=O)COC2=CC=CC=C2Br)C=C1,CN(C)c1cc[c:1]([CH2:2]NC(=O)COc2ccccc2Br)cc1,[c:1]-[C:2],"[1, 2]","[1, 2]",CN(C)c1cc[cH:1]cc1,1,O=C(COc1ccccc1Br)N[CH3:2],2,iodide,3,hydrogen,4,CN(C)c1ccc(I)cc1,698-70-4,328.9,AMBH2D6F6E53-5G,CNC(=O)COc1ccccc1Br,,55.10,CDS005859-100MG
CN(C)C1=CC=C(CNC(=O)COC2=CC=CC=C2Br)C=C1,CN(C)c1cc[c:1]([CH2:2]NC(=O)COc2ccccc2Br)cc1,[c:1]-[C:2],"[1, 2]","[1, 2]",CN(C)c1cc[cH:1]cc1,1,O=C(COc1ccccc1Br)N[CH3:2],2,boronate,3,hydrogen,4,CN(C)c1ccc(B(O)O)cc1,28611-39-4,47.10,483532-1G,CNC(=O)COc1ccccc1Br,,55.10,CDS005859-100MG
CN(C)C1=CC=C(CNC(=O)COC2=CC=CC=C2Br)C=C1,CN(C)c1ccc([CH2:1][NH:2]C(=O)COc2ccccc2Br)cc1,[C:1]-[N:2],"[1, 2]","[1, 2]",CN(C)c1ccc([CH3:1])cc1,1,O=C(COc1ccccc1Br)[NH2:2],2,hydrogen,3,amine,4,Cc1ccc(N(C)C)cc1,99-97-8,48.90,41690-100ML,NNC(=O)COc1ccccc1Br,328085-17-2,107.8,CH4017936575-1G
CN(C)C1=CC=C(CNC(=O)COC2=CC=CC=C2Br)C=C1,CN(C)c1ccc([CH2:1][NH:2]C(=O)COc2ccccc2Br)cc1,[C:1]-[N:2],"[1, 2]","[1, 2]",CN(C)c1ccc([CH3:1])cc1,1,O=C(COc1ccccc1Br)[NH2:2],2,alcohol,3,amine,4,CN(C)c1ccc(CO)cc1,1703-46-4,319,SY3H6E412121-5G,NNC(=O)COc1ccccc1Br,328085-17-2,107.8,CH4017936575-1G
CN(C)C1=CC=C(CNC(=O)COC2=CC=CC=C2Br)C=C1,CN(C)c1ccc([CH2:1][NH:2]C(=O)COc2ccccc2Br)cc1,[C:1]-[N:2],"[1, 2]","[1, 2]",CN(C)c1ccc([CH3:1])cc1,1,O=C(COc1ccccc1Br)[NH2:2],2,amine,3,amine,4,CN(C)c1ccc(CN)cc1,19293-58-4,16.5,APO455832970-250MG,NNC(=O)COc1ccccc1Br,328085-17-2,107.8,CH4017936575-1G
CN(C)C1=CC=C(CNC(=O)COC2=CC=CC=C2Br)C=C1,CN(C)c1ccc([CH2:1][NH:2]C(=O)COc2ccccc2Br)cc1,[C:1]-[N:2],"[1, 2]","[1, 2]",CN(C)c1ccc([CH3:1])cc1,1,O=C(COc1ccccc1Br)[NH2:2],2,acid,3,amine,4,CN(C)c1ccc(CC(=O)O)cc1,17078-28-3,152.00,374032-5G,NNC(=O)COc1ccccc1Br,328085-17-2,107.8,CH4017936575-1G
CN(C)C1=CC=C(CNC(=O)COC2=CC=CC=C2Br)C=C1,CN(C)c1ccc(C[NH:2][C:1](=O)COc2ccccc2Br)cc1,[C:1]-[N:2],"[1, 2]","[1, 2]",O=[CH:1]COc1ccccc1Br,1,CN(C)c1ccc(C[NH2:2])cc1,2,chloride,3,hydrogen,4,O=C(Cl)COc1ccccc1Br,39784-10-6,181.25,COMH0423886E-500MG,CN(C)c1ccc(CN)cc1,19293-58-4,16.5,APO455832970-250MG
CN(C)C1=CC=C(CNC(=O)COC2=CC=CC=C2Br)C=C1,CN(C)c1ccc(CNC(=O)[CH2:1][O:2]c2ccccc2Br)cc1,[C:1]-[O:2],"[1, 2]","[1, 2]",CN(C)c1ccc(CNC(=O)[CH3:1])cc1,1,Brc1ccccc1[OH:2],2,bromide,3,hydrogen,4,CN(C)c1ccc(CNC(=O)CBr)cc1,1339403-46-1,225,COMH042396A7-1G,Oc1ccccc1Br,95-56-7,57.50,130915-10G
CCC(CC)C1=CC=C2NC=CC2=C1,CC[CH:2](CC)[c:1]1ccc2[nH]ccc2c1,[c:1]-[C:2],"[1, 2]","[1, 2]",c1cc2c[cH:1]ccc2[nH]1,1,CC[CH2:2]CC,2,hydrogen,3,hydrogen,4,c1ccc2[nH]ccc2c1,120-72-9,23.50,442619,CCCCC,109-66-0,38.00,236705-100ML
CCC(CC)C1=CC=C2NC=CC2=C1,CC[CH:2](CC)[c:1]1ccc2[nH]ccc2c1,[c:1]-[C:2],"[1, 2]","[1, 2]",c1cc2c[cH:1]ccc2[nH]1,1,CC[CH2:2]CC,2,hydrogen,3,alcohol,4,c1ccc2[nH]ccc2c1,120-72-9,23.50,442619,CCC(O)CC,584-02-1,29.70,P8025-25ML-A
CCC(CC)C1=CC=C2NC=CC2=C1,CC[CH:2](CC)[c:1]1ccc2[nH]ccc2c1,[c:1]-[C:2],"[1, 2]","[1, 2]",c1cc2c[cH:1]ccc2[nH]1,1,CC[CH2:2]CC,2,hydrogen,3,amine,4,c1ccc2[nH]ccc2c1,120-72-9,23.50,442619,CCC(N)CC,616-24-0,207.00,190195-25G
CCC(CC)C1=CC=C2NC=CC2=C1,CC[CH:2](CC)[c:1]1ccc2[nH]ccc2c1,[c:1]-[C:2],"[1, 2]","[1, 2]",c1cc2c[cH:1]ccc2[nH]1,1,CC[CH2:2]CC,2,hydrogen,3,acid,4,c1ccc2[nH]ccc2c1,120-72-9,23.50,442619,CCC(CC)C(=O)O,88-09-5,22.50,109959-100ML
CCC(CC)C1=CC=C2NC=CC2=C1,CC[CH:2](CC)[c:1]1ccc2[nH]ccc2c1,[c:1]-[C:2],"[1, 2]","[1, 2]",c1cc2c[cH:1]ccc2[nH]1,1,CC[CH2:2]CC,2,hydrogen,3,bromide,4,c1ccc2[nH]ccc2c1,120-72-9,23.50,442619,CCC(Br)CC,1809-10-5,77.90,267848-25G
CCC(CC)C1=CC=C2NC=CC2=C1,CC[CH:2](CC)[c:1]1ccc2[nH]ccc2c1,[c:1]-[C:2],"[1, 2]","[1, 2]",c1cc2c[cH:1]ccc2[nH]1,1,CC[CH2:2]CC,2,hydrogen,3,iodide,4,c1ccc2[nH]ccc2c1,120-72-9,23.50,442619,CCC(I)CC,1809-05-8,313.95,ENA424045580-500MG
CCC(CC)C1=CC=C2NC=CC2=C1,CC[CH:2](CC)[c:1]1ccc2[nH]ccc2c1,[c:1]-[C:2],"[1, 2]","[1, 2]",c1cc2c[cH:1]ccc2[nH]1,1,CC[CH2:2]CC,2,alcohol,3,hydrogen,4,Oc1ccc2[nH]ccc2c1,1953-54-4,57.10,H31859-1G,CCCCC,109-66-0,38.00,236705-100ML
CCC(CC)C1=CC=C2NC=CC2=C1,CC[CH:2](CC)[c:1]1ccc2[nH]ccc2c1,[c:1]-[C:2],"[1, 2]","[1, 2]",c1cc2c[cH:1]ccc2[nH]1,1,CC[CH2:2]CC,2,alcohol,3,alcohol,4,Oc1ccc2[nH]ccc2c1,1953-54-4,57.10,H31859-1G,CCC(O)CC,584-02-1,29.70,P8025-25ML-A
CCC(CC)C1=CC=C2NC=CC2=C1,CC[CH:2](CC)[c:1]1ccc2[nH]ccc2c1,[c:1]-[C:2],"[1, 2]","[1, 2]",c1cc2c[cH:1]ccc2[nH]1,1,CC[CH2:2]CC,2,alcohol,3,amine,4,Oc1ccc2[nH]ccc2c1,1953-54-4,57.10,H31859-1G,CCC(N)CC,616-24-0,207.00,190195-25G
CCC(CC)C1=CC=C2NC=CC2=C1,CC[CH:2](CC)[c:1]1ccc2[nH]ccc2c1,[c:1]-[C:2],"[1, 2]","[1, 2]",c1cc2c[cH:1]ccc2[nH]1,1,CC[CH2:2]CC,2,alcohol,3,acid,4,Oc1ccc2[nH]ccc2c1,1953-54-4,57.10,H31859-1G,CCC(CC)C(=O)O,88-09-5,22.50,109959-100ML
CCC(CC)C1=CC=C2NC=CC2=C1,CC[CH:2](CC)[c:1]1ccc2[nH]ccc2c1,[c:1]-[C:2],"[1, 2]","[1, 2]",c1cc2c[cH:1]ccc2[nH]1,1,CC[CH2:2]CC,2,alcohol,3,bromide,4,Oc1ccc2[nH]ccc2c1,1953-54-4,57.10,H31859-1G,CCC(Br)CC,1809-10-5,77.90,267848-25G
CCC(CC)C1=CC=C2NC=CC2=C1,CC[CH:2](CC)[c:1]1ccc2[nH]ccc2c1,[c:1]-[C:2],"[1, 2]","[1, 2]",c1cc2c[cH:1]ccc2[nH]1,1,CC[CH2:2]CC,2,alcohol,3,iodide,4,Oc1ccc2[nH]ccc2c1,1953-54-4,57.10,H31859-1G,CCC(I)CC,1809-05-8,313.95,ENA424045580-500MG
CCC(CC)C1=CC=C2NC=CC2=C1,CC[CH:2](CC)[c:1]1ccc2[nH]ccc2c1,[c:1]-[C:2],"[1, 2]","[1, 2]",c1cc2c[cH:1]ccc2[nH]1,1,CC[CH2:2]CC,2,amine,3,hydrogen,4,Nc1ccc2[nH]ccc2c1,5192-03-0,73.20,A59654-1G,CCCCC,109-66-0,38.00,236705-100ML
CCC(CC)C1=CC=C2NC=CC2=C1,CC[CH:2](CC)[c:1]1ccc2[nH]ccc2c1,[c:1]-[C:2],"[1, 2]","[1, 2]",c1cc2c[cH:1]ccc2[nH]1,1,CC[CH2:2]CC,2,amine,3,alcohol,4,Nc1ccc2[nH]ccc2c1,5192-03-0,73.20,A59654-1G,CCC(O)CC,584-02-1,29.70,P8025-25ML-A
CCC(CC)C1=CC=C2NC=CC2=C1,CC[CH:2](CC)[c:1]1ccc2[nH]ccc2c1,[c:1]-[C:2],"[1, 2]","[1, 2]",c1cc2c[cH:1]ccc2[nH]1,1,CC[CH2:2]CC,2,amine,3,amine,4,Nc1ccc2[nH]ccc2c1,5192-03-0,73.20,A59654-1G,CCC(N)CC,616-24-0,207.00,190195-25G
CCC(CC)C1=CC=C2NC=CC2=C1,CC[CH:2](CC)[c:1]1ccc2[nH]ccc2c1,[c:1]-[C:2],"[1, 2]","[1, 2]",c1cc2c[cH:1]ccc2[nH]1,1,CC[CH2:2]CC,2,amine,3,acid,4,Nc1ccc2[nH]ccc2c1,5192-03-0,73.20,A59654-1G,CCC(CC)C(=O)O,88-09-5,22.50,109959-100ML
CCC(CC)C1=CC=C2NC=CC2=C1,CC[CH:2](CC)[c:1]1ccc2[nH]ccc2c1,[c:1]-[C:2],"[1, 2]","[1, 2]",c1cc2c[cH:1]ccc2[nH]1,1,CC[CH2:2]CC,2,amine,3,bromide,4,Nc1ccc2[nH]ccc2c1,5192-03-0,73.20,A59654-1G,CCC(Br)CC,1809-10-5,77.90,267848-25G
CCC(CC)C1=CC=C2NC=CC2=C1,CC[CH:2](CC)[c:1]1ccc2[nH]ccc2c1,[c:1]-[C:2],"[1, 2]","[1, 2]",c1cc2c[cH:1]ccc2[nH]1,1,CC[CH2:2]CC,2,amine,3,iodide,4,Nc1ccc2[nH]ccc2c1,5192-03-0,73.20,A59654-1G,CCC(I)CC,1809-05-8,313.95,ENA424045580-500MG
CCC(CC)C1=CC=C2NC=CC2=C1,CC[CH:2](CC)[c:1]1ccc2[nH]ccc2c1,[c:1]-[C:2],"[1, 2]","[1, 2]",c1cc2c[cH:1]ccc2[nH]1,1,CC[CH2:2]CC,2,acid,3,hydrogen,4,O=C(O)c1ccc2[nH]ccc2c1,1670-81-1,41.80,I5400-1G,CCCCC,109-66-0,38.00,236705-100ML
CCC(CC)C1=CC=C2NC=CC2=C1,CC[CH:2](CC)[c:1]1ccc2[nH]ccc2c1,[c:1]-[C:2],"[1, 2]","[1, 2]",c1cc2c[cH:1]ccc2[nH]1,1,CC[CH2:2]CC,2,acid,3,alcohol,4,O=C(O)c1ccc2[nH]ccc2c1,1670-81-1,41.80,I5400-1G,CCC(O)CC,584-02-1,29.70,P8025-25ML-A
CCC(CC)C1=CC=C2NC=CC2=C1,CC[CH:2](CC)[c:1]1ccc2[nH]ccc2c1,[c:1]-[C:2],"[1, 2]","[1, 2]",c1cc2c[cH:1]ccc2[nH]1,1,CC[CH2:2]CC,2,acid,3,amine,4,O=C(O)c1ccc2[nH]ccc2c1,1670-81-1,41.80,I5400-1G,CCC(N)CC,616-24-0,207.00,190195-25G
CCC(CC)C1=CC=C2NC=CC2=C1,CC[CH:2](CC)[c:1]1ccc2[nH]ccc2c1,[c:1]-[C:2],"[1, 2]","[1, 2]",c1cc2c[cH:1]ccc2[nH]1,1,CC[CH2:2]CC,2,acid,3,acid,4,O=C(O)c1ccc2[nH]ccc2c1,1670-81-1,41.80,I5400-1G,CCC(CC)C(=O)O,88-09-5,22.50,109959-100ML
CCC(CC)C1=CC=C2NC=CC2=C1,CC[CH:2](CC)[c:1]1ccc2[nH]ccc2c1,[c:1]-[C:2],"[1, 2]","[1, 2]",c1cc2c[cH:1]ccc2[nH]1,1,CC[CH2:2]CC,2,acid,3,bromide,4,O=C(O)c1ccc2[nH]ccc2c1,1670-81-1,41.80,I5400-1G,CCC(Br)CC,1809-10-5,77.90,267848-25G
CCC(CC)C1=CC=C2NC=CC2=C1,CC[CH:2](CC)[c:1]1ccc2[nH]ccc2c1,[c:1]-[C:2],"[1, 2]","[1, 2]",c1cc2c[cH:1]ccc2[nH]1,1,CC[CH2:2]CC,2,acid,3,iodide,4,O=C(O)c1ccc2[nH]ccc2c1,1670-81-1,41.80,I5400-1G,CCC(I)CC,1809-05-8,313.95,ENA424045580-500MG
CCC(CC)C1=CC=C2NC=CC2=C1,CC[CH:2](CC)[c:1]1ccc2[nH]ccc2c1,[c:1]-[C:2],"[1, 2]","[1, 2]",c1cc2c[cH:1]ccc2[nH]1,1,CC[CH2:2]CC,2,chloride,3,hydrogen,4,Clc1ccc2[nH]ccc2c1,17422-32-1,53.50,C47604-1G,CCCCC,109-66-0,38.00,236705-100ML
CCC(CC)C1=CC=C2NC=CC2=C1,CC[CH:2](CC)[c:1]1ccc2[nH]ccc2c1,[c:1]-[C:2],"[1, 2]","[1, 2]",c1cc2c[cH:1]ccc2[nH]1,1,CC[CH2:2]CC,2,chloride,3,alcohol,4,Clc1ccc2[nH]ccc2c1,17422-32-1,53.50,C47604-1G,CCC(O)CC,584-02-1,29.70,P8025-25ML-A
CCC(CC)C1=CC=C2NC=CC2=C1,CC[CH:2](CC)[c:1]1ccc2[nH]ccc2c1,[c:1]-[C:2],"[1, 2]","[1, 2]",c1cc2c[cH:1]ccc2[nH]1,1,CC[CH2:2]CC,2,chloride,3,amine,4,Clc1ccc2[nH]ccc2c1,17422-32-1,53.50,C47604-1G,CCC(N)CC,616-24-0,207.00,190195-25G
CCC(CC)C1=CC=C2NC=CC2=C1,CC[CH:2](CC)[c:1]1ccc2[nH]ccc2c1,[c:1]-[C:2],"[1, 2]","[1, 2]",c1cc2c[cH:1]ccc2[nH]1,1,CC[CH2:2]CC,2,chloride,3,acid,4,Clc1ccc2[nH]ccc2c1,17422-32-1,53.50,C47604-1G,CCC(CC)C(=O)O,88-09-5,22.50,109959-100ML
CCC(CC)C1=CC=C2NC=CC2=C1,CC[CH:2](CC)[c:1]1ccc2[nH]ccc2c1,[c:1]-[C:2],"[1, 2]","[1, 2]",c1cc2c[cH:1]ccc2[nH]1,1,CC[CH2:2]CC,2,chloride,3,bromide,4,Clc1ccc2[nH]ccc2c1,17422-32-1,53.50,C47604-1G,CCC(Br)CC,1809-10-5,77.90,267848-25G
CCC(CC)C1=CC=C2NC=CC2=C1,CC[CH:2](CC)[c:1]1ccc2[nH]ccc2c1,[c:1]-[C:2],"[1, 2]","[1, 2]",c1cc2c[cH:1]ccc2[nH]1,1,CC[CH2:2]CC,2,chloride,3,iodide,4,Clc1ccc2[nH]ccc2c1,17422-32-1,53.50,C47604-1G,CCC(I)CC,1809-05-8,313.95,ENA424045580-500MG
CCC(CC)C1=CC=C2NC=CC2=C1,CC[CH:2](CC)[c:1]1ccc2[nH]ccc2c1,[c:1]-[C:2],"[1, 2]","[1, 2]",c1cc2c[cH:1]ccc2[nH]1,1,CC[CH2:2]CC,2,bromide,3,hydrogen,4,Brc1ccc2[nH]ccc2c1,10075-50-0,29.10,B68607-5G,CCCCC,109-66-0,38.00,236705-100ML
CCC(CC)C1=CC=C2NC=CC2=C1,CC[CH:2](CC)[c:1]1ccc2[nH]ccc2c1,[c:1]-[C:2],"[1, 2]","[1, 2]",c1cc2c[cH:1]ccc2[nH]1,1,CC[CH2:2]CC,2,bromide,3,alcohol,4,Brc1ccc2[nH]ccc2c1,10075-50-0,29.10,B68607-5G,CCC(O)CC,584-02-1,29.70,P8025-25ML-A
CCC(CC)C1=CC=C2NC=CC2=C1,CC[CH:2](CC)[c:1]1ccc2[nH]ccc2c1,[c:1]-[C:2],"[1, 2]","[1, 2]",c1cc2c[cH:1]ccc2[nH]1,1,CC[CH2:2]CC,2,bromide,3,amine,4,Brc1ccc2[nH]ccc2c1,10075-50-0,29.10,B68607-5G,CCC(N)CC,616-24-0,207.00,190195-25G
CCC(CC)C1=CC=C2NC=CC2=C1,CC[CH:2](CC)[c:1]1ccc2[nH]ccc2c1,[c:1]-[C:2],"[1, 2]","[1, 2]",c1cc2c[cH:1]ccc2[nH]1,1,CC[CH2:2]CC,2,bromide,3,acid,4,Brc1ccc2[nH]ccc2c1,10075-50-0,29.10,B68607-5G,CCC(CC)C(=O)O,88-09-5,22.50,109959-100ML
CCC(CC)C1=CC=C2NC=CC2=C1,CC[CH:2](CC)[c:1]1ccc2[nH]ccc2c1,[c:1]-[C:2],"[1, 2]","[1, 2]",c1cc2c[cH:1]ccc2[nH]1,1,CC[CH2:2]CC,2,bromide,3,bromide,4,Brc1ccc2[nH]ccc2c1,10075-50-0,29.10,B68607-5G,CCC(Br)CC,1809-10-5,77.90,267848-25G
CCC(CC)C1=CC=C2NC=CC2=C1,CC[CH:2](CC)[c:1]1ccc2[nH]ccc2c1,[c:1]-[C:2],"[1, 2]","[1, 2]",c1cc2c[cH:1]ccc2[nH]1,1,CC[CH2:2]CC,2,bromide,3,iodide,4,Brc1ccc2[nH]ccc2c1,10075-50-0,29.10,B68607-5G,CCC(I)CC,1809-05-8,313.95,ENA424045580-500MG
CCC(CC)C1=CC=C2NC=CC2=C1,CC[CH:2](CC)[c:1]1ccc2[nH]ccc2c1,[c:1]-[C:2],"[1, 2]","[1, 2]",c1cc2c[cH:1]ccc2[nH]1,1,CC[CH2:2]CC,2,iodide,3,hydrogen,4,Ic1ccc2[nH]ccc2c1,16066-91-4,103.00,563838-5G,CCCCC,109-66-0,38.00,236705-100ML
CCC(CC)C1=CC=C2NC=CC2=C1,CC[CH:2](CC)[c:1]1ccc2[nH]ccc2c1,[c:1]-[C:2],"[1, 2]","[1, 2]",c1cc2c[cH:1]ccc2[nH]1,1,CC[CH2:2]CC,2,iodide,3,alcohol,4,Ic1ccc2[nH]ccc2c1,16066-91-4,103.00,563838-5G,CCC(O)CC,584-02-1,29.70,P8025-25ML-A
CCC(CC)C1=CC=C2NC=CC2=C1,CC[CH:2](CC)[c:1]1ccc2[nH]ccc2c1,[c:1]-[C:2],"[1, 2]","[1, 2]",c1cc2c[cH:1]ccc2[nH]1,1,CC[CH2:2]CC,2,iodide,3,amine,4,Ic1ccc2[nH]ccc2c1,16066-91-4,103.00,563838-5G,CCC(N)CC,616-24-0,207.00,190195-25G
CCC(CC)C1=CC=C2NC=CC2=C1,CC[CH:2](CC)[c:1]1ccc2[nH]ccc2c1,[c:1]-[C:2],"[1, 2]","[1, 2]",c1cc2c[cH:1]ccc2[nH]1,1,CC[CH2:2]CC,2,iodide,3,acid,4,Ic1ccc2[nH]ccc2c1,16066-91-4,103.00,563838-5G,CCC(CC)C(=O)O,88-09-5,22.50,109959-100ML
CCC(CC)C1=CC=C2NC=CC2=C1,CC[CH:2](CC)[c:1]1ccc2[nH]ccc2c1,[c:1]-[C:2],"[1, 2]","[1, 2]",c1cc2c[cH:1]ccc2[nH]1,1,CC[CH2:2]CC,2,iodide,3,bromide,4,Ic1ccc2[nH]ccc2c1,16066-91-4,103.00,563838-5G,CCC(Br)CC,1809-10-5,77.90,267848-25G
CCC(CC)C1=CC=C2NC=CC2=C1,CC[CH:2](CC)[c:1]1ccc2[nH]ccc2c1,[c:1]-[C:2],"[1, 2]","[1, 2]",c1cc2c[cH:1]ccc2[nH]1,1,CC[CH2:2]CC,2,iodide,3,iodide,4,Ic1ccc2[nH]ccc2c1,16066-91-4,103.00,563838-5G,CCC(I)CC,1809-05-8,313.95,ENA424045580-500MG
CCC(CC)C1=CC=C2NC=CC2=C1,CC[CH:2](CC)[c:1]1ccc2[nH]ccc2c1,[c:1]-[C:2],"[1, 2]","[1, 2]",c1cc2c[cH:1]ccc2[nH]1,1,CC[CH2:2]CC,2,boronate,3,hydrogen,4,OB(O)c1ccc2[nH]ccc2c1,144104-59-6,77.20,666467-1G,CCCCC,109-66-0,38.00,236705-100ML
CCC(CC)C1=CC=C2NC=CC2=C1,CC[CH:2](CC)[c:1]1ccc2[nH]ccc2c1,[c:1]-[C:2],"[1, 2]","[1, 2]",c1cc2c[cH:1]ccc2[nH]1,1,CC[CH2:2]CC,2,boronate,3,alcohol,4,OB(O)c1ccc2[nH]ccc2c1,144104-59-6,77.20,666467-1G,CCC(O)CC,584-02-1,29.70,P8025-25ML-A
CCC(CC)C1=CC=C2NC=CC2=C1,CC[CH:2](CC)[c:1]1ccc2[nH]ccc2c1,[c:1]-[C:2],"[1, 2]","[1, 2]",c1cc2c[cH:1]ccc2[nH]1,1,CC[CH2:2]CC,2,boronate,3,amine,4,OB(O)c1ccc2[nH]ccc2c1,144104-59-6,77.20,666467-1G,CCC(N)CC,616-24-0,207.00,190195-25G
CCC(CC)C1=CC=C2NC=CC2=C1,CC[CH:2](CC)[c:1]1ccc2[nH]ccc2c1,[c:1]-[C:2],"[1, 2]","[1, 2]",c1cc2c[cH:1]ccc2[nH]1,1,CC[CH2:2]CC,2,boronate,3,acid,4,OB(O)c1ccc2[nH]ccc2c1,144104-59-6,77.20,666467-1G,CCC(CC)C(=O)O,88-09-5,22.50,109959-100ML
CCC(CC)C1=CC=C2NC=CC2=C1,CC[CH:2](CC)[c:1]1ccc2[nH]ccc2c1,[c:1]-[C:2],"[1, 2]","[1, 2]",c1cc2c[cH:1]ccc2[nH]1,1,CC[CH2:2]CC,2,boronate,3,bromide,4,OB(O)c1ccc2[nH]ccc2c1,144104-59-6,77.20,666467-1G,CCC(Br)CC,1809-10-5,77.90,267848-25G
CCC(CC)C1=CC=C2NC=CC2=C1,CC[CH:2](CC)[c:1]1ccc2[nH]ccc2c1,[c:1]-[C:2],"[1, 2]","[1, 2]",c1cc2c[cH:1]ccc2[nH]1,1,CC[CH2:2]CC,2,boronate,3,iodide,4,OB(O)c1ccc2[nH]ccc2c1,144104-59-6,77.20,666467-1G,CCC(I)CC,1809-05-8,313.95,ENA424045580-500MG
CCC(C)(C)CC(=O)NCCS,CC[C:1](C)(C)[CH2:2]C(=O)NCCS,[C:1]-[C:2],"[1, 2]","[1, 2]",CC[CH:1](C)C,1,O=C(NCCS)[CH3:2],2,hydrogen,3,hydrogen,4,CCC(C)C,78-78-4,88.20,277258-100ML,CC(=O)NCCS,1190-73-4,82.60,363340-1G
CCC(C)(C)CC(=O)NCCS,CC[C:1](C)(C)[CH2:2]C(=O)NCCS,[C:1]-[C:2],"[1, 2]","[1, 2]",CC[CH:1](C)C,1,O=C(NCCS)[CH3:2],2,hydrogen,3,acid,4,CCC(C)C,78-78-4,88.20,277258-100ML,O=C(O)CC(=O)NCCS,80900-79-4,359.1,ENAH5802F4D0-100MG
CCC(C)(C)CC(=O)NCCS,CC[C:1](C)(C)[CH2:2]C(=O)NCCS,[C:1]-[C:2],"[1, 2]","[1, 2]",CC[CH:1](C)C,1,O=C(NCCS)[CH3:2],2,alcohol,3,hydrogen,4,CCC(C)(C)O,75-85-4,58.70,240486-5ML,CC(=O)NCCS,1190-73-4,82.60,363340-1G
CCC(C)(C)CC(=O)NCCS,CC[C:1](C)(C)[CH2:2]C(=O)NCCS,[C:1]-[C:2],"[1, 2]","[1, 2]",CC[CH:1](C)C,1,O=C(NCCS)[CH3:2],2,alcohol,3,acid,4,CCC(C)(C)O,75-85-4,58.70,240486-5ML,O=C(O)CC(=O)NCCS,80900-79-4,359.1,ENAH5802F4D0-100MG
CCC(C)(C)CC(=O)NCCS,CC[C:1](C)(C)[CH2:2]C(=O)NCCS,[C:1]-[C:2],"[1, 2]","[1, 2]",CC[CH:1](C)C,1,O=C(NCCS)[CH3:2],2,amine,3,hydrogen,4,CCC(C)(C)N,594-39-8,74.90,176990-25G,CC(=O)NCCS,1190-73-4,82.60,363340-1G
CCC(C)(C)CC(=O)NCCS,CC[C:1](C)(C)[CH2:2]C(=O)NCCS,[C:1]-[C:2],"[1, 2]","[1, 2]",CC[CH:1](C)C,1,O=C(NCCS)[CH3:2],2,amine,3,acid,4,CCC(C)(C)N,594-39-8,74.90,176990-25G,O=C(O)CC(=O)NCCS,80900-79-4,359.1,ENAH5802F4D0-100MG
CCC(C)(C)CC(=O)NCCS,CC[C:1](C)(C)[CH2:2]C(=O)NCCS,[C:1]-[C:2],"[1, 2]","[1, 2]",CC[CH:1](C)C,1,O=C(NCCS)[CH3:2],2,acid,3,hydrogen,4,CCC(C)(C)C(=O)O,595-37-9,57.20,D152609-25ML,CC(=O)NCCS,1190-73-4,82.60,363340-1G
CCC(C)(C)CC(=O)NCCS,CC[C:1](C)(C)[CH2:2]C(=O)NCCS,[C:1]-[C:2],"[1, 2]","[1, 2]",CC[CH:1](C)C,1,O=C(NCCS)[CH3:2],2,acid,3,acid,4,CCC(C)(C)C(=O)O,595-37-9,57.20,D152609-25ML,O=C(O)CC(=O)NCCS,80900-79-4,359.1,ENAH5802F4D0-100MG
CCC(C)(C)CC(=O)NCCS,CC[C:1](C)(C)[CH2:2]C(=O)NCCS,[C:1]-[C:2],"[1, 2]","[1, 2]",CC[CH:1](C)C,1,O=C(NCCS)[CH3:2],2,chloride,3,hydrogen,4,CCC(C)(C)Cl,594-36-5,77.60,277029-25G,CC(=O)NCCS,1190-73-4,82.60,363340-1G
CCC(C)(C)CC(=O)NCCS,CC[C:1](C)(C)[CH2:2]C(=O)NCCS,[C:1]-[C:2],"[1, 2]","[1, 2]",CC[CH:1](C)C,1,O=C(NCCS)[CH3:2],2,chloride,3,acid,4,CCC(C)(C)Cl,594-36-5,77.60,277029-25G,O=C(O)CC(=O)NCCS,80900-79-4,359.1,ENAH5802F4D0-100MG
CCC(C)(C)CC(=O)NCCS,CC[C:1](C)(C)[CH2:2]C(=O)NCCS,[C:1]-[C:2],"[1, 2]","[1, 2]",CC[CH:1](C)C,1,O=C(NCCS)[CH3:2],2,bromide,3,hydrogen,4,CCC(C)(C)Br,507-36-8,29.20,306878-5G,CC(=O)NCCS,1190-73-4,82.60,363340-1G
CCC(C)(C)CC(=O)NCCS,CC[C:1](C)(C)[CH2:2]C(=O)NCCS,[C:1]-[C:2],"[1, 2]","[1, 2]",CC[CH:1](C)C,1,O=C(NCCS)[CH3:2],2,bromide,3,acid,4,CCC(C)(C)Br,507-36-8,29.20,306878-5G,O=C(O)CC(=O)NCCS,80900-79-4,359.1,ENAH5802F4D0-100MG
CCC(C)(C)CC(=O)NCCS,CC[C:1](C)(C)[CH2:2]C(=O)NCCS,[C:1]-[C:2],"[1, 2]","[1, 2]",CC[CH:1](C)C,1,O=C(NCCS)[CH3:2],2,iodide,3,hydrogen,4,CCC(C)(C)I,594-38-7,56.7,ENA946832316-100MG,CC(=O)NCCS,1190-73-4,82.60,363340-1G
CCC(C)(C)CC(=O)NCCS,CC[C:1](C)(C)[CH2:2]C(=O)NCCS,[C:1]-[C:2],"[1, 2]","[1, 2]",CC[CH:1](C)C,1,O=C(NCCS)[CH3:2],2,iodide,3,acid,4,CCC(C)(C)I,594-38-7,56.7,ENA946832316-100MG,O=C(O)CC(=O)NCCS,80900-79-4,359.1,ENAH5802F4D0-100MG
CCC(C)(C)CC(=O)NCCS,CCC(C)(C)C[C:1](=O)[NH:2]CCS,[C:1]-[N:2],"[1, 2]","[1, 2]",CCC(C)(C)C[CH:1]=O,1,SCC[NH2:2],2,hydrogen,3,hydrogen,4,CCC(C)(C)CC=O,118993-47-8,607.95,ENAH0424BC96-500MG,NCCS,60-23-1,146.00,30070-10G
CCC(C)(C)CC(=O)NCCS,CCC(C)(C)C[C:1](=O)[NH:2]CCS,[C:1]-[N:2],"[1, 2]","[1, 2]",CCC(C)(C)C[CH:1]=O,1,SCC[NH2:2],2,chloride,3,hydrogen,4,CCC(C)(C)CC(=O)Cl,79097-84-0,239.4,ENA514507655-100MG,NCCS,60-23-1,146.00,30070-10G
CC(C)(C)C1=CC=CC2=C1C(N)=NN2,C[C:2](C)(C)[c:1]1cccc2[nH]nc(N)c21,[c:1]-[C:2],"[1, 2]","[1, 2]",Nc1n[nH]c2ccc[cH:1]c12,1,C[CH:2](C)C,2,hydrogen,3,hydrogen,4,Nc1n[nH]c2ccccc12,,413.00,CDS014250-250MG,CC(C)C,75-28-5,506.00,539821-170G
CC(C)(C)C1=CC=CC2=C1C(N)=NN2,C[C:2](C)(C)[c:1]1cccc2[nH]nc(N)c21,[c:1]-[C:2],"[1, 2]","[1, 2]",Nc1n[nH]c2ccc[cH:1]c12,1,C[CH:2](C)C,2,hydrogen,3,alcohol,4,Nc1n[nH]c2ccccc12,,413.00,CDS014250-250MG,CC(C)(C)O,75-65-0,64.00,471712-100ML
CC(C)(C)C1=CC=CC2=C1C(N)=NN2,C[C:2](C)(C)[c:1]1cccc2[nH]nc(N)c21,[c:1]-[C:2],"[1, 2]","[1, 2]",Nc1n[nH]c2ccc[cH:1]c12,1,C[CH:2](C)C,2,hydrogen,3,amine,4,Nc1n[nH]c2ccccc12,,413.00,CDS014250-250MG,CC(C)(C)N,75-64-9,18.10,B89205-5ML
CC(C)(C)C1=CC=CC2=C1C(N)=NN2,C[C:2](C)(C)[c:1]1cccc2[nH]nc(N)c21,[c:1]-[C:2],"[1, 2]","[1, 2]",Nc1n[nH]c2ccc[cH:1]c12,1,C[CH:2](C)C,2,hydrogen,3,acid,4,Nc1n[nH]c2ccccc12,,413.00,CDS014250-250MG,CC(C)(C)C(=O)O,75-98-9,21.10,T71803-5ML
CC(C)(C)C1=CC=CC2=C1C(N)=NN2,C[C:2](C)(C)[c:1]1cccc2[nH]nc(N)c21,[c:1]-[C:2],"[1, 2]","[1, 2]",Nc1n[nH]c2ccc[cH:1]c12,1,C[CH:2](C)C,2,hydrogen,3,chloride,4,Nc1n[nH]c2ccccc12,,413.00,CDS014250-250MG,CC(C)(C)Cl,507-20-0,27.10,C56352-25ML
CC(C)(C)C1=CC=CC2=C1C(N)=NN2,C[C:2](C)(C)[c:1]1cccc2[nH]nc(N)c21,[c:1]-[C:2],"[1, 2]","[1, 2]",Nc1n[nH]c2ccc[cH:1]c12,1,C[CH:2](C)C,2,hydrogen,3,bromide,4,Nc1n[nH]c2ccccc12,,413.00,CDS014250-250MG,CC(C)(C)Br,507-19-7,29.50,135615-5G
CC(C)(C)C1=CC=CC2=C1C(N)=NN2,C[C:2](C)(C)[c:1]1cccc2[nH]nc(N)c21,[c:1]-[C:2],"[1, 2]","[1, 2]",Nc1n[nH]c2ccc[cH:1]c12,1,C[CH:2](C)C,2,hydrogen,3,iodide,4,Nc1n[nH]c2ccccc12,,413.00,CDS014250-250MG,CC(C)(C)I,558-17-8,78.00,245798-25G
CC(C)(C)C1=CC=CC2=C1C(N)=NN2,C[C:2](C)(C)[c:1]1cccc2[nH]nc(N)c21,[c:1]-[C:2],"[1, 2]","[1, 2]",Nc1n[nH]c2ccc[cH:1]c12,1,C[CH:2](C)C,2,acid,3,hydrogen,4,Nc1n[nH]c2cccc(C(=O)O)c12,1378774-23-2,621,ADV638390992-1G,CC(C)C,75-28-5,506.00,539821-170G
CC(C)(C)C1=CC=CC2=C1C(N)=NN2,C[C:2](C)(C)[c:1]1cccc2[nH]nc(N)c21,[c:1]-[C:2],"[1, 2]","[1, 2]",Nc1n[nH]c2ccc[cH:1]c12,1,C[CH:2](C)C,2,acid,3,alcohol,4,Nc1n[nH]c2cccc(C(=O)O)c12,1378774-23-2,621,ADV638390992-1G,CC(C)(C)O,75-65-0,64.00,471712-100ML
CC(C)(C)C1=CC=CC2=C1C(N)=NN2,C[C:2](C)(C)[c:1]1cccc2[nH]nc(N)c21,[c:1]-[C:2],"[1, 2]","[1, 2]",Nc1n[nH]c2ccc[cH:1]c12,1,C[CH:2](C)C,2,acid,3,amine,4,Nc1n[nH]c2cccc(C(=O)O)c12,1378774-23-2,621,ADV638390992-1G,CC(C)(C)N,75-64-9,18.10,B89205-5ML
CC(C)(C)C1=CC=CC2=C1C(N)=NN2,C[C:2](C)(C)[c:1]1cccc2[nH]nc(N)c21,[c:1]-[C:2],"[1, 2]","[1, 2]",Nc1n[nH]c2ccc[cH:1]c12,1,C[CH:2](C)C,2,acid,3,acid,4,Nc1n[nH]c2cccc(C(=O)O)c12,1378774-23-2,621,ADV638390992-1G,CC(C)(C)C(=O)O,75-98-9,21.10,T71803-5ML
CC(C)(C)C1=CC=CC2=C1C(N)=NN2,C[C:2](C)(C)[c:1]1cccc2[nH]nc(N)c21,[c:1]-[C:2],"[1, 2]","[1, 2]",Nc1n[nH]c2ccc[cH:1]c12,1,C[CH:2](C)C,2,acid,3,chloride,4,Nc1n[nH]c2cccc(C(=O)O)c12,1378774-23-2,621,ADV638390992-1G,CC(C)(C)Cl,507-20-0,27.10,C56352-25ML
CC(C)(C)C1=CC=CC2=C1C(N)=NN2,C[C:2](C)(C)[c:1]1cccc2[nH]nc(N)c21,[c:1]-[C:2],"[1, 2]","[1, 2]",Nc1n[nH]c2ccc[cH:1]c12,1,C[CH:2](C)C,2,acid,3,bromide,4,Nc1n[nH]c2cccc(C(=O)O)c12,1378774-23-2,621,ADV638390992-1G,CC(C)(C)Br,507-19-7,29.50,135615-5G
CC(C)(C)C1=CC=CC2=C1C(N)=NN2,C[C:2](C)(C)[c:1]1cccc2[nH]nc(N)c21,[c:1]-[C:2],"[1, 2]","[1, 2]",Nc1n[nH]c2ccc[cH:1]c12,1,C[CH:2](C)C,2,acid,3,iodide,4,Nc1n[nH]c2cccc(C(=O)O)c12,1378774-23-2,621,ADV638390992-1G,CC(C)(C)I,558-17-8,78.00,245798-25G
CC(C)(C)C1=CC=CC2=C1C(N)=NN2,C[C:2](C)(C)[c:1]1cccc2[nH]nc(N)c21,[c:1]-[C:2],"[1, 2]","[1, 2]",Nc1n[nH]c2ccc[cH:1]c12,1,C[CH:2](C)C,2,chloride,3,hydrogen,4,Nc1n[nH]c2cccc(Cl)c12,20925-60-4,187,SY3H3D67A40E-10G,CC(C)C,75-28-5,506.00,539821-170G
CC(C)(C)C1=CC=CC2=C1C(N)=NN2,C[C:2](C)(C)[c:1]1cccc2[nH]nc(N)c21,[c:1]-[C:2],"[1, 2]","[1, 2]",Nc1n[nH]c2ccc[cH:1]c12,1,C[CH:2](C)C,2,chloride,3,alcohol,4,Nc1n[nH]c2cccc(Cl)c12,20925-60-4,187,SY3H3D67A40E-10G,CC(C)(C)O,75-65-0,64.00,471712-100ML
CC(C)(C)C1=CC=CC2=C1C(N)=NN2,C[C:2](C)(C)[c:1]1cccc2[nH]nc(N)c21,[c:1]-[C:2],"[1, 2]","[1, 2]",Nc1n[nH]c2ccc[cH:1]c12,1,C[CH:2](C)C,2,chloride,3,amine,4,Nc1n[nH]c2cccc(Cl)c12,20925-60-4,187,SY3H3D67A40E-10G,CC(C)(C)N,75-64-9,18.10,B89205-5ML
CC(C)(C)C1=CC=CC2=C1C(N)=NN2,C[C:2](C)(C)[c:1]1cccc2[nH]nc(N)c21,[c:1]-[C:2],"[1, 2]","[1, 2]",Nc1n[nH]c2ccc[cH:1]c12,1,C[CH:2](C)C,2,chloride,3,acid,4,Nc1n[nH]c2cccc(Cl)c12,20925-60-4,187,SY3H3D67A40E-10G,CC(C)(C)C(=O)O,75-98-9,21.10,T71803-5ML
CC(C)(C)C1=CC=CC2=C1C(N)=NN2,C[C:2](C)(C)[c:1]1cccc2[nH]nc(N)c21,[c:1]-[C:2],"[1, 2]","[1, 2]",Nc1n[nH]c2ccc[cH:1]c12,1,C[CH:2](C)C,2,chloride,3,chloride,4,Nc1n[nH]c2cccc(Cl)c12,20925-60-4,187,SY3H3D67A40E-10G,CC(C)(C)Cl,507-20-0,27.10,C56352-25ML
CC(C)(C)C1=CC=CC2=C1C(N)=NN2,C[C:2](C)(C)[c:1]1cccc2[nH]nc(N)c21,[c:1]-[C:2],"[1, 2]","[1, 2]",Nc1n[nH]c2ccc[cH:1]c12,1,C[CH:2](C)C,2,chloride,3,bromide,4,Nc1n[nH]c2cccc(Cl)c12,20925-60-4,187,SY3H3D67A40E-10G,CC(C)(C)Br,507-19-7,29.50,135615-5G
CC(C)(C)C1=CC=CC2=C1C(N)=NN2,C[C:2](C)(C)[c:1]1cccc2[nH]nc(N)c21,[c:1]-[C:2],"[1, 2]","[1, 2]",Nc1n[nH]c2ccc[cH:1]c12,1,C[CH:2](C)C,2,chloride,3,iodide,4,Nc1n[nH]c2cccc(Cl)c12,20925-60-4,187,SY3H3D67A40E-10G,CC(C)(C)I,558-17-8,78.00,245798-25G
CC(C)(C)C1=CC=CC2=C1C(N)=NN2,C[C:2](C)(C)[c:1]1cccc2[nH]nc(N)c21,[c:1]-[C:2],"[1, 2]","[1, 2]",Nc1n[nH]c2ccc[cH:1]c12,1,C[CH:2](C)C,2,bromide,3,hydrogen,4,Nc1n[nH]c2cccc(Br)c12,914311-50-5,70.4,AMBH303C64C3-1G,CC(C)C,75-28-5,506.00,539821-170G
CC(C)(C)C1=CC=CC2=C1C(N)=NN2,C[C:2](C)(C)[c:1]1cccc2[nH]nc(N)c21,[c:1]-[C:2],"[1, 2]","[1, 2]",Nc1n[nH]c2ccc[cH:1]c12,1,C[CH:2](C)C,2,bromide,3,alcohol,4,Nc1n[nH]c2cccc(Br)c12,914311-50-5,70.4,AMBH303C64C3-1G,CC(C)(C)O,75-65-0,64.00,471712-100ML
CC(C)(C)C1=CC=CC2=C1C(N)=NN2,C[C:2](C)(C)[c:1]1cccc2[nH]nc(N)c21,[c:1]-[C:2],"[1, 2]","[1, 2]",Nc1n[nH]c2ccc[cH:1]c12,1,C[CH:2](C)C,2,bromide,3,amine,4,Nc1n[nH]c2cccc(Br)c12,914311-50-5,70.4,AMBH303C64C3-1G,CC(C)(C)N,75-64-9,18.10,B89205-5ML
CC(C)(C)C1=CC=CC2=C1C(N)=NN2,C[C:2](C)(C)[c:1]1cccc2[nH]nc(N)c21,[c:1]-[C:2],"[1, 2]","[1, 2]",Nc1n[nH]c2ccc[cH:1]c12,1,C[CH:2](C)C,2,bromide,3,acid,4,Nc1n[nH]c2cccc(Br)c12,914311-50-5,70.4,AMBH303C64C3-1G,CC(C)(C)C(=O)O,75-98-9,21.10,T71803-5ML
CC(C)(C)C1=CC=CC2=C1C(N)=NN2,C[C:2](C)(C)[c:1]1cccc2[nH]nc(N)c21,[c:1]-[C:2],"[1, 2]","[1, 2]",Nc1n[nH]c2ccc[cH:1]c12,1,C[CH:2](C)C,2,bromide,3,chloride,4,Nc1n[nH]c2cccc(Br)c12,914311-50-5,70.4,AMBH303C64C3-1G,CC(C)(C)Cl,507-20-0,27.10,C56352-25ML
CC(C)(C)C1=CC=CC2=C1C(N)=NN2,C[C:2](C)(C)[c:1]1cccc2[nH]nc(N)c21,[c:1]-[C:2],"[1, 2]","[1, 2]",Nc1n[nH]c2ccc[cH:1]c12,1,C[CH:2](C)C,2,bromide,3,bromide,4,Nc1n[nH]c2cccc(Br)c12,914311-50-5,70.4,AMBH303C64C3-1G,CC(C)(C)Br,507-19-7,29.50,135615-5G
CC(C)(C)C1=CC=CC2=C1C(N)=NN2,C[C:2](C)(C)[c:1]1cccc2[nH]nc(N)c21,[c:1]-[C:2],"[1, 2]","[1, 2]",Nc1n[nH]c2ccc[cH:1]c12,1,C[CH:2](C)C,2,bromide,3,iodide,4,Nc1n[nH]c2cccc(Br)c12,914311-50-5,70.4,AMBH303C64C3-1G,CC(C)(C)I,558-17-8,78.00,245798-25G
CC(C)(C)C1=CC=CC2=C1C(N)=NN2,C[C:2](C)(C)[c:1]1cccc2[nH]nc(N)c21,[c:1]-[C:2],"[1, 2]","[1, 2]",Nc1n[nH]c2ccc[cH:1]c12,1,C[CH:2](C)C,2,iodide,3,hydrogen,4,Nc1n[nH]c2cccc(I)c12,599191-73-8,55,AMBH2D7028DE-1G,CC(C)C,75-28-5,506.00,539821-170G
CC(C)(C)C1=CC=CC2=C1C(N)=NN2,C[C:2](C)(C)[c:1]1cccc2[nH]nc(N)c21,[c:1]-[C:2],"[1, 2]","[1, 2]",Nc1n[nH]c2ccc[cH:1]c12,1,C[CH:2](C)C,2,iodide,3,alcohol,4,Nc1n[nH]c2cccc(I)c12,599191-73-8,55,AMBH2D7028DE-1G,CC(C)(C)O,75-65-0,64.00,471712-100ML
CC(C)(C)C1=CC=CC2=C1C(N)=NN2,C[C:2](C)(C)[c:1]1cccc2[nH]nc(N)c21,[c:1]-[C:2],"[1, 2]","[1, 2]",Nc1n[nH]c2ccc[cH:1]c12,1,C[CH:2](C)C,2,iodide,3,amine,4,Nc1n[nH]c2cccc(I)c12,599191-73-8,55,AMBH2D7028DE-1G,CC(C)(C)N,75-64-9,18.10,B89205-5ML
CC(C)(C)C1=CC=CC2=C1C(N)=NN2,C[C:2](C)(C)[c:1]1cccc2[nH]nc(N)c21,[c:1]-[C:2],"[1, 2]","[1, 2]",Nc1n[nH]c2ccc[cH:1]c12,1,C[CH:2](C)C,2,iodide,3,acid,4,Nc1n[nH]c2cccc(I)c12,599191-73-8,55,AMBH2D7028DE-1G,CC(C)(C)C(=O)O,75-98-9,21.10,T71803-5ML
CC(C)(C)C1=CC=CC2=C1C(N)=NN2,C[C:2](C)(C)[c:1]1cccc2[nH]nc(N)c21,[c:1]-[C:2],"[1, 2]","[1, 2]",Nc1n[nH]c2ccc[cH:1]c12,1,C[CH:2](C)C,2,iodide,3,chloride,4,Nc1n[nH]c2cccc(I)c12,599191-73-8,55,AMBH2D7028DE-1G,CC(C)(C)Cl,507-20-0,27.10,C56352-25ML
CC(C)(C)C1=CC=CC2=C1C(N)=NN2,C[C:2](C)(C)[c:1]1cccc2[nH]nc(N)c21,[c:1]-[C:2],"[1, 2]","[1, 2]",Nc1n[nH]c2ccc[cH:1]c12,1,C[CH:2](C)C,2,iodide,3,bromide,4,Nc1n[nH]c2cccc(I)c12,599191-73-8,55,AMBH2D7028DE-1G,CC(C)(C)Br,507-19-7,29.50,135615-5G
CC(C)(C)C1=CC=CC2=C1C(N)=NN2,C[C:2](C)(C)[c:1]1cccc2[nH]nc(N)c21,[c:1]-[C:2],"[1, 2]","[1, 2]",Nc1n[nH]c2ccc[cH:1]c12,1,C[CH:2](C)C,2,iodide,3,iodide,4,Nc1n[nH]c2cccc(I)c12,599191-73-8,55,AMBH2D7028DE-1G,CC(C)(C)I,558-17-8,78.00,245798-25G
CC(=O)C[C@@H](C#N)CC(C)C,CC(=O)[CH2:1][C@@H:2](C#N)CC(C)C,[C:1]-[C:2],"[1, 2]","[1, 2]",CC(=O)[CH3:1],1,CC(C)C[CH2:2]C#N,2,hydrogen,3,hydrogen,4,CC(C)=O,67-64-1,80.00,W332615-100G,CC(C)CCC#N,542-54-1,19.5,ATC311769373-1G
CC(=O)C[C@@H](C#N)CC(C)C,CC(=O)[CH2:1][C@@H:2](C#N)CC(C)C,[C:1]-[C:2],"[1, 2]","[1, 2]",CC(=O)[CH3:1],1,CC(C)C[CH2:2]C#N,2,hydrogen,3,alcohol,4,CC(C)=O,67-64-1,80.00,W332615-100G,CC(C)CC(O)C#N,54129-53-2,112.5,COMH0423948E-500MG
CC(=O)C[C@@H](C#N)CC(C)C,CC(=O)[CH2:1][C@@H:2](C#N)CC(C)C,[C:1]-[C:2],"[1, 2]","[1, 2]",CC(=O)[CH3:1],1,CC(C)C[CH2:2]C#N,2,hydrogen,3,acid,4,CC(C)=O,67-64-1,80.00,W332615-100G,CC(C)CC(C#N)C(=O)O,18283-41-5,357.98,PRIH049B2FBD-250MG
CC(=O)C[C@@H](C#N)CC(C)C,CC(=O)[CH2:1][C@@H:2](C#N)CC(C)C,[C:1]-[C:2],"[1, 2]","[1, 2]",CC(=O)[CH3:1],1,CC(C)C[CH2:2]C#N,2,hydrogen,3,bromide,4,CC(C)=O,67-64-1,80.00,W332615-100G,CC(C)CC(Br)C#N,150478-86-7,563.75,LIF945291262-1G
CC(=O)C[C@@H](C#N)CC(C)C,CC(=O)[CH2:1][C@@H:2](C#N)CC(C)C,[C:1]-[C:2],"[1, 2]","[1, 2]",CC(=O)[CH3:1],1,CC(C)C[CH2:2]C#N,2,alcohol,3,hydrogen,4,CC(=O)CO,116-09-6,32.50,138185-5G,CC(C)CCC#N,542-54-1,19.5,ATC311769373-1G
CC(=O)C[C@@H](C#N)CC(C)C,CC(=O)[CH2:1][C@@H:2](C#N)CC(C)C,[C:1]-[C:2],"[1, 2]","[1, 2]",CC(=O)[CH3:1],1,CC(C)C[CH2:2]C#N,2,alcohol,3,alcohol,4,CC(=O)CO,116-09-6,32.50,138185-5G,CC(C)CC(O)C#N,54129-53-2,112.5,COMH0423948E-500MG
CC(=O)C[C@@H](C#N)CC(C)C,CC(=O)[CH2:1][C@@H:2](C#N)CC(C)C,[C:1]-[C:2],"[1, 2]","[1, 2]",CC(=O)[CH3:1],1,CC(C)C[CH2:2]C#N,2,alcohol,3,acid,4,CC(=O)CO,116-09-6,32.50,138185-5G,CC(C)CC(C#N)C(=O)O,18283-41-5,357.98,PRIH049B2FBD-250MG
CC(=O)C[C@@H](C#N)CC(C)C,CC(=O)[CH2:1][C@@H:2](C#N)CC(C)C,[C:1]-[C:2],"[1, 2]","[1, 2]",CC(=O)[CH3:1],1,CC(C)C[CH2:2]C#N,2,alcohol,3,bromide,4,CC(=O)CO,116-09-6,32.50,138185-5G,CC(C)CC(Br)C#N,150478-86-7,563.75,LIF945291262-1G
CC(=O)C[C@@H](C#N)CC(C)C,CC(=O)[CH2:1][C@@H:2](C#N)CC(C)C,[C:1]-[C:2],"[1, 2]","[1, 2]",CC(=O)[CH3:1],1,CC(C)C[CH2:2]C#N,2,amine,3,hydrogen,4,CC(=O)CN,298-08-8,462.5,COM456878946-10G,CC(C)CCC#N,542-54-1,19.5,ATC311769373-1G
CC(=O)C[C@@H](C#N)CC(C)C,CC(=O)[CH2:1][C@@H:2](C#N)CC(C)C,[C:1]-[C:2],"[1, 2]","[1, 2]",CC(=O)[CH3:1],1,CC(C)C[CH2:2]C#N,2,amine,3,alcohol,4,CC(=O)CN,298-08-8,462.5,COM456878946-10G,CC(C)CC(O)C#N,54129-53-2,112.5,COMH0423948E-500MG
CC(=O)C[C@@H](C#N)CC(C)C,CC(=O)[CH2:1][C@@H:2](C#N)CC(C)C,[C:1]-[C:2],"[1, 2]","[1, 2]",CC(=O)[CH3:1],1,CC(C)C[CH2:2]C#N,2,amine,3,acid,4,CC(=O)CN,298-08-8,462.5,COM456878946-10G,CC(C)CC(C#N)C(=O)O,18283-41-5,357.98,PRIH049B2FBD-250MG
CC(=O)C[C@@H](C#N)CC(C)C,CC(=O)[CH2:1][C@@H:2](C#N)CC(C)C,[C:1]-[C:2],"[1, 2]","[1, 2]",CC(=O)[CH3:1],1,CC(C)C[CH2:2]C#N,2,amine,3,bromide,4,CC(=O)CN,298-08-8,462.5,COM456878946-10G,CC(C)CC(Br)C#N,150478-86-7,563.75,LIF945291262-1G
CC(=O)C[C@@H](C#N)CC(C)C,CC(=O)[CH2:1][C@@H:2](C#N)CC(C)C,[C:1]-[C:2],"[1, 2]","[1, 2]",CC(=O)[CH3:1],1,CC(C)C[CH2:2]C#N,2,chloride,3,hydrogen,4,CC(=O)CCl,78-95-5,36.40,167479-5G,CC(C)CCC#N,542-54-1,19.5,ATC311769373-1G
CC(=O)C[C@@H](C#N)CC(C)C,CC(=O)[CH2:1][C@@H:2](C#N)CC(C)C,[C:1]-[C:2],"[1, 2]","[1, 2]",CC(=O)[CH3:1],1,CC(C)C[CH2:2]C#N,2,chloride,3,alcohol,4,CC(=O)CCl,78-95-5,36.40,167479-5G,CC(C)CC(O)C#N,54129-53-2,112.5,COMH0423948E-500MG
CC(=O)C[C@@H](C#N)CC(C)C,CC(=O)[CH2:1][C@@H:2](C#N)CC(C)C,[C:1]-[C:2],"[1, 2]","[1, 2]",CC(=O)[CH3:1],1,CC(C)C[CH2:2]C#N,2,chloride,3,acid,4,CC(=O)CCl,78-95-5,36.40,167479-5G,CC(C)CC(C#N)C(=O)O,18283-41-5,357.98,PRIH049B2FBD-250MG
CC(=O)C[C@@H](C#N)CC(C)C,CC(=O)[CH2:1][C@@H:2](C#N)CC(C)C,[C:1]-[C:2],"[1, 2]","[1, 2]",CC(=O)[CH3:1],1,CC(C)C[CH2:2]C#N,2,chloride,3,bromide,4,CC(=O)CCl,78-95-5,36.40,167479-5G,CC(C)CC(Br)C#N,150478-86-7,563.75,LIF945291262-1G
CC(=O)C[C@@H](C#N)CC(C)C,CC(=O)C[C@H:1](CC(C)C)[C:2]#N,[C:1]-[C:2],"[1, 2]","[1, 2]",CC(=O)C[CH2:1]CC(C)C,1,N#[CH:2],2,hydrogen,3,bromide,4,CC(=O)CCCC(C)C,,49.70,CDS000306-250MG,N#CBr,506-68-3,85.50,261610-100ML
CC(=O)C[C@@H](C#N)CC(C)C,CC(=O)C[C@@H:1](C#N)[CH2:2]C(C)C,[C:1]-[C:2],"[1, 2]","[1, 2]",CC(=O)C[CH2:1]C#N,1,CC(C)[CH3:2],2,hydrogen,3,hydrogen,4,CC(=O)CCC#N,927-56-0,1736.7,ENA428683562-5G,CC(C)C,75-28-5,506.00,539821-170G
CC(=O)C[C@@H](C#N)CC(C)C,CC(=O)C[C@@H:1](C#N)[CH2:2]C(C)C,[C:1]-[C:2],"[1, 2]","[1, 2]",CC(=O)C[CH2:1]C#N,1,CC(C)[CH3:2],2,hydrogen,3,alcohol,4,CC(=O)CCC#N,927-56-0,1736.7,ENA428683562-5G,CC(C)CO,78-83-1,48.80,294829-100ML
CC(=O)C[C@@H](C#N)CC(C)C,CC(=O)C[C@@H:1](C#N)[CH2:2]C(C)C,[C:1]-[C:2],"[1, 2]","[1, 2]",CC(=O)C[CH2:1]C#N,1,CC(C)[CH3:2],2,hydrogen,3,amine,4,CC(=O)CCC#N,927-56-0,1736.7,ENA428683562-5G,CC(C)CN,78-81-9,17.80,I14150-5ML
CC(=O)C[C@@H](C#N)CC(C)C,CC(=O)C[C@@H:1](C#N)[CH2:2]C(C)C,[C:1]-[C:2],"[1, 2]","[1, 2]",CC(=O)C[CH2:1]C#N,1,CC(C)[CH3:2],2,hydrogen,3,acid,4,CC(=O)CCC#N,927-56-0,1736.7,ENA428683562-5G,CC(C)CC(=O)O,503-74-2,24.80,129542-100ML
CC(=O)C[C@@H](C#N)CC(C)C,CC(=O)C[C@@H:1](C#N)[CH2:2]C(C)C,[C:1]-[C:2],"[1, 2]","[1, 2]",CC(=O)C[CH2:1]C#N,1,CC(C)[CH3:2],2,hydrogen,3,chloride,4,CC(=O)CCC#N,927-56-0,1736.7,ENA428683562-5G,CC(C)CCl,513-36-0,85.80,178004-100ML
CC(=O)C[C@@H](C#N)CC(C)C,CC(=O)C[C@@H:1](C#N)[CH2:2]C(C)C,[C:1]-[C:2],"[1, 2]","[1, 2]",CC(=O)C[CH2:1]C#N,1,CC(C)[CH3:2],2,hydrogen,3,bromide,4,CC(=O)CCC#N,927-56-0,1736.7,ENA428683562-5G,CC(C)CBr,78-77-3,36.80,156582-100G
CC(=O)C[C@@H](C#N)CC(C)C,CC(=O)C[C@@H:1](C#N)[CH2:2]C(C)C,[C:1]-[C:2],"[1, 2]","[1, 2]",CC(=O)C[CH2:1]C#N,1,CC(C)[CH3:2],2,hydrogen,3,iodide,4,CC(=O)CCC#N,927-56-0,1736.7,ENA428683562-5G,CC(C)CI,513-38-2,98.80,244732-25G
CC(=O)C[C@@H](C#N)CC(C)C,CC(=O)C[C@@H:1](C#N)[CH2:2]C(C)C,[C:1]-[C:2],"[1, 2]","[1, 2]",CC(=O)C[CH2:1]C#N,1,CC(C)[CH3:2],2,hydrogen,3,boronate,4,CC(=O)CCC#N,927-56-0,1736.7,ENA428683562-5G,CC(C)CB(O)O,84110-40-7,27.40,346225-1G
COC1=CC=CC=C1N1CCN(C(=O)CSC2=C(Cl)C=CC=C2Cl)CC1,COc1ccccc1N1CCN(C(=O)[CH2:1][S:2]c2c(Cl)cccc2Cl)CC1,[C:1]-[S:2],"[1, 2]","[1, 2]",COc1ccccc1N1CCN(C(=O)[CH3:1])CC1,1,Clc1cccc(Cl)c1[SH:2],2,amine,3,hydrogen,4,COc1ccccc1N1CCN(C(=O)CN)CC1,189762-35-4,675,COM638470980-1G,Sc1c(Cl)cccc1Cl,24966-39-0,12,MAT490089617-5G
C=C[C@@H](O)[C@H](NC(=O)OCC1C2=CC=CC=C2C2=CC=CC=C21)C(=O)O,C=[CH:1][C@@H:2](O)[C@H](NC(=O)OCC1c2ccccc2-c2ccccc21)C(=O)O,[C:1]-[C:2],"[1, 2]","[1, 2]",C=[CH2:1],1,O=C(N[C@H](C(=O)O)[CH2:2]O)OCC1c2ccccc2-c2ccccc21,2,hydrogen,3,hydrogen,4,C=C,74-85-1,875.00,536164-110G,O=C(N[C@@H](CO)C(=O)O)OCC1c2ccccc2-c2ccccc21,73724-45-5,135.00,47601-5G-F
C=C[C@@H](O)[C@H](NC(=O)OCC1C2=CC=CC=C2C2=CC=CC=C21)C(=O)O,C=[CH:1][C@@H:2](O)[C@H](NC(=O)OCC1c2ccccc2-c2ccccc21)C(=O)O,[C:1]-[C:2],"[1, 2]","[1, 2]",C=[CH2:1],1,O=C(N[C@H](C(=O)O)[CH2:2]O)OCC1c2ccccc2-c2ccccc21,2,acid,3,hydrogen,4,C=CC(=O)O,79-10-7,37.00,147230-5G,O=C(N[C@@H](CO)C(=O)O)OCC1c2ccccc2-c2ccccc21,73724-45-5,135.00,47601-5G-F
C=C[C@@H](O)[C@H](NC(=O)OCC1C2=CC=CC=C2C2=CC=CC=C21)C(=O)O,C=[CH:1][C@@H:2](O)[C@H](NC(=O)OCC1c2ccccc2-c2ccccc21)C(=O)O,[C:1]-[C:2],"[1, 2]","[1, 2]",C=[CH2:1],1,O=C(N[C@H](C(=O)O)[CH2:2]O)OCC1c2ccccc2-c2ccccc21,2,bromide,3,hydrogen,4,C=CBr,593-60-2,81.60,434191-100ML,O=C(N[C@@H](CO)C(=O)O)OCC1c2ccccc2-c2ccccc21,73724-45-5,135.00,47601-5G-F
C=C[C@@H](O)[C@H](NC(=O)OCC1C2=CC=CC=C2C2=CC=CC=C21)C(=O)O,C=[CH:1][C@@H:2](O)[C@H](NC(=O)OCC1c2ccccc2-c2ccccc21)C(=O)O,[C:1]-[C:2],"[1, 2]","[1, 2]",C=[CH2:1],1,O=C(N[C@H](C(=O)O)[CH2:2]O)OCC1c2ccccc2-c2ccccc21,2,iodide,3,hydrogen,4,C=CI,593-66-8,212.5,COMH93D65D78-1G,O=C(N[C@@H](CO)C(=O)O)OCC1c2ccccc2-c2ccccc21,73724-45-5,135.00,47601-5G-F
C=C[C@@H](O)[C@H](NC(=O)OCC1C2=CC=CC=C2C2=CC=CC=C21)C(=O)O,C=[CH:1][C@@H:2](O)[C@H](NC(=O)OCC1c2ccccc2-c2ccccc21)C(=O)O,[C:1]-[C:2],"[1, 2]","[1, 2]",C=[CH2:1],1,O=C(N[C@H](C(=O)O)[CH2:2]O)OCC1c2ccccc2-c2ccccc21,2,boronate,3,hydrogen,4,C=CB(O)O,4363-34-2,1225,COM448616228-5G,O=C(N[C@@H](CO)C(=O)O)OCC1c2ccccc2-c2ccccc21,73724-45-5,135.00,47601-5G-F
C=C[C@@H](O)[C@H](NC(=O)OCC1C2=CC=CC=C2C2=CC=CC=C21)C(=O)O,C=C[C@@H:1](O)[C@H:2](NC(=O)OCC1c2ccccc2-c2ccccc21)C(=O)O,[C:1]-[C:2],"[1, 2]","[1, 2]",C=C[CH2:1]O,1,O=C(N[CH2:2]C(=O)O)OCC1c2ccccc2-c2ccccc21,2,hydrogen,3,hydrogen,4,C=CCO,107-18-6,55.80,453021-1L,O=C(O)CNC(=O)OCC1c2ccccc2-c2ccccc21,29022-11-5,23.80,47627-5G-F
C=C[C@@H](O)[C@H](NC(=O)OCC1C2=CC=CC=C2C2=CC=CC=C21)C(=O)O,C=C[C@@H:1](O)[C@H:2](NC(=O)OCC1c2ccccc2-c2ccccc21)C(=O)O,[C:1]-[C:2],"[1, 2]","[1, 2]",C=C[CH2:1]O,1,O=C(N[CH2:2]C(=O)O)OCC1c2ccccc2-c2ccccc21,2,hydrogen,3,acid,4,C=CCO,107-18-6,55.80,453021-1L,O=C(NC(C(=O)O)C(=O)O)OCC1c2ccccc2-c2ccccc21,296261-32-0,170.4,MAT390505284-500MG
C=C[C@@H](O)[C@H](NC(=O)OCC1C2=CC=CC=C2C2=CC=CC=C21)C(=O)O,C=C[C@H:1]([C@H](NC(=O)OCC1c2ccccc2-c2ccccc21)C(=O)O)[OH:2],[C:1]-[O:2],"[1, 2]","[1, 2]",C=C[CH2:1][C@H](NC(=O)OCC1c2ccccc2-c2ccccc21)C(=O)O,1,[OH2:2],2,hydrogen,3,hydrogen,4,C=CC[C@H](NC(=O)OCC1c2ccccc2-c2ccccc21)C(=O)O,146549-21-5,467.00,00347-1G,O,7732-18-5,12.30,W3500-100ML
C=C[C@@H](O)[C@H](NC(=O)OCC1C2=CC=CC=C2C2=CC=CC=C21)C(=O)O,C=C[C@H:1]([C@H](NC(=O)OCC1c2ccccc2-c2ccccc21)C(=O)O)[OH:2],[C:1]-[O:2],"[1, 2]","[1, 2]",C=C[CH2:1][C@H](NC(=O)OCC1c2ccccc2-c2ccccc21)C(=O)O,1,[OH2:2],2,hydrogen,3,alcohol,4,C=CC[C@H](NC(=O)OCC1c2ccccc2-c2ccccc21)C(=O)O,146549-21-5,467.00,00347-1G,OO,7722-84-1,45.20,H1009-5ML
C=C[C@@H](O)[C@H](NC(=O)OCC1C2=CC=CC=C2C2=CC=CC=C21)C(=O)O,C=C[C@H:1]([C@H](NC(=O)OCC1c2ccccc2-c2ccccc21)C(=O)O)[OH:2],[C:1]-[O:2],"[1, 2]","[1, 2]",C=C[CH2:1][C@H](NC(=O)OCC1c2ccccc2-c2ccccc21)C(=O)O,1,[OH2:2],2,hydrogen,3,amine,4,C=CC[C@H](NC(=O)OCC1c2ccccc2-c2ccccc21)C(=O)O,146549-21-5,467.00,00347-1G,NO,7803-49-8,42.80,467804-10ML
C=C[C@@H](O)[C@H](NC(=O)OCC1C2=CC=CC=C2C2=CC=CC=C21)C(=O)O,C=C[C@H:1]([C@H](NC(=O)OCC1c2ccccc2-c2ccccc21)C(=O)O)[OH:2],[C:1]-[O:2],"[1, 2]","[1, 2]",C=C[CH2:1][C@H](NC(=O)OCC1c2ccccc2-c2ccccc21)C(=O)O,1,[OH2:2],2,hydrogen,3,boronate,4,C=CC[C@H](NC(=O)OCC1c2ccccc2-c2ccccc21)C(=O)O,146549-21-5,467.00,00347-1G,OB(O)O,10043-35-3,55.30,B6768-500G
CN(C)C1=CC=C(CNC(=O)COC2=CC(Cl)=CC(Cl)=C2)C=C1,CN(C)c1ccc(CNC(=O)[CH2:1][O:2]c2cc(Cl)cc(Cl)c2)cc1,[C:1]-[O:2],"[1, 2]","[1, 2]",CN(C)c1ccc(CNC(=O)[CH3:1])cc1,1,Clc1cc(Cl)cc([OH:2])c1,2,bromide,3,hydrogen,4,CN(C)c1ccc(CNC(=O)CBr)cc1,1339403-46-1,225,COMH042396A7-1G,Oc1cc(Cl)cc(Cl)c1,591-35-5,92.40,D70600-10G
CN(C)C1=CC=C(CNC(=O)COC2=CC(Cl)=CC(Cl)=C2)C=C1,CN(C)c1ccc(CNC(=O)[CH2:1][O:2]c2cc(Cl)cc(Cl)c2)cc1,[C:1]-[O:2],"[1, 2]","[1, 2]",CN(C)c1ccc(CNC(=O)[CH3:1])cc1,1,Clc1cc(Cl)cc([OH:2])c1,2,bromide,3,amine,4,CN(C)c1ccc(CNC(=O)CBr)cc1,1339403-46-1,225,COMH042396A7-1G,NOc1cc(Cl)cc(Cl)c1,99907-90-1,44,SY3H3D67BAEA-100MG
COC1=CC(O)=C2C(=O)C3=C(O)C=C(C)C=C3C(=O)C2=C1O,COc1cc(O)c2c([c:1]1[OH:2])C(=O)c1cc(C)cc(O)c1C2=O,[c:1]-[O:2],"[1, 2]","[1, 2]",COc1cc(O)c2c([cH:1]1)C(=O)c1cc(C)cc(O)c1C2=O,1,[OH2:2],2,hydrogen,3,hydrogen,4,COc1cc(O)c2c(c1)C(=O)c1cc(C)cc(O)c1C2=O,521-61-9,572.00,17797-100MG,O,7732-18-5,12.30,W3500-100ML
COC1=CC(O)=C2C(=O)C3=C(O)C=C(C)C=C3C(=O)C2=C1O,COc1cc(O)c2c([c:1]1[OH:2])C(=O)c1cc(C)cc(O)c1C2=O,[c:1]-[O:2],"[1, 2]","[1, 2]",COc1cc(O)c2c([cH:1]1)C(=O)c1cc(C)cc(O)c1C2=O,1,[OH2:2],2,hydrogen,3,alcohol,4,COc1cc(O)c2c(c1)C(=O)c1cc(C)cc(O)c1C2=O,521-61-9,572.00,17797-100MG,OO,7722-84-1,45.20,H1009-5ML
COC1=CC(O)=C2C(=O)C3=C(O)C=C(C)C=C3C(=O)C2=C1O,COc1cc(O)c2c([c:1]1[OH:2])C(=O)c1cc(C)cc(O)c1C2=O,[c:1]-[O:2],"[1, 2]","[1, 2]",COc1cc(O)c2c([cH:1]1)C(=O)c1cc(C)cc(O)c1C2=O,1,[OH2:2],2,hydrogen,3,amine,4,COc1cc(O)c2c(c1)C(=O)c1cc(C)cc(O)c1C2=O,521-61-9,572.00,17797-100MG,NO,7803-49-8,42.80,467804-10ML
COC1=CC(O)=C2C(=O)C3=C(O)C=C(C)C=C3C(=O)C2=C1O,COc1cc(O)c2c([c:1]1[OH:2])C(=O)c1cc(C)cc(O)c1C2=O,[c:1]-[O:2],"[1, 2]","[1, 2]",COc1cc(O)c2c([cH:1]1)C(=O)c1cc(C)cc(O)c1C2=O,1,[OH2:2],2,hydrogen,3,boronate,4,COc1cc(O)c2c(c1)C(=O)c1cc(C)cc(O)c1C2=O,521-61-9,572.00,17797-100MG,OB(O)O,10043-35-3,55.30,B6768-500G
CC(C)CCC(=O)OCC(=O)NCC1=CC=C(N(C)C)C=C1,CC(C)CCC(=O)[O:2][CH2:1]C(=O)NCc1ccc(N(C)C)cc1,[C:1]-[O:2],"[1, 2]","[1, 2]",CN(C)c1ccc(CNC(=O)[CH3:1])cc1,1,CC(C)CCC(=O)[OH:2],2,bromide,3,hydrogen,4,CN(C)c1ccc(CNC(=O)CBr)cc1,1339403-46-1,225,COMH042396A7-1G,CC(C)CCC(=O)O,646-07-1,183.00,W346306-250G-K
O=C(COC1=CC=CC=C1Br)N1CCN(C2=CC=CC=C2Cl)CC1,O=[C:1](COc1ccccc1Br)[N:2]1CCN(c2ccccc2Cl)CC1,[C:1]-[N:2],"[1, 2]","[1, 2]",O=[CH:1]COc1ccccc1Br,1,Clc1ccccc1N1CC[NH:2]CC1,2,chloride,3,hydrogen,4,O=C(Cl)COc1ccccc1Br,39784-10-6,181.25,COMH0423886E-500MG,Clc1ccccc1N1CCNCC1,39512-50-0,37.5,COM497516245-1G
CC(C)(C)C1=NN=CC2=CN=CC=C12,C[C:2](C)(C)[c:1]1nncc2cnccc21,[c:1]-[C:2],"[1, 2]","[1, 2]",c1cc2c(cn1)cnn[cH:1]2,1,C[CH:2](C)C,2,alcohol,3,hydrogen,4,Oc1nncc2cnccc12,25381-41-3,812.5,COM448654652-1G,CC(C)C,75-28-5,506.00,539821-170G
CC(C)(C)C1=NN=CC2=CN=CC=C12,C[C:2](C)(C)[c:1]1nncc2cnccc21,[c:1]-[C:2],"[1, 2]","[1, 2]",c1cc2c(cn1)cnn[cH:1]2,1,C[CH:2](C)C,2,alcohol,3,alcohol,4,Oc1nncc2cnccc12,25381-41-3,812.5,COM448654652-1G,CC(C)(C)O,75-65-0,64.00,471712-100ML
CC(C)(C)C1=NN=CC2=CN=CC=C12,C[C:2](C)(C)[c:1]1nncc2cnccc21,[c:1]-[C:2],"[1, 2]","[1, 2]",c1cc2c(cn1)cnn[cH:1]2,1,C[CH:2](C)C,2,alcohol,3,amine,4,Oc1nncc2cnccc12,25381-41-3,812.5,COM448654652-1G,CC(C)(C)N,75-64-9,18.10,B89205-5ML
CC(C)(C)C1=NN=CC2=CN=CC=C12,C[C:2](C)(C)[c:1]1nncc2cnccc21,[c:1]-[C:2],"[1, 2]","[1, 2]",c1cc2c(cn1)cnn[cH:1]2,1,C[CH:2](C)C,2,alcohol,3,acid,4,Oc1nncc2cnccc12,25381-41-3,812.5,COM448654652-1G,CC(C)(C)C(=O)O,75-98-9,21.10,T71803-5ML
CC(C)(C)C1=NN=CC2=CN=CC=C12,C[C:2](C)(C)[c:1]1nncc2cnccc21,[c:1]-[C:2],"[1, 2]","[1, 2]",c1cc2c(cn1)cnn[cH:1]2,1,C[CH:2](C)C,2,alcohol,3,chloride,4,Oc1nncc2cnccc12,25381-41-3,812.5,COM448654652-1G,CC(C)(C)Cl,507-20-0,27.10,C56352-25ML
CC(C)(C)C1=NN=CC2=CN=CC=C12,C[C:2](C)(C)[c:1]1nncc2cnccc21,[c:1]-[C:2],"[1, 2]","[1, 2]",c1cc2c(cn1)cnn[cH:1]2,1,C[CH:2](C)C,2,alcohol,3,bromide,4,Oc1nncc2cnccc12,25381-41-3,812.5,COM448654652-1G,CC(C)(C)Br,507-19-7,29.50,135615-5G
CC(C)(C)C1=NN=CC2=CN=CC=C12,C[C:2](C)(C)[c:1]1nncc2cnccc21,[c:1]-[C:2],"[1, 2]","[1, 2]",c1cc2c(cn1)cnn[cH:1]2,1,C[CH:2](C)C,2,alcohol,3,iodide,4,Oc1nncc2cnccc12,25381-41-3,812.5,COM448654652-1G,CC(C)(C)I,558-17-8,78.00,245798-25G
CC(C)(C)C1=NN=CC2=CN=CC=C12,C[C:2](C)(C)[c:1]1nncc2cnccc21,[c:1]-[C:2],"[1, 2]","[1, 2]",c1cc2c(cn1)cnn[cH:1]2,1,C[CH:2](C)C,2,chloride,3,hydrogen,4,Clc1nncc2cnccc12,162022-92-6,5937.5,COM638464364-5G,CC(C)C,75-28-5,506.00,539821-170G
CC(C)(C)C1=NN=CC2=CN=CC=C12,C[C:2](C)(C)[c:1]1nncc2cnccc21,[c:1]-[C:2],"[1, 2]","[1, 2]",c1cc2c(cn1)cnn[cH:1]2,1,C[CH:2](C)C,2,chloride,3,alcohol,4,Clc1nncc2cnccc12,162022-92-6,5937.5,COM638464364-5G,CC(C)(C)O,75-65-0,64.00,471712-100ML
CC(C)(C)C1=NN=CC2=CN=CC=C12,C[C:2](C)(C)[c:1]1nncc2cnccc21,[c:1]-[C:2],"[1, 2]","[1, 2]",c1cc2c(cn1)cnn[cH:1]2,1,C[CH:2](C)C,2,chloride,3,amine,4,Clc1nncc2cnccc12,162022-92-6,5937.5,COM638464364-5G,CC(C)(C)N,75-64-9,18.10,B89205-5ML
CC(C)(C)C1=NN=CC2=CN=CC=C12,C[C:2](C)(C)[c:1]1nncc2cnccc21,[c:1]-[C:2],"[1, 2]","[1, 2]",c1cc2c(cn1)cnn[cH:1]2,1,C[CH:2](C)C,2,chloride,3,acid,4,Clc1nncc2cnccc12,162022-92-6,5937.5,COM638464364-5G,CC(C)(C)C(=O)O,75-98-9,21.10,T71803-5ML
CC(C)(C)C1=NN=CC2=CN=CC=C12,C[C:2](C)(C)[c:1]1nncc2cnccc21,[c:1]-[C:2],"[1, 2]","[1, 2]",c1cc2c(cn1)cnn[cH:1]2,1,C[CH:2](C)C,2,chloride,3,chloride,4,Clc1nncc2cnccc12,162022-92-6,5937.5,COM638464364-5G,CC(C)(C)Cl,507-20-0,27.10,C56352-25ML
CC(C)(C)C1=NN=CC2=CN=CC=C12,C[C:2](C)(C)[c:1]1nncc2cnccc21,[c:1]-[C:2],"[1, 2]","[1, 2]",c1cc2c(cn1)cnn[cH:1]2,1,C[CH:2](C)C,2,chloride,3,bromide,4,Clc1nncc2cnccc12,162022-92-6,5937.5,COM638464364-5G,CC(C)(C)Br,507-19-7,29.50,135615-5G
CC(C)(C)C1=NN=CC2=CN=CC=C12,C[C:2](C)(C)[c:1]1nncc2cnccc21,[c:1]-[C:2],"[1, 2]","[1, 2]",c1cc2c(cn1)cnn[cH:1]2,1,C[CH:2](C)C,2,chloride,3,iodide,4,Clc1nncc2cnccc12,162022-92-6,5937.5,COM638464364-5G,CC(C)(C)I,558-17-8,78.00,245798-25G
CC1(C)CN(C2=CC=CC=C2N=O)C2=CC=CC=C21,CC1(C)C[N:2]([c:1]2ccccc2N=O)c2ccccc21,[c:1]-[N:2],"[1, 2]","[1, 2]",O=Nc1cccc[cH:1]1,1,CC1(C)C[NH:2]c2ccccc21,2,hydrogen,3,hydrogen,4,O=Nc1ccccc1,586-96-9,108.00,N24609-10G,CC1(C)CNc2ccccc21,1914-02-9,163.9,AMBH2D6F59B1-1G
CNC(=O)C1=CC=C(NC(=O)COC2=CC=CC=C2C(=O)OC)C=C1,CN[C:2](=O)[c:1]1ccc(NC(=O)COc2ccccc2C(=O)OC)cc1,[c:1]-[C:2],"[1, 2]","[1, 2]",COC(=O)c1ccccc1OCC(=O)Nc1cc[cH:1]cc1,1,CN[CH:2]=O,2,bromide,3,hydrogen,4,COC(=O)c1ccccc1OCC(=O)Nc1ccc(Br)cc1,949969-59-9,368.0,ADVH7F3828D1-500MG,CNC=O,123-39-7,28.70,473936-100ML
CNC(=O)C1=CC=C(NC(=O)COC2=CC=CC=C2C(=O)OC)C=C1,CN[C:2](=O)[c:1]1ccc(NC(=O)COc2ccccc2C(=O)OC)cc1,[c:1]-[C:2],"[1, 2]","[1, 2]",COC(=O)c1ccccc1OCC(=O)Nc1cc[cH:1]cc1,1,CN[CH:2]=O,2,bromide,3,amine,4,COC(=O)c1ccccc1OCC(=O)Nc1ccc(Br)cc1,949969-59-9,368.0,ADVH7F3828D1-500MG,CNC(N)=O,598-50-5,28.30,M86804-100G
CNC(=O)C1=CC=C(NC(=O)COC2=CC=CC=C2C(=O)OC)C=C1,CN[C:2](=O)[c:1]1ccc(NC(=O)COc2ccccc2C(=O)OC)cc1,[c:1]-[C:2],"[1, 2]","[1, 2]",COC(=O)c1ccccc1OCC(=O)Nc1cc[cH:1]cc1,1,CN[CH:2]=O,2,bromide,3,acid,4,COC(=O)c1ccccc1OCC(=O)Nc1ccc(Br)cc1,949969-59-9,368.0,ADVH7F3828D1-500MG,CNC(=O)C(=O)O,,55.10,CDS002989-250MG
CNC(=O)C1=CC=C(NC(=O)COC2=CC=CC=C2C(=O)OC)C=C1,CN[C:2](=O)[c:1]1ccc(NC(=O)COc2ccccc2C(=O)OC)cc1,[c:1]-[C:2],"[1, 2]","[1, 2]",COC(=O)c1ccccc1OCC(=O)Nc1cc[cH:1]cc1,1,CN[CH:2]=O,2,bromide,3,chloride,4,COC(=O)c1ccccc1OCC(=O)Nc1ccc(Br)cc1,949969-59-9,368.0,ADVH7F3828D1-500MG,CNC(=O)Cl,,85.80,CDS009330-100MG
CNC(=O)C1=CC=C(NC(=O)COC2=CC=CC=C2C(=O)OC)C=C1,CNC(=O)c1ccc(NC(=O)[CH2:1][O:2]c2ccccc2C(=O)OC)cc1,[C:1]-[O:2],"[1, 2]","[1, 2]",CNC(=O)c1ccc(NC(=O)[CH3:1])cc1,1,COC(=O)c1ccccc1[OH:2],2,chloride,3,hydrogen,4,CNC(=O)c1ccc(NC(=O)CCl)cc1,871217-90-2,114.0,MAT161068635-500MG,COC(=O)c1ccccc1O,119-36-8,29.30,M2047-100ML
CNC(=O)C1=CC=C(NC(=O)COC2=CC=CC=C2C(=O)OC)C=C1,CNC(=O)c1ccc(NC(=O)[CH2:1][O:2]c2ccccc2C(=O)OC)cc1,[C:1]-[O:2],"[1, 2]","[1, 2]",CNC(=O)c1ccc(NC(=O)[CH3:1])cc1,1,COC(=O)c1ccccc1[OH:2],2,bromide,3,hydrogen,4,CNC(=O)c1ccc(NC(=O)CBr)cc1,1138443-67-0,238.8,MAT188490776-500MG,COC(=O)c1ccccc1O,119-36-8,29.30,M2047-100ML
O=CC1C(=O)CC(C(=O)O)CC1=O,O=C(O)C1CC(=O)[CH:2]([CH:1]=O)C(=O)C1,[C:1]-[C:2],"[1, 2]","[1, 2]",O=[CH2:1],1,O=C(O)C1CC(=O)[CH2:2]C(=O)C1,2,hydrogen,3,hydrogen,4,C=O,50-00-0,28.90,252549-25ML,O=C1CC(=O)CC(C(=O)O)C1,42858-60-6,35.2,AMBH581768D8-250MG
O=CC1C(=O)CC(C(=O)O)CC1=O,O=C(O)C1CC(=O)[CH:2]([CH:1]=O)C(=O)C1,[C:1]-[C:2],"[1, 2]","[1, 2]",O=[CH2:1],1,O=C(O)C1CC(=O)[CH2:2]C(=O)C1,2,amine,3,hydrogen,4,NC=O,,133.00,612707-1EA,O=C1CC(=O)CC(C(=O)O)C1,42858-60-6,35.2,AMBH581768D8-250MG
O=CC1C(=O)CC(C(=O)O)CC1=O,O=C(O)C1CC(=O)[CH:2]([CH:1]=O)C(=O)C1,[C:1]-[C:2],"[1, 2]","[1, 2]",O=[CH2:1],1,O=C(O)C1CC(=O)[CH2:2]C(=O)C1,2,acid,3,hydrogen,4,O=CC(=O)O,298-12-4,37.80,260150-250G-A,O=C1CC(=O)CC(C(=O)O)C1,42858-60-6,35.2,AMBH581768D8-250MG
CCCN1N=NN=C1COC(=O)C1=CC([N+](=O)[O-])=CC=C1N(C)C,CCCn1nnnc1[CH2:1][O:2]C(=O)c1cc([N+](=O)[O-])ccc1N(C)C,[C:1]-[O:2],"[1, 2]","[1, 2]",CCCn1nnnc1[CH3:1],1,CN(C)c1ccc([N+](=O)[O-])cc1C(=O)[OH:2],2,chloride,3,hydrogen,4,CCCn1nnnc1CCl,848178-47-2,1300.95,ENA061488216-5G,CN(C)c1ccc([N+](=O)[O-])cc1C(=O)O,4405-28-1,404.25,ENA024295884-1G
O=C(O)C1=CC=CC2=CC(CO)=NN12,O=[C:2](O)[c:1]1cccc2cc(CO)nn21,[c:1]-[C:2],"[1, 2]","[1, 2]",OCc1cc2ccc[cH:1]n2n1,1,O=[CH:2]O,2,hydrogen,3,hydrogen,4,OCc1cc2ccccn2n1,76943-47-0,210.0,JWPH3249E009-100MG,O=CO,64-18-6,133.00,Y0001970
O=C(O)C1=CC=CC2=CC(CO)=NN12,O=[C:2](O)[c:1]1cccc2cc(CO)nn21,[c:1]-[C:2],"[1, 2]","[1, 2]",OCc1cc2ccc[cH:1]n2n1,1,O=[CH:2]O,2,hydrogen,3,acid,4,OCc1cc2ccccn2n1,76943-47-0,210.0,JWPH3249E009-100MG,O=C(O)C(=O)O,144-62-7,47.20,75688-50G
O=C(O)C1=CC=CC2=CC(CO)=NN12,O=C(O)c1cccc2c[c:1]([CH2:2]O)nn12,[c:1]-[C:2],"[1, 2]","[1, 2]",O=C(O)c1cccc2c[cH:1]nn12,1,O[CH3:2],2,hydrogen,3,hydrogen,4,O=C(O)c1cccc2ccnn12,474432-62-7,247.5,CH4312834643-250MG,CO,67-56-1,30.20,M3641-500ML
O=C(O)C1=CC=CC2=CC(CO)=NN12,O=C(O)c1cccc2c[c:1]([CH2:2]O)nn12,[c:1]-[C:2],"[1, 2]","[1, 2]",O=C(O)c1cccc2c[cH:1]nn12,1,O[CH3:2],2,hydrogen,3,acid,4,O=C(O)c1cccc2ccnn12,474432-62-7,247.5,CH4312834643-250MG,O=C(O)CO,79-14-1,27.00,G8284-10MG
CS(=O)(=O)NS(=O)(=O)C(F)F,C[S:2](=O)(=O)[NH:1]S(=O)(=O)C(F)F,[N:1]-[S:2],"[1, 2]","[1, 2]",O=S(=O)(C(F)F)[NH2:1],1,C[SH:2](=O)=O,2,hydrogen,3,amine,4,NS(=O)(=O)C(F)F,50585-74-5,336,ENA181911489-500MG,CS(N)(=O)=O,3144-09-0,46.80,64275-10G
CS(=O)(=O)NS(=O)(=O)C(F)F,C[S:2](=O)(=O)[NH:1]S(=O)(=O)C(F)F,[N:1]-[S:2],"[1, 2]","[1, 2]",O=S(=O)(C(F)F)[NH2:1],1,C[SH:2](=O)=O,2,hydrogen,3,chloride,4,NS(=O)(=O)C(F)F,50585-74-5,336,ENA181911489-500MG,CS(=O)(=O)Cl,124-63-0,53.00,64270-250ML
CS(=O)(=O)NS(=O)(=O)C(F)F,C[S:2](=O)(=O)[NH:1]S(=O)(=O)C(F)F,[N:1]-[S:2],"[1, 2]","[1, 2]",O=S(=O)(C(F)F)[NH2:1],1,C[SH:2](=O)=O,2,hydrogen,3,bromide,4,NS(=O)(=O)C(F)F,50585-74-5,336,ENA181911489-500MG,CS(=O)(=O)Br,41138-92-5,140.00,04825-5ML-F
CS(=O)(=O)NS(=O)(=O)C(F)F,CS(=O)(=O)[NH:1][S:2](=O)(=O)C(F)F,[N:1]-[S:2],"[1, 2]","[1, 2]",CS(=O)(=O)[NH2:1],1,O=[SH:2](=O)C(F)F,2,hydrogen,3,amine,4,CS(N)(=O)=O,3144-09-0,46.80,64275-10G,NS(=O)(=O)C(F)F,50585-74-5,336,ENA181911489-500MG
CS(=O)(=O)NS(=O)(=O)C(F)F,CS(=O)(=O)[NH:1][S:2](=O)(=O)C(F)F,[N:1]-[S:2],"[1, 2]","[1, 2]",CS(=O)(=O)[NH2:1],1,O=[SH:2](=O)C(F)F,2,hydrogen,3,chloride,4,CS(N)(=O)=O,3144-09-0,46.80,64275-10G,O=S(=O)(Cl)C(F)F,1512-30-7,131.25,COM448679657-1G
CS(=O)(=O)NS(=O)(=O)C(F)F,CS(=O)(=O)[NH:1][S:2](=O)(=O)C(F)F,[N:1]-[S:2],"[1, 2]","[1, 2]",CS(=O)(=O)[NH2:1],1,O=[SH:2](=O)C(F)F,2,amine,3,amine,4,CS(=O)(=O)NN,10393-86-9,648.9,ENA371463847-5G,NS(=O)(=O)C(F)F,50585-74-5,336,ENA181911489-500MG
CS(=O)(=O)NS(=O)(=O)C(F)F,CS(=O)(=O)[NH:1][S:2](=O)(=O)C(F)F,[N:1]-[S:2],"[1, 2]","[1, 2]",CS(=O)(=O)[NH2:1],1,O=[SH:2](=O)C(F)F,2,amine,3,chloride,4,CS(=O)(=O)NN,10393-86-9,648.9,ENA371463847-5G,O=S(=O)(Cl)C(F)F,1512-30-7,131.25,COM448679657-1G
COC(=O)[C@H](CC(C)C)NC(=O)COC(=O)C1=CC([N+](=O)[O-])=CC=C1N(C)C,COC(=O)[C@H](CC(C)C)NC(=O)[CH2:1][O:2]C(=O)c1cc([N+](=O)[O-])ccc1N(C)C,[C:1]-[O:2],"[1, 2]","[1, 2]",COC(=O)[C@H](CC(C)C)NC(=O)[CH3:1],1,CN(C)c1ccc([N+](=O)[O-])cc1C(=O)[OH:2],2,hydrogen,3,hydrogen,4,COC(=O)[C@H](CC(C)C)NC(C)=O,1492-11-1,647.5,CH6371377757-100G,CN(C)c1ccc([N+](=O)[O-])cc1C(=O)O,4405-28-1,404.25,ENA024295884-1G
CCC(C)(CC)CC(C)OC(=O)C(C)C,CC[C:1](C)(CC)[CH2:2]C(C)OC(=O)C(C)C,[C:1]-[C:2],"[1, 2]","[1, 2]",CC[CH:1](C)CC,1,CC(C)C(=O)OC(C)[CH3:2],2,hydrogen,3,hydrogen,4,CCC(C)CC,96-14-0,21.30,M66005-5ML,CC(C)OC(=O)C(C)C,617-50-5,68.75,COMH93D67CAC-25G
CCC(C)(CC)CC(C)OC(=O)C(C)C,CC[C:1](C)(CC)[CH2:2]C(C)OC(=O)C(C)C,[C:1]-[C:2],"[1, 2]","[1, 2]",CC[CH:1](C)CC,1,CC(C)C(=O)OC(C)[CH3:2],2,alcohol,3,hydrogen,4,CCC(C)(O)CC,77-74-7,288.00,M66900-250ML,CC(C)OC(=O)C(C)C,617-50-5,68.75,COMH93D67CAC-25G
CCC(C)(CC)CC(C)OC(=O)C(C)C,CC[C:1](C)(CC)[CH2:2]C(C)OC(=O)C(C)C,[C:1]-[C:2],"[1, 2]","[1, 2]",CC[CH:1](C)CC,1,CC(C)C(=O)OC(C)[CH3:2],2,amine,3,hydrogen,4,CCC(C)(N)CC,3495-46-3,219.45,ENA413167585-500MG,CC(C)OC(=O)C(C)C,617-50-5,68.75,COMH93D67CAC-25G
CCC(C)(CC)CC(C)OC(=O)C(C)C,CC[C:1](C)(CC)[CH2:2]C(C)OC(=O)C(C)C,[C:1]-[C:2],"[1, 2]","[1, 2]",CC[CH:1](C)CC,1,CC(C)C(=O)OC(C)[CH3:2],2,acid,3,hydrogen,4,CCC(C)(CC)C(=O)O,19889-37-3,2189.25,ENA410544100-10G,CC(C)OC(=O)C(C)C,617-50-5,68.75,COMH93D67CAC-25G
CCC(C)(CC)CC(C)OC(=O)C(C)C,CC[C:1](C)(CC)[CH2:2]C(C)OC(=O)C(C)C,[C:1]-[C:2],"[1, 2]","[1, 2]",CC[CH:1](C)CC,1,CC(C)C(=O)OC(C)[CH3:2],2,chloride,3,hydrogen,4,CCC(C)(Cl)CC,918-84-3,151.00,304255-25G,CC(C)OC(=O)C(C)C,617-50-5,68.75,COMH93D67CAC-25G
CCC(C)(CC)CC(C)OC(=O)C(C)C,CC[C:1](C)(CC)[CH2:2]C(C)OC(=O)C(C)C,[C:1]-[C:2],"[1, 2]","[1, 2]",CC[CH:1](C)CC,1,CC(C)C(=O)OC(C)[CH3:2],2,bromide,3,hydrogen,4,CCC(C)(Br)CC,25346-31-0,180.6,ENA638586907-250MG,CC(C)OC(=O)C(C)C,617-50-5,68.75,COMH93D67CAC-25G
CCC(C)(CC)CC(C)OC(=O)C(C)C,CCC(C)(CC)[CH2:1][CH:2](C)OC(=O)C(C)C,[C:1]-[C:2],"[1, 2]","[1, 2]",CCC(C)(CC)[CH3:1],1,CC(C)C(=O)O[CH2:2]C,2,hydrogen,3,hydrogen,4,CCC(C)(C)CC,562-49-2,42.00,118451-1G,CCOC(=O)C(C)C,97-62-1,23.80,246085-100ML
CCC(C)(CC)CC(C)OC(=O)C(C)C,CCC(C)(CC)[CH2:1][CH:2](C)OC(=O)C(C)C,[C:1]-[C:2],"[1, 2]","[1, 2]",CCC(C)(CC)[CH3:1],1,CC(C)C(=O)O[CH2:2]C,2,hydrogen,3,chloride,4,CCC(C)(C)CC,562-49-2,42.00,118451-1G,CC(Cl)OC(=O)C(C)C,84674-32-8,884.1,ENA424045266-1G
CN(C)C1=CC=C([N+](=O)[O-])C=C1C(=O)OCC1=CC=CC=C1C#N,CN(C)c1ccc([N+](=O)[O-])cc1[C:1](=O)[O:2]Cc1ccccc1C#N,[C:1]-[O:2],"[1, 2]","[1, 2]",CN(C)c1ccc([N+](=O)[O-])cc1[CH:1]=O,1,N#Cc1ccccc1C[OH:2],2,hydrogen,3,hydrogen,4,CN(C)c1ccc([N+](=O)[O-])cc1C=O,34601-40-6,882,KEY151861601-25G,N#Cc1ccccc1CO,89942-45-0,55.0,SY3H315B1133-1G
CN(C)C1=CC=C([N+](=O)[O-])C=C1C(=O)OCC1=CC=CC=C1C#N,CN(C)c1ccc([N+](=O)[O-])cc1C(=O)[O:2][CH2:1]c1ccccc1C#N,[C:1]-[O:2],"[1, 2]","[1, 2]",N#Cc1ccccc1[CH3:1],1,CN(C)c1ccc([N+](=O)[O-])cc1C(=O)[OH:2],2,hydrogen,3,hydrogen,4,Cc1ccccc1C#N,529-19-1,98.50,89660-250ML,CN(C)c1ccc([N+](=O)[O-])cc1C(=O)O,4405-28-1,404.25,ENA024295884-1G
CN(C)C1=CC=C([N+](=O)[O-])C=C1C(=O)OCC1=CC=CC=C1C#N,CN(C)c1ccc([N+](=O)[O-])cc1C(=O)[O:2][CH2:1]c1ccccc1C#N,[C:1]-[O:2],"[1, 2]","[1, 2]",N#Cc1ccccc1[CH3:1],1,CN(C)c1ccc([N+](=O)[O-])cc1C(=O)[OH:2],2,alcohol,3,hydrogen,4,N#Cc1ccccc1CO,89942-45-0,55,SY3H315B1133-1G,CN(C)c1ccc([N+](=O)[O-])cc1C(=O)O,4405-28-1,404.25,ENA024295884-1G
CN(C)C1=CC=C([N+](=O)[O-])C=C1C(=O)OCC1=CC=CC=C1C#N,CN(C)c1ccc([N+](=O)[O-])cc1C(=O)[O:2][CH2:1]c1ccccc1C#N,[C:1]-[O:2],"[1, 2]","[1, 2]",N#Cc1ccccc1[CH3:1],1,CN(C)c1ccc([N+](=O)[O-])cc1C(=O)[OH:2],2,acid,3,hydrogen,4,N#Cc1ccccc1CC(=O)O,,135.00,CDS011719-100MG,CN(C)c1ccc([N+](=O)[O-])cc1C(=O)O,4405-28-1,404.25,ENA024295884-1G
CN(C)C1=CC=C([N+](=O)[O-])C=C1C(=O)OCC1=CC=CC=C1C#N,CN(C)c1ccc([N+](=O)[O-])cc1C(=O)[O:2][CH2:1]c1ccccc1C#N,[C:1]-[O:2],"[1, 2]","[1, 2]",N#Cc1ccccc1[CH3:1],1,CN(C)c1ccc([N+](=O)[O-])cc1C(=O)[OH:2],2,chloride,3,hydrogen,4,N#Cc1ccccc1CCl,612-13-5,13.2,AMBH2D6FA5F9-25G,CN(C)c1ccc([N+](=O)[O-])cc1C(=O)O,4405-28-1,404.25,ENA024295884-1G
CN(C)C1=CC=C([N+](=O)[O-])C=C1C(=O)OCC1=CC=CC=C1C#N,CN(C)c1ccc([N+](=O)[O-])cc1C(=O)[O:2][CH2:1]c1ccccc1C#N,[C:1]-[O:2],"[1, 2]","[1, 2]",N#Cc1ccccc1[CH3:1],1,CN(C)c1ccc([N+](=O)[O-])cc1C(=O)[OH:2],2,bromide,3,hydrogen,4,N#Cc1ccccc1CBr,22115-41-9,43.60,144711-5G,CN(C)c1ccc([N+](=O)[O-])cc1C(=O)O,4405-28-1,404.25,ENA024295884-1G
CN(C)C1=CC=C([N+](=O)[O-])C=C1C(=O)OCC1=CC=CC=C1C#N,CN(C)c1ccc([N+](=O)[O-])cc1C(=O)[O:2][CH2:1]c1ccccc1C#N,[C:1]-[O:2],"[1, 2]","[1, 2]",N#Cc1ccccc1[CH3:1],1,CN(C)c1ccc([N+](=O)[O-])cc1C(=O)[OH:2],2,iodide,3,hydrogen,4,N#Cc1ccccc1CI,871892-23-8,448.35,ENA423209808-1G,CN(C)c1ccc([N+](=O)[O-])cc1C(=O)O,4405-28-1,404.25,ENA024295884-1G
CC1=C(F)C=C(S)C=C1F,Fc1cc(S)cc(F)[c:1]1[CH3:2],[c:1]-[C:2],"[1, 2]","[1, 2]",Fc1cc(S)cc(F)[cH:1]1,1,[CH4:2],2,hydrogen,3,hydrogen,4,Fc1cc(F)cc(S)c1,,55.10,CDS003868-250MG,C,74-82-8,1610.00,463035-24L
CC1=C(F)C=C(S)C=C1F,Fc1cc(S)cc(F)[c:1]1[CH3:2],[c:1]-[C:2],"[1, 2]","[1, 2]",Fc1cc(S)cc(F)[cH:1]1,1,[CH4:2],2,hydrogen,3,alcohol,4,Fc1cc(F)cc(S)c1,,55.10,CDS003868-250MG,CO,67-56-1,30.20,M3641-500ML
CC1=C(F)C=C(S)C=C1F,Fc1cc(S)cc(F)[c:1]1[CH3:2],[c:1]-[C:2],"[1, 2]","[1, 2]",Fc1cc(S)cc(F)[cH:1]1,1,[CH4:2],2,hydrogen,3,amine,4,Fc1cc(F)cc(S)c1,,55.10,CDS003868-250MG,CN,74-89-5,40.10,534102-250ML
CC1=C(F)C=C(S)C=C1F,Fc1cc(S)cc(F)[c:1]1[CH3:2],[c:1]-[C:2],"[1, 2]","[1, 2]",Fc1cc(S)cc(F)[cH:1]1,1,[CH4:2],2,hydrogen,3,acid,4,Fc1cc(F)cc(S)c1,,55.10,CDS003868-250MG,CC(=O)O,64-19-7,67.00,W200611-1KG-K
CC1=C(F)C=C(S)C=C1F,Fc1cc(S)cc(F)[c:1]1[CH3:2],[c:1]-[C:2],"[1, 2]","[1, 2]",Fc1cc(S)cc(F)[cH:1]1,1,[CH4:2],2,hydrogen,3,chloride,4,Fc1cc(F)cc(S)c1,,55.10,CDS003868-250MG,CCl,74-87-3,252.00,294799-200ML
CC1=C(F)C=C(S)C=C1F,Fc1cc(S)cc(F)[c:1]1[CH3:2],[c:1]-[C:2],"[1, 2]","[1, 2]",Fc1cc(S)cc(F)[cH:1]1,1,[CH4:2],2,hydrogen,3,bromide,4,Fc1cc(F)cc(S)c1,,55.10,CDS003868-250MG,CBr,74-83-9,24.10,48624
CC1=C(F)C=C(S)C=C1F,Fc1cc(S)cc(F)[c:1]1[CH3:2],[c:1]-[C:2],"[1, 2]","[1, 2]",Fc1cc(S)cc(F)[cH:1]1,1,[CH4:2],2,hydrogen,3,iodide,4,Fc1cc(F)cc(S)c1,,55.10,CDS003868-250MG,CI,74-88-4,112.00,456756-100ML
CC1=C(F)C=C(S)C=C1F,Fc1cc(S)cc(F)[c:1]1[CH3:2],[c:1]-[C:2],"[1, 2]","[1, 2]",Fc1cc(S)cc(F)[cH:1]1,1,[CH4:2],2,hydrogen,3,boronate,4,Fc1cc(F)cc(S)c1,,55.10,CDS003868-250MG,CB(O)O,13061-96-6,43.80,165336-1G
CC1=C(F)C=C(S)C=C1F,Cc1c(F)c[c:1]([SH:2])cc1F,[c:1]-[S:2],"[1, 2]","[1, 2]",Cc1c(F)c[cH:1]cc1F,1,[SH2:2],2,hydrogen,3,hydrogen,4,Cc1c(F)cccc1F,443-84-5,78.60,347299-5G,S,7783-06-4,477.00,295442-227G
CC1=C(F)C=C(S)C=C1F,Cc1c(F)c[c:1]([SH:2])cc1F,[c:1]-[S:2],"[1, 2]","[1, 2]",Cc1c(F)c[cH:1]cc1F,1,[SH2:2],2,alcohol,3,hydrogen,4,Cc1c(F)cc(O)cc1F,2985-61-7,651.2,AOBH3CD9F259-1G,S,7783-06-4,477.00,295442-227G
CC1=C(F)C=C(S)C=C1F,Cc1c(F)c[c:1]([SH:2])cc1F,[c:1]-[S:2],"[1, 2]","[1, 2]",Cc1c(F)c[cH:1]cc1F,1,[SH2:2],2,amine,3,hydrogen,4,Cc1c(F)cc(N)cc1F,878285-13-3,468.75,COM448661189-5G,S,7783-06-4,477.00,295442-227G
CC1=C(F)C=C(S)C=C1F,Cc1c(F)c[c:1]([SH:2])cc1F,[c:1]-[S:2],"[1, 2]","[1, 2]",Cc1c(F)c[cH:1]cc1F,1,[SH2:2],2,acid,3,hydrogen,4,Cc1c(F)cc(C(=O)O)cc1F,103877-76-5,69.3,AOB640097454-1G,S,7783-06-4,477.00,295442-227G
CC1=C(F)C=C(S)C=C1F,Cc1c(F)c[c:1]([SH:2])cc1F,[c:1]-[S:2],"[1, 2]","[1, 2]",Cc1c(F)c[cH:1]cc1F,1,[SH2:2],2,bromide,3,hydrogen,4,Cc1c(F)cc(Br)cc1F,179617-08-4,136.4,AOB640097449-10G,S,7783-06-4,477.00,295442-227G
CC1=C(F)C=C(S)C=C1F,Cc1c(F)c[c:1]([SH:2])cc1F,[c:1]-[S:2],"[1, 2]","[1, 2]",Cc1c(F)c[cH:1]cc1F,1,[SH2:2],2,iodide,3,hydrogen,4,Cc1c(F)cc(I)cc1F,,55.10,CDS021213-50MG,S,7783-06-4,477.00,295442-227G
CC1=C(F)C=C(S)C=C1F,Cc1c(F)c[c:1]([SH:2])cc1F,[c:1]-[S:2],"[1, 2]","[1, 2]",Cc1c(F)c[cH:1]cc1F,1,[SH2:2],2,boronate,3,hydrogen,4,Cc1c(F)cc(B(O)O)cc1F,1621332-09-9,1035.1,AOB640097450-5G,S,7783-06-4,477.00,295442-227G
CC1COCC(CN)N1C,CN1C(CN)COC[CH:2]1[CH3:1],[C:1]-[C:2],"[1, 2]","[1, 2]",[CH4:1],1,CN1C(CN)COC[CH2:2]1,2,hydrogen,3,hydrogen,4,C,74-82-8,1610.00,463035-24L,CN1CCOCC1CN,68431-71-0,203.7,ENA517163054-250MG
CC1COCC(CN)N1C,CN1C(CN)COC[CH:2]1[CH3:1],[C:1]-[C:2],"[1, 2]","[1, 2]",[CH4:1],1,CN1C(CN)COC[CH2:2]1,2,alcohol,3,hydrogen,4,CO,67-56-1,30.20,M3641-500ML,CN1CCOCC1CN,68431-71-0,203.7,ENA517163054-250MG
CC1COCC(CN)N1C,CN1C(CN)COC[CH:2]1[CH3:1],[C:1]-[C:2],"[1, 2]","[1, 2]",[CH4:1],1,CN1C(CN)COC[CH2:2]1,2,amine,3,hydrogen,4,CN,74-89-5,40.10,534102-250ML,CN1CCOCC1CN,68431-71-0,203.7,ENA517163054-250MG
CC1COCC(CN)N1C,CN1C(CN)COC[CH:2]1[CH3:1],[C:1]-[C:2],"[1, 2]","[1, 2]",[CH4:1],1,CN1C(CN)COC[CH2:2]1,2,acid,3,hydrogen,4,CC(=O)O,64-19-7,67.00,W200611-1KG-K,CN1CCOCC1CN,68431-71-0,203.7,ENA517163054-250MG
CC1COCC(CN)N1C,CN1C(CN)COC[CH:2]1[CH3:1],[C:1]-[C:2],"[1, 2]","[1, 2]",[CH4:1],1,CN1C(CN)COC[CH2:2]1,2,chloride,3,hydrogen,4,CCl,74-87-3,252.00,294799-200ML,CN1CCOCC1CN,68431-71-0,203.7,ENA517163054-250MG
CC1COCC(CN)N1C,CN1C(CN)COC[CH:2]1[CH3:1],[C:1]-[C:2],"[1, 2]","[1, 2]",[CH4:1],1,CN1C(CN)COC[CH2:2]1,2,bromide,3,hydrogen,4,CBr,74-83-9,24.10,48624,CN1CCOCC1CN,68431-71-0,203.7,ENA517163054-250MG
CC1COCC(CN)N1C,CN1C(CN)COC[CH:2]1[CH3:1],[C:1]-[C:2],"[1, 2]","[1, 2]",[CH4:1],1,CN1C(CN)COC[CH2:2]1,2,iodide,3,hydrogen,4,CI,74-88-4,112.00,456756-100ML,CN1CCOCC1CN,68431-71-0,203.7,ENA517163054-250MG
CC1COCC(CN)N1C,CN1C(CN)COC[CH:2]1[CH3:1],[C:1]-[C:2],"[1, 2]","[1, 2]",[CH4:1],1,CN1C(CN)COC[CH2:2]1,2,boronate,3,hydrogen,4,CB(O)O,13061-96-6,43.80,165336-1G,CN1CCOCC1CN,68431-71-0,203.7,ENA517163054-250MG
CC(=O)C1=CC=C(OCC(=O)N[C@H](C)C2CC2)C=C1,CC(=O)c1ccc(OCC(=O)N[C@@H:1](C2CC2)[CH3:2])cc1,[C:1]-[C:2],"[1, 2]","[1, 2]",CC(=O)c1ccc(OCC(=O)N[CH2:1]C2CC2)cc1,1,[CH4:2],2,hydrogen,3,hydrogen,4,CC(=O)c1ccc(OCC(=O)NCC2CC2)cc1,1016830-57-1,1500,COMH4211AEFB-1G,C,74-82-8,1610.00,463035-24L
CC(=O)C1=CC=C(OCC(=O)N[C@H](C)C2CC2)C=C1,CC(=O)c1ccc(OCC(=O)N[C@@H:1](C2CC2)[CH3:2])cc1,[C:1]-[C:2],"[1, 2]","[1, 2]",CC(=O)c1ccc(OCC(=O)N[CH2:1]C2CC2)cc1,1,[CH4:2],2,hydrogen,3,alcohol,4,CC(=O)c1ccc(OCC(=O)NCC2CC2)cc1,1016830-57-1,1500,COMH4211AEFB-1G,CO,67-56-1,30.20,M3641-500ML
CC(=O)C1=CC=C(OCC(=O)N[C@H](C)C2CC2)C=C1,CC(=O)c1ccc(OCC(=O)N[C@@H:1](C2CC2)[CH3:2])cc1,[C:1]-[C:2],"[1, 2]","[1, 2]",CC(=O)c1ccc(OCC(=O)N[CH2:1]C2CC2)cc1,1,[CH4:2],2,hydrogen,3,amine,4,CC(=O)c1ccc(OCC(=O)NCC2CC2)cc1,1016830-57-1,1500,COMH4211AEFB-1G,CN,74-89-5,40.10,534102-250ML
CC(=O)C1=CC=C(OCC(=O)N[C@H](C)C2CC2)C=C1,CC(=O)c1ccc(OCC(=O)N[C@@H:1](C2CC2)[CH3:2])cc1,[C:1]-[C:2],"[1, 2]","[1, 2]",CC(=O)c1ccc(OCC(=O)N[CH2:1]C2CC2)cc1,1,[CH4:2],2,hydrogen,3,acid,4,CC(=O)c1ccc(OCC(=O)NCC2CC2)cc1,1016830-57-1,1500,COMH4211AEFB-1G,CC(=O)O,64-19-7,67.00,W200611-1KG-K
CC(=O)C1=CC=C(OCC(=O)N[C@H](C)C2CC2)C=C1,CC(=O)c1ccc(OCC(=O)N[C@@H:1](C2CC2)[CH3:2])cc1,[C:1]-[C:2],"[1, 2]","[1, 2]",CC(=O)c1ccc(OCC(=O)N[CH2:1]C2CC2)cc1,1,[CH4:2],2,hydrogen,3,chloride,4,CC(=O)c1ccc(OCC(=O)NCC2CC2)cc1,1016830-57-1,1500,COMH4211AEFB-1G,CCl,74-87-3,252.00,294799-200ML
CC(=O)C1=CC=C(OCC(=O)N[C@H](C)C2CC2)C=C1,CC(=O)c1ccc(OCC(=O)N[C@@H:1](C2CC2)[CH3:2])cc1,[C:1]-[C:2],"[1, 2]","[1, 2]",CC(=O)c1ccc(OCC(=O)N[CH2:1]C2CC2)cc1,1,[CH4:2],2,hydrogen,3,bromide,4,CC(=O)c1ccc(OCC(=O)NCC2CC2)cc1,1016830-57-1,1500,COMH4211AEFB-1G,CBr,74-83-9,24.10,48624
CC(=O)C1=CC=C(OCC(=O)N[C@H](C)C2CC2)C=C1,CC(=O)c1ccc(OCC(=O)N[C@@H:1](C2CC2)[CH3:2])cc1,[C:1]-[C:2],"[1, 2]","[1, 2]",CC(=O)c1ccc(OCC(=O)N[CH2:1]C2CC2)cc1,1,[CH4:2],2,hydrogen,3,iodide,4,CC(=O)c1ccc(OCC(=O)NCC2CC2)cc1,1016830-57-1,1500,COMH4211AEFB-1G,CI,74-88-4,112.00,456756-100ML
CC(=O)C1=CC=C(OCC(=O)N[C@H](C)C2CC2)C=C1,CC(=O)c1ccc(OCC(=O)N[C@@H:1](C2CC2)[CH3:2])cc1,[C:1]-[C:2],"[1, 2]","[1, 2]",CC(=O)c1ccc(OCC(=O)N[CH2:1]C2CC2)cc1,1,[CH4:2],2,hydrogen,3,boronate,4,CC(=O)c1ccc(OCC(=O)NCC2CC2)cc1,1016830-57-1,1500,COMH4211AEFB-1G,CB(O)O,13061-96-6,43.80,165336-1G
CC(=O)C1=CC=C(OCC(=O)N[C@H](C)C2CC2)C=C1,CC(=O)c1ccc(OC[C:1](=O)[NH:2][C@H](C)C2CC2)cc1,[C:1]-[N:2],"[1, 2]","[1, 2]",CC(=O)c1ccc(OC[CH:1]=O)cc1,1,C[C@H](C1CC1)[NH2:2],2,amine,3,hydrogen,4,CC(=O)c1ccc(OCC(N)=O)cc1,42017-88-9,225.5,CH4017936708-5G,C[C@@H](N)C1CC1,,55.10,CDS000831-100MG
CC(=O)C1=CC=C(OCC(=O)N[C@H](C)C2CC2)C=C1,CC(=O)c1ccc(OCC(=O)[NH:2][C@H:1](C)C2CC2)cc1,[C:1]-[N:2],"[1, 2]","[1, 2]",C[CH2:1]C1CC1,1,CC(=O)c1ccc(OCC(=O)[NH2:2])cc1,2,alcohol,3,hydrogen,4,CC(O)C1CC1,765-42-4,133.00,C119903-25G,CC(=O)c1ccc(OCC(N)=O)cc1,42017-88-9,225.5,CH4017936708-5G
CC(=O)C1=CC=C(OCC(=O)N[C@H](C)C2CC2)C=C1,CC(=O)c1ccc(OCC(=O)[NH:2][C@H:1](C)C2CC2)cc1,[C:1]-[N:2],"[1, 2]","[1, 2]",C[CH2:1]C1CC1,1,CC(=O)c1ccc(OCC(=O)[NH2:2])cc1,2,amine,3,hydrogen,4,CC(N)C1CC1,,55.10,CDS018130-10MG,CC(=O)c1ccc(OCC(N)=O)cc1,42017-88-9,225.5,CH4017936708-5G
CC(=O)C1=CC=C(OCC(=O)N[C@H](C)C2CC2)C=C1,CC(=O)c1ccc(OCC(=O)[NH:2][C@H:1](C)C2CC2)cc1,[C:1]-[N:2],"[1, 2]","[1, 2]",C[CH2:1]C1CC1,1,CC(=O)c1ccc(OCC(=O)[NH2:2])cc1,2,acid,3,hydrogen,4,CC(C(=O)O)C1CC1,98485-33-7,2060.1,ENA360887250-10G,CC(=O)c1ccc(OCC(N)=O)cc1,42017-88-9,225.5,CH4017936708-5G
CC(=O)C1=CC=C(OCC(=O)N[C@H](C)C2CC2)C=C1,CC(=O)c1ccc(OCC(=O)[NH:2][C@H:1](C)C2CC2)cc1,[C:1]-[N:2],"[1, 2]","[1, 2]",C[CH2:1]C1CC1,1,CC(=O)c1ccc(OCC(=O)[NH2:2])cc1,2,chloride,3,hydrogen,4,CC(Cl)C1CC1,10524-06-8,165.9,ENA360887234-100MG,CC(=O)c1ccc(OCC(N)=O)cc1,42017-88-9,225.5,CH4017936708-5G
CC1=CC=C(Cl)C(F)=C1C(C)C,Cc1ccc(Cl)c(F)[c:1]1[CH:2](C)C,[c:1]-[C:2],"[1, 2]","[1, 2]",Cc1ccc(Cl)c(F)[cH:1]1,1,C[CH2:2]C,2,hydrogen,3,hydrogen,4,Cc1ccc(Cl)c(F)c1,5527-94-6,117.7,AMBH303C6A03-25G,CCC,74-98-6,360.00,536172-145G
CC1=CC=C(Cl)C(F)=C1C(C)C,Cc1ccc(Cl)c(F)[c:1]1[CH:2](C)C,[c:1]-[C:2],"[1, 2]","[1, 2]",Cc1ccc(Cl)c(F)[cH:1]1,1,C[CH2:2]C,2,hydrogen,3,alcohol,4,Cc1ccc(Cl)c(F)c1,5527-94-6,117.7,AMBH303C6A03-25G,CC(C)O,67-63-0,366.00,1570428-3AMP
CC1=CC=C(Cl)C(F)=C1C(C)C,Cc1ccc(Cl)c(F)[c:1]1[CH:2](C)C,[c:1]-[C:2],"[1, 2]","[1, 2]",Cc1ccc(Cl)c(F)[cH:1]1,1,C[CH2:2]C,2,hydrogen,3,amine,4,Cc1ccc(Cl)c(F)c1,5527-94-6,117.7,AMBH303C6A03-25G,CC(C)N,75-31-0,20.50,471291-25ML
CC1=CC=C(Cl)C(F)=C1C(C)C,Cc1ccc(Cl)c(F)[c:1]1[CH:2](C)C,[c:1]-[C:2],"[1, 2]","[1, 2]",Cc1ccc(Cl)c(F)[cH:1]1,1,C[CH2:2]C,2,hydrogen,3,acid,4,Cc1ccc(Cl)c(F)c1,5527-94-6,117.7,AMBH303C6A03-25G,CC(C)C(=O)O,79-31-2,34.80,I1754-100ML
CC1=CC=C(Cl)C(F)=C1C(C)C,Cc1ccc(Cl)c(F)[c:1]1[CH:2](C)C,[c:1]-[C:2],"[1, 2]","[1, 2]",Cc1ccc(Cl)c(F)[cH:1]1,1,C[CH2:2]C,2,hydrogen,3,chloride,4,Cc1ccc(Cl)c(F)c1,5527-94-6,117.7,AMBH303C6A03-25G,CC(C)Cl,75-29-6,31.10,240613-100ML
CC1=CC=C(Cl)C(F)=C1C(C)C,Cc1ccc(Cl)c(F)[c:1]1[CH:2](C)C,[c:1]-[C:2],"[1, 2]","[1, 2]",Cc1ccc(Cl)c(F)[cH:1]1,1,C[CH2:2]C,2,hydrogen,3,bromide,4,Cc1ccc(Cl)c(F)c1,5527-94-6,117.7,AMBH303C6A03-25G,CC(C)Br,75-26-3,23.10,B78114-100G
CC1=CC=C(Cl)C(F)=C1C(C)C,Cc1ccc(Cl)c(F)[c:1]1[CH:2](C)C,[c:1]-[C:2],"[1, 2]","[1, 2]",Cc1ccc(Cl)c(F)[cH:1]1,1,C[CH2:2]C,2,hydrogen,3,iodide,4,Cc1ccc(Cl)c(F)c1,5527-94-6,117.7,AMBH303C6A03-25G,CC(C)I,75-30-9,26.10,148938-5G
CC1=CC=C(Cl)C(F)=C1C(C)C,Cc1ccc(Cl)c(F)[c:1]1[CH:2](C)C,[c:1]-[C:2],"[1, 2]","[1, 2]",Cc1ccc(Cl)c(F)[cH:1]1,1,C[CH2:2]C,2,hydrogen,3,boronate,4,Cc1ccc(Cl)c(F)c1,5527-94-6,117.7,AMBH303C6A03-25G,CC(C)B(O)O,80041-89-0,44.70,648787-1G
CC1=CC=C(Cl)C(F)=C1C(C)C,Cc1ccc(Cl)c(F)[c:1]1[CH:2](C)C,[c:1]-[C:2],"[1, 2]","[1, 2]",Cc1ccc(Cl)c(F)[cH:1]1,1,C[CH2:2]C,2,bromide,3,hydrogen,4,Cc1ccc(Cl)c(F)c1Br,1782385-65-2,1500.0,COM490023553-5G,CCC,74-98-6,360.00,536172-145G
CC1=CC=C(Cl)C(F)=C1C(C)C,Cc1ccc(Cl)c(F)[c:1]1[CH:2](C)C,[c:1]-[C:2],"[1, 2]","[1, 2]",Cc1ccc(Cl)c(F)[cH:1]1,1,C[CH2:2]C,2,bromide,3,alcohol,4,Cc1ccc(Cl)c(F)c1Br,1782385-65-2,1500.0,COM490023553-5G,CC(C)O,67-63-0,366.00,1570428-3AMP
CC1=CC=C(Cl)C(F)=C1C(C)C,Cc1ccc(Cl)c(F)[c:1]1[CH:2](C)C,[c:1]-[C:2],"[1, 2]","[1, 2]",Cc1ccc(Cl)c(F)[cH:1]1,1,C[CH2:2]C,2,bromide,3,amine,4,Cc1ccc(Cl)c(F)c1Br,1782385-65-2,1500.0,COM490023553-5G,CC(C)N,75-31-0,20.50,471291-25ML
CC1=CC=C(Cl)C(F)=C1C(C)C,Cc1ccc(Cl)c(F)[c:1]1[CH:2](C)C,[c:1]-[C:2],"[1, 2]","[1, 2]",Cc1ccc(Cl)c(F)[cH:1]1,1,C[CH2:2]C,2,bromide,3,acid,4,Cc1ccc(Cl)c(F)c1Br,1782385-65-2,1500.0,COM490023553-5G,CC(C)C(=O)O,79-31-2,34.80,I1754-100ML
CC1=CC=C(Cl)C(F)=C1C(C)C,Cc1ccc(Cl)c(F)[c:1]1[CH:2](C)C,[c:1]-[C:2],"[1, 2]","[1, 2]",Cc1ccc(Cl)c(F)[cH:1]1,1,C[CH2:2]C,2,bromide,3,chloride,4,Cc1ccc(Cl)c(F)c1Br,1782385-65-2,1500.0,COM490023553-5G,CC(C)Cl,75-29-6,31.10,240613-100ML
CC1=CC=C(Cl)C(F)=C1C(C)C,Cc1ccc(Cl)c(F)[c:1]1[CH:2](C)C,[c:1]-[C:2],"[1, 2]","[1, 2]",Cc1ccc(Cl)c(F)[cH:1]1,1,C[CH2:2]C,2,bromide,3,bromide,4,Cc1ccc(Cl)c(F)c1Br,1782385-65-2,1500.0,COM490023553-5G,CC(C)Br,75-26-3,23.10,B78114-100G
CC1=CC=C(Cl)C(F)=C1C(C)C,Cc1ccc(Cl)c(F)[c:1]1[CH:2](C)C,[c:1]-[C:2],"[1, 2]","[1, 2]",Cc1ccc(Cl)c(F)[cH:1]1,1,C[CH2:2]C,2,bromide,3,iodide,4,Cc1ccc(Cl)c(F)c1Br,1782385-65-2,1500.0,COM490023553-5G,CC(C)I,75-30-9,26.10,148938-5G
CC1=CC=C(Cl)C(F)=C1C(C)C,Cc1ccc(Cl)c(F)[c:1]1[CH:2](C)C,[c:1]-[C:2],"[1, 2]","[1, 2]",Cc1ccc(Cl)c(F)[cH:1]1,1,C[CH2:2]C,2,bromide,3,boronate,4,Cc1ccc(Cl)c(F)c1Br,1782385-65-2,1500.0,COM490023553-5G,CC(C)B(O)O,80041-89-0,44.70,648787-1G
CN(C)C1=CC=C(CNC(=O)COC(=O)CN2CCCCCC2=O)C=C1,CN(C)c1ccc(CNC(=O)[CH2:1][O:2]C(=O)CN2CCCCCC2=O)cc1,[C:1]-[O:2],"[1, 2]","[1, 2]",CN(C)c1ccc(CNC(=O)[CH3:1])cc1,1,O=C1CCCCCN1CC(=O)[OH:2],2,bromide,3,hydrogen,4,CN(C)c1ccc(CNC(=O)CBr)cc1,1339403-46-1,225,COMH042396A7-1G,O=C(O)CN1CCCCCC1=O,35048-56-7,342.3,ENA024296140-5G
CC(C)C1OCCNC1=O,C[CH:1](C)[CH:2]1OCCNC1=O,[C:1]-[C:2],"[1, 2]","[1, 2]",C[CH2:1]C,1,O=C1NCCO[CH2:2]1,2,hydrogen,3,hydrogen,4,CCC,74-98-6,360.00,536172-145G,O=C1COCCN1,109-11-5,11,SY3390162173-5G
CC(C)C1OCCNC1=O,C[CH:1](C)[CH:2]1OCCNC1=O,[C:1]-[C:2],"[1, 2]","[1, 2]",C[CH2:1]C,1,O=C1NCCO[CH2:2]1,2,alcohol,3,hydrogen,4,CC(C)O,67-63-0,366.00,1570428-3AMP,O=C1COCCN1,109-11-5,11,SY3390162173-5G
CC(C)C1OCCNC1=O,C[CH:1](C)[CH:2]1OCCNC1=O,[C:1]-[C:2],"[1, 2]","[1, 2]",C[CH2:1]C,1,O=C1NCCO[CH2:2]1,2,amine,3,hydrogen,4,CC(C)N,75-31-0,20.50,471291-25ML,O=C1COCCN1,109-11-5,11,SY3390162173-5G
CC(C)C1OCCNC1=O,C[CH:1](C)[CH:2]1OCCNC1=O,[C:1]-[C:2],"[1, 2]","[1, 2]",C[CH2:1]C,1,O=C1NCCO[CH2:2]1,2,acid,3,hydrogen,4,CC(C)C(=O)O,79-31-2,34.80,I1754-100ML,O=C1COCCN1,109-11-5,11,SY3390162173-5G
CC(C)C1OCCNC1=O,C[CH:1](C)[CH:2]1OCCNC1=O,[C:1]-[C:2],"[1, 2]","[1, 2]",C[CH2:1]C,1,O=C1NCCO[CH2:2]1,2,chloride,3,hydrogen,4,CC(C)Cl,75-29-6,31.10,240613-100ML,O=C1COCCN1,109-11-5,11,SY3390162173-5G
CC(C)C1OCCNC1=O,C[CH:1](C)[CH:2]1OCCNC1=O,[C:1]-[C:2],"[1, 2]","[1, 2]",C[CH2:1]C,1,O=C1NCCO[CH2:2]1,2,bromide,3,hydrogen,4,CC(C)Br,75-26-3,23.10,B78114-100G,O=C1COCCN1,109-11-5,11,SY3390162173-5G
CC(C)C1OCCNC1=O,C[CH:1](C)[CH:2]1OCCNC1=O,[C:1]-[C:2],"[1, 2]","[1, 2]",C[CH2:1]C,1,O=C1NCCO[CH2:2]1,2,iodide,3,hydrogen,4,CC(C)I,75-30-9,26.10,148938-5G,O=C1COCCN1,109-11-5,11,SY3390162173-5G
CC(C)C1OCCNC1=O,C[CH:1](C)[CH:2]1OCCNC1=O,[C:1]-[C:2],"[1, 2]","[1, 2]",C[CH2:1]C,1,O=C1NCCO[CH2:2]1,2,boronate,3,hydrogen,4,CC(C)B(O)O,80041-89-0,44.70,648787-1G,O=C1COCCN1,109-11-5,11,SY3390162173-5G
CC(=O)C1=CC=C(OCC(=O)NC2=CC=CC=C2C(=O)NC2=CC=CC(C)=C2)C=C1,CC(=O)c1ccc(OCC(=O)Nc2cccc[c:1]2[C:2](=O)Nc2cccc(C)c2)cc1,[c:1]-[C:2],"[1, 2]","[1, 2]",CC(=O)c1ccc(OCC(=O)Nc2cccc[cH:1]2)cc1,1,Cc1cccc(N[CH:2]=O)c1,2,hydrogen,3,acid,4,CC(=O)c1ccc(OCC(=O)Nc2ccccc2)cc1,17172-76-8,162.00,EME00112-1G,Cc1cccc(NC(=O)C(=O)O)c1,17738-78-2,1116.15,ENAH03A01DC3-2.5G
CC(=O)C1=CC=C(OCC(=O)NC2=CC=CC=C2C(=O)NC2=CC=CC(C)=C2)C=C1,CC(=O)c1ccc(OCC(=O)[NH:2][c:1]2ccccc2C(=O)Nc2cccc(C)c2)cc1,[c:1]-[N:2],"[1, 2]","[1, 2]",Cc1cccc(NC(=O)c2cccc[cH:1]2)c1,1,CC(=O)c1ccc(OCC(=O)[NH2:2])cc1,2,amine,3,hydrogen,4,Cc1cccc(NC(=O)c2ccccc2N)c1,22312-62-5,137.5,COMH04235A07-1G,CC(=O)c1ccc(OCC(N)=O)cc1,42017-88-9,225.5,CH4017936708-5G
CC(=O)C1=CC=C(OCC(=O)NC2=CC=CC=C2C(=O)NC2=CC=CC(C)=C2)C=C1,CC(=O)c1ccc(OC[C:1](=O)[NH:2]c2ccccc2C(=O)Nc2cccc(C)c2)cc1,[C:1]-[N:2],"[1, 2]","[1, 2]",CC(=O)c1ccc(OC[CH:1]=O)cc1,1,Cc1cccc(NC(=O)c2ccccc2[NH2:2])c1,2,amine,3,hydrogen,4,CC(=O)c1ccc(OCC(N)=O)cc1,42017-88-9,225.5,CH4017936708-5G,Cc1cccc(NC(=O)c2ccccc2N)c1,22312-62-5,137.5,COMH04235A07-1G
NC(CC1=CCCS1)C(=O)O,NC(C(=O)O)[CH2:1][C:2]1=CCCS1,[C:1]-[C:2],"[1, 2]","[1, 2]",NC(C(=O)O)[CH3:1],1,C1=[CH:2]SCC1,2,hydrogen,3,amine,4,CC(N)C(=O)O,302-72-7,63.00,W381810-1KG-K,NC1=CCCS1,6539-14-6,150.0,COM448661054-500MG
NC(CC1=CCCS1)C(=O)O,NC(C(=O)O)[CH2:1][C:2]1=CCCS1,[C:1]-[C:2],"[1, 2]","[1, 2]",NC(C(=O)O)[CH3:1],1,C1=[CH:2]SCC1,2,hydrogen,3,acid,4,CC(N)C(=O)O,302-72-7,63.00,W381810-1KG-K,O=C(O)C1=CCCS1,86610-33-5,359.1,ENA321765909-100MG
NC(CC1=CCCS1)C(=O)O,NC(C(=O)O)[CH2:1][C:2]1=CCCS1,[C:1]-[C:2],"[1, 2]","[1, 2]",NC(C(=O)O)[CH3:1],1,C1=[CH:2]SCC1,2,alcohol,3,amine,4,NC(CO)C(=O)O,302-84-1,28.30,S5386-25G,NC1=CCCS1,6539-14-6,150.0,COM448661054-500MG
NC(CC1=CCCS1)C(=O)O,NC(C(=O)O)[CH2:1][C:2]1=CCCS1,[C:1]-[C:2],"[1, 2]","[1, 2]",NC(C(=O)O)[CH3:1],1,C1=[CH:2]SCC1,2,alcohol,3,acid,4,NC(CO)C(=O)O,302-84-1,28.30,S5386-25G,O=C(O)C1=CCCS1,86610-33-5,359.1,ENA321765909-100MG
NC(CC1=CCCS1)C(=O)O,NC(C(=O)O)[CH2:1][C:2]1=CCCS1,[C:1]-[C:2],"[1, 2]","[1, 2]",NC(C(=O)O)[CH3:1],1,C1=[CH:2]SCC1,2,amine,3,amine,4,NCC(N)C(=O)O,515-94-6,600,COM448625672-25G,NC1=CCCS1,6539-14-6,150.0,COM448661054-500MG
NC(CC1=CCCS1)C(=O)O,NC(C(=O)O)[CH2:1][C:2]1=CCCS1,[C:1]-[C:2],"[1, 2]","[1, 2]",NC(C(=O)O)[CH3:1],1,C1=[CH:2]SCC1,2,amine,3,acid,4,NCC(N)C(=O)O,515-94-6,600,COM448625672-25G,O=C(O)C1=CCCS1,86610-33-5,359.1,ENA321765909-100MG
NC(CC1=CCCS1)C(=O)O,NC(C(=O)O)[CH2:1][C:2]1=CCCS1,[C:1]-[C:2],"[1, 2]","[1, 2]",NC(C(=O)O)[CH3:1],1,C1=[CH:2]SCC1,2,acid,3,amine,4,NC(CC(=O)O)C(=O)O,617-45-8,36.80,A9006-100G,NC1=CCCS1,6539-14-6,150.0,COM448661054-500MG
NC(CC1=CCCS1)C(=O)O,NC(C(=O)O)[CH2:1][C:2]1=CCCS1,[C:1]-[C:2],"[1, 2]","[1, 2]",NC(C(=O)O)[CH3:1],1,C1=[CH:2]SCC1,2,acid,3,acid,4,NC(CC(=O)O)C(=O)O,617-45-8,36.80,A9006-100G,O=C(O)C1=CCCS1,86610-33-5,359.1,ENA321765909-100MG
CC1=CC=CC(C(F)(F)F)=C1CC(C#N)C=O,Cc1cccc(C(F)(F)F)c1[CH2:1][CH:2](C#N)C=O,[C:1]-[C:2],"[1, 2]","[1, 2]",Cc1cccc(C(F)(F)F)c1[CH3:1],1,N#C[CH2:2]C=O,2,hydrogen,3,chloride,4,Cc1cccc(C(F)(F)F)c1C,80245-28-9,187.2,MAT184121749-1G,N#CC(Cl)C=O,53106-70-0,1112.5,COM497525275-1G
CC1=CC=CC(C(F)(F)F)=C1CC(C#N)C=O,Cc1cccc(C(F)(F)F)c1[CH2:1][CH:2](C#N)C=O,[C:1]-[C:2],"[1, 2]","[1, 2]",Cc1cccc(C(F)(F)F)c1[CH3:1],1,N#C[CH2:2]C=O,2,bromide,3,chloride,4,Cc1cccc(C(F)(F)F)c1CBr,1261683-90-2,477.25,ADVH49B82417-5G,N#CC(Cl)C=O,53106-70-0,1112.5,COM497525275-1G
CC1=CSC(C(C)(C)C)=C1C,Cc1cs[c:1]([C:2](C)(C)C)c1C,[c:1]-[C:2],"[1, 2]","[1, 2]",Cc1cs[cH:1]c1C,1,C[CH:2](C)C,2,hydrogen,3,hydrogen,4,Cc1cscc1C,632-15-5,92,AC5H0A31372E-1G,CC(C)C,75-28-5,506.00,539821-170G
CC1=CSC(C(C)(C)C)=C1C,Cc1cs[c:1]([C:2](C)(C)C)c1C,[c:1]-[C:2],"[1, 2]","[1, 2]",Cc1cs[cH:1]c1C,1,C[CH:2](C)C,2,hydrogen,3,alcohol,4,Cc1cscc1C,632-15-5,92,AC5H0A31372E-1G,CC(C)(C)O,75-65-0,64.00,471712-100ML
CC1=CSC(C(C)(C)C)=C1C,Cc1cs[c:1]([C:2](C)(C)C)c1C,[c:1]-[C:2],"[1, 2]","[1, 2]",Cc1cs[cH:1]c1C,1,C[CH:2](C)C,2,hydrogen,3,amine,4,Cc1cscc1C,632-15-5,92,AC5H0A31372E-1G,CC(C)(C)N,75-64-9,18.10,B89205-5ML
CC1=CSC(C(C)(C)C)=C1C,Cc1cs[c:1]([C:2](C)(C)C)c1C,[c:1]-[C:2],"[1, 2]","[1, 2]",Cc1cs[cH:1]c1C,1,C[CH:2](C)C,2,hydrogen,3,acid,4,Cc1cscc1C,632-15-5,92,AC5H0A31372E-1G,CC(C)(C)C(=O)O,75-98-9,21.10,T71803-5ML
CC1=CSC(C(C)(C)C)=C1C,Cc1cs[c:1]([C:2](C)(C)C)c1C,[c:1]-[C:2],"[1, 2]","[1, 2]",Cc1cs[cH:1]c1C,1,C[CH:2](C)C,2,hydrogen,3,chloride,4,Cc1cscc1C,632-15-5,92,AC5H0A31372E-1G,CC(C)(C)Cl,507-20-0,27.10,C56352-25ML
CC1=CSC(C(C)(C)C)=C1C,Cc1cs[c:1]([C:2](C)(C)C)c1C,[c:1]-[C:2],"[1, 2]","[1, 2]",Cc1cs[cH:1]c1C,1,C[CH:2](C)C,2,hydrogen,3,bromide,4,Cc1cscc1C,632-15-5,92,AC5H0A31372E-1G,CC(C)(C)Br,507-19-7,29.50,135615-5G
CC1=CSC(C(C)(C)C)=C1C,Cc1cs[c:1]([C:2](C)(C)C)c1C,[c:1]-[C:2],"[1, 2]","[1, 2]",Cc1cs[cH:1]c1C,1,C[CH:2](C)C,2,hydrogen,3,iodide,4,Cc1cscc1C,632-15-5,92,AC5H0A31372E-1G,CC(C)(C)I,558-17-8,78.00,245798-25G
CC1=CSC(C(C)(C)C)=C1C,Cc1cs[c:1]([C:2](C)(C)C)c1C,[c:1]-[C:2],"[1, 2]","[1, 2]",Cc1cs[cH:1]c1C,1,C[CH:2](C)C,2,acid,3,hydrogen,4,Cc1csc(C(=O)O)c1C,89639-74-7,77,AMBH2D6F01FD-100MG,CC(C)C,75-28-5,506.00,539821-170G
CC1=CSC(C(C)(C)C)=C1C,Cc1cs[c:1]([C:2](C)(C)C)c1C,[c:1]-[C:2],"[1, 2]","[1, 2]",Cc1cs[cH:1]c1C,1,C[CH:2](C)C,2,acid,3,alcohol,4,Cc1csc(C(=O)O)c1C,89639-74-7,77,AMBH2D6F01FD-100MG,CC(C)(C)O,75-65-0,64.00,471712-100ML
CC1=CSC(C(C)(C)C)=C1C,Cc1cs[c:1]([C:2](C)(C)C)c1C,[c:1]-[C:2],"[1, 2]","[1, 2]",Cc1cs[cH:1]c1C,1,C[CH:2](C)C,2,acid,3,amine,4,Cc1csc(C(=O)O)c1C,89639-74-7,77,AMBH2D6F01FD-100MG,CC(C)(C)N,75-64-9,18.10,B89205-5ML
CC1=CSC(C(C)(C)C)=C1C,Cc1cs[c:1]([C:2](C)(C)C)c1C,[c:1]-[C:2],"[1, 2]","[1, 2]",Cc1cs[cH:1]c1C,1,C[CH:2](C)C,2,acid,3,acid,4,Cc1csc(C(=O)O)c1C,89639-74-7,77,AMBH2D6F01FD-100MG,CC(C)(C)C(=O)O,75-98-9,21.10,T71803-5ML
CC1=CSC(C(C)(C)C)=C1C,Cc1cs[c:1]([C:2](C)(C)C)c1C,[c:1]-[C:2],"[1, 2]","[1, 2]",Cc1cs[cH:1]c1C,1,C[CH:2](C)C,2,acid,3,chloride,4,Cc1csc(C(=O)O)c1C,89639-74-7,77,AMBH2D6F01FD-100MG,CC(C)(C)Cl,507-20-0,27.10,C56352-25ML
CC1=CSC(C(C)(C)C)=C1C,Cc1cs[c:1]([C:2](C)(C)C)c1C,[c:1]-[C:2],"[1, 2]","[1, 2]",Cc1cs[cH:1]c1C,1,C[CH:2](C)C,2,acid,3,bromide,4,Cc1csc(C(=O)O)c1C,89639-74-7,77,AMBH2D6F01FD-100MG,CC(C)(C)Br,507-19-7,29.50,135615-5G
CC1=CSC(C(C)(C)C)=C1C,Cc1cs[c:1]([C:2](C)(C)C)c1C,[c:1]-[C:2],"[1, 2]","[1, 2]",Cc1cs[cH:1]c1C,1,C[CH:2](C)C,2,acid,3,iodide,4,Cc1csc(C(=O)O)c1C,89639-74-7,77,AMBH2D6F01FD-100MG,CC(C)(C)I,558-17-8,78.00,245798-25G
CCCCCCCCCCCC(CCCCC)C(CCCC)[N+](=O)[O-],CCCCCCCCCCC[CH:1](CCCCC)[CH:2](CCCC)[N+](=O)[O-],[C:1]-[C:2],"[1, 2]","[1, 2]",CCCCCCCCCCC[CH2:1]CCCCC,1,CCCC[CH2:2][N+](=O)[O-],2,hydrogen,3,hydrogen,4,CCCCCCCCCCCCCCCCC,629-78-7,30.90,128503-25G,CCCCC[N+](=O)[O-],628-05-7,53.20,259500-1G
CN(C)C1=CC=C([N+](=O)[O-])C=C1C(=O)OCC1=NOC(C2=CC=CC=C2)=C1,CN(C)c1ccc([N+](=O)[O-])cc1[C:1](=O)[O:2]Cc1cc(-c2ccccc2)on1,[C:1]-[O:2],"[1, 2]","[1, 2]",CN(C)c1ccc([N+](=O)[O-])cc1[CH:1]=O,1,c1ccc(-c2cc(C[OH:2])no2)cc1,2,hydrogen,3,hydrogen,4,CN(C)c1ccc([N+](=O)[O-])cc1C=O,34601-40-6,882,KEY151861601-25G,OCc1cc(-c2ccccc2)on1,1619-37-0,513.45,ENA372572779-10G
CN(C)C1=CC=C([N+](=O)[O-])C=C1C(=O)OCC1=NOC(C2=CC=CC=C2)=C1,CN(C)c1ccc([N+](=O)[O-])cc1C(=O)[O:2][CH2:1]c1cc(-c2ccccc2)on1,[C:1]-[O:2],"[1, 2]","[1, 2]",c1ccc(-c2cc([CH3:1])no2)cc1,1,CN(C)c1ccc([N+](=O)[O-])cc1C(=O)[OH:2],2,hydrogen,3,hydrogen,4,Cc1cc(-c2ccccc2)on1,1008-75-9,70.20,686131-5G,CN(C)c1ccc([N+](=O)[O-])cc1C(=O)O,4405-28-1,404.25,ENA024295884-1G
CN(C)C1=CC=C([N+](=O)[O-])C=C1C(=O)OCC1=NOC(C2=CC=CC=C2)=C1,CN(C)c1ccc([N+](=O)[O-])cc1C(=O)[O:2][CH2:1]c1cc(-c2ccccc2)on1,[C:1]-[O:2],"[1, 2]","[1, 2]",c1ccc(-c2cc([CH3:1])no2)cc1,1,CN(C)c1ccc([N+](=O)[O-])cc1C(=O)[OH:2],2,alcohol,3,hydrogen,4,OCc1cc(-c2ccccc2)on1,1619-37-0,513.45,ENA372572779-10G,CN(C)c1ccc([N+](=O)[O-])cc1C(=O)O,4405-28-1,404.25,ENA024295884-1G
CN(C)C1=CC=C([N+](=O)[O-])C=C1C(=O)OCC1=NOC(C2=CC=CC=C2)=C1,CN(C)c1ccc([N+](=O)[O-])cc1C(=O)[O:2][CH2:1]c1cc(-c2ccccc2)on1,[C:1]-[O:2],"[1, 2]","[1, 2]",c1ccc(-c2cc([CH3:1])no2)cc1,1,CN(C)c1ccc([N+](=O)[O-])cc1C(=O)[OH:2],2,amine,3,hydrogen,4,NCc1cc(-c2ccccc2)on1,154016-47-4,450,COM497525232-250MG,CN(C)c1ccc([N+](=O)[O-])cc1C(=O)O,4405-28-1,404.25,ENA024295884-1G
CN(C)C1=CC=C([N+](=O)[O-])C=C1C(=O)OCC1=NOC(C2=CC=CC=C2)=C1,CN(C)c1ccc([N+](=O)[O-])cc1C(=O)[O:2][CH2:1]c1cc(-c2ccccc2)on1,[C:1]-[O:2],"[1, 2]","[1, 2]",c1ccc(-c2cc([CH3:1])no2)cc1,1,CN(C)c1ccc([N+](=O)[O-])cc1C(=O)[OH:2],2,acid,3,hydrogen,4,O=C(O)Cc1cc(-c2ccccc2)on1,3919-88-8,163.8,ENA321763239-250MG,CN(C)c1ccc([N+](=O)[O-])cc1C(=O)O,4405-28-1,404.25,ENA024295884-1G
CN(C)C1=CC=C([N+](=O)[O-])C=C1C(=O)OCC1=NOC(C2=CC=CC=C2)=C1,CN(C)c1ccc([N+](=O)[O-])cc1C(=O)[O:2][CH2:1]c1cc(-c2ccccc2)on1,[C:1]-[O:2],"[1, 2]","[1, 2]",c1ccc(-c2cc([CH3:1])no2)cc1,1,CN(C)c1ccc([N+](=O)[O-])cc1C(=O)[OH:2],2,chloride,3,hydrogen,4,ClCc1cc(-c2ccccc2)on1,14731-10-3,52.5,LIF372154503-250MG,CN(C)c1ccc([N+](=O)[O-])cc1C(=O)O,4405-28-1,404.25,ENA024295884-1G
CC1CN1C(=O)C1=CC=C(Br)C=C1,C[CH:1]1C[N:2]1C(=O)c1ccc(Br)cc1,[C:1]-[N:2],"[1, 2]","[1, 2]",C[CH2:1]C[NH:2]C(=O)c1ccc(Br)cc1,1,C[CH2:1]C[NH:2]C(=O)c1ccc(Br)cc1,2,hydrogen,3,hydrogen,4,CCCNC(=O)c1ccc(Br)cc1,223557-19-5,50.6,CH4102152355-1G,CCCNC(=O)c1ccc(Br)cc1,223557-19-5,50.6,CH4102152355-1G
CC1CN1C(=O)C1=CC=C(Br)C=C1,CC1[CH2:1][N:2]1C(=O)c1ccc(Br)cc1,[C:1]-[N:2],"[1, 2]","[1, 2]",CC([CH3:1])[NH:2]C(=O)c1ccc(Br)cc1,1,CC([CH3:1])[NH:2]C(=O)c1ccc(Br)cc1,2,hydrogen,3,hydrogen,4,CC(C)NC(=O)c1ccc(Br)cc1,,362.25,ADVH7F37CEB3-5G,CC(C)NC(=O)c1ccc(Br)cc1,,362.25,ADVH7F37CEB3-5G
CC(C)=C(CC(C)(C)C)C(=O)OC(C)(C)C,CC(C)=[C:1](C(=O)OC(C)(C)C)[CH2:2]C(C)(C)C,[C:1]-[C:2],"[1, 2]","[1, 2]",CC(C)=[CH:1]C(=O)OC(C)(C)C,1,CC(C)(C)[CH3:2],2,acid,3,alcohol,4,CC(C)=C(C(=O)O)C(=O)OC(C)(C)C,2173108-25-1,937.5,COMH0423974A-5G,CC(C)(C)CO,75-84-3,23.90,N7206-10G
CC(C)=C(CC(C)(C)C)C(=O)OC(C)(C)C,CC(C)=[C:1](C(=O)OC(C)(C)C)[CH2:2]C(C)(C)C,[C:1]-[C:2],"[1, 2]","[1, 2]",CC(C)=[CH:1]C(=O)OC(C)(C)C,1,CC(C)(C)[CH3:2],2,acid,3,amine,4,CC(C)=C(C(=O)O)C(=O)OC(C)(C)C,2173108-25-1,937.5,COMH0423974A-5G,CC(C)(C)CN,5813-64-9,160.6,AMBH5817688F-25G
CC(C)=C(CC(C)(C)C)C(=O)OC(C)(C)C,CC(C)=[C:1](C(=O)OC(C)(C)C)[CH2:2]C(C)(C)C,[C:1]-[C:2],"[1, 2]","[1, 2]",CC(C)=[CH:1]C(=O)OC(C)(C)C,1,CC(C)(C)[CH3:2],2,acid,3,acid,4,CC(C)=C(C(=O)O)C(=O)OC(C)(C)C,2173108-25-1,937.5,COMH0423974A-5G,CC(C)(C)CC(=O)O,1070-83-3,40.10,B88403-25G
CC(C)=C(CC(C)(C)C)C(=O)OC(C)(C)C,CC(C)=[C:1](C(=O)OC(C)(C)C)[CH2:2]C(C)(C)C,[C:1]-[C:2],"[1, 2]","[1, 2]",CC(C)=[CH:1]C(=O)OC(C)(C)C,1,CC(C)(C)[CH3:2],2,acid,3,chloride,4,CC(C)=C(C(=O)O)C(=O)OC(C)(C)C,2173108-25-1,937.5,COMH0423974A-5G,CC(C)(C)CCl,753-89-9,54.50,274496-5G
CC(C)=C(CC(C)(C)C)C(=O)OC(C)(C)C,CC(C)=[C:1](C(=O)OC(C)(C)C)[CH2:2]C(C)(C)C,[C:1]-[C:2],"[1, 2]","[1, 2]",CC(C)=[CH:1]C(=O)OC(C)(C)C,1,CC(C)(C)[CH3:2],2,acid,3,bromide,4,CC(C)=C(C(=O)O)C(=O)OC(C)(C)C,2173108-25-1,937.5,COMH0423974A-5G,CC(C)(C)CBr,630-17-1,57.70,249890-5G
CC(C)=C(CC(C)(C)C)C(=O)OC(C)(C)C,CC(C)=[C:1](C(=O)OC(C)(C)C)[CH2:2]C(C)(C)C,[C:1]-[C:2],"[1, 2]","[1, 2]",CC(C)=[CH:1]C(=O)OC(C)(C)C,1,CC(C)(C)[CH3:2],2,acid,3,iodide,4,CC(C)=C(C(=O)O)C(=O)OC(C)(C)C,2173108-25-1,937.5,COMH0423974A-5G,CC(C)(C)CI,15501-33-4,50.90,301086-5G
CC(C)=C(CC(C)(C)C)C(=O)OC(C)(C)C,CC(C)=[C:1](C(=O)OC(C)(C)C)[CH2:2]C(C)(C)C,[C:1]-[C:2],"[1, 2]","[1, 2]",CC(C)=[CH:1]C(=O)OC(C)(C)C,1,CC(C)(C)[CH3:2],2,acid,3,boronate,4,CC(C)=C(C(=O)O)C(=O)OC(C)(C)C,2173108-25-1,937.5,COMH0423974A-5G,CC(C)(C)CB(O)O,701261-35-0,55.00,683671-250MG
COCC(COC)(COC)COC(C)C,COC[C:1](COC)(COC)[CH2:2]OC(C)C,[C:1]-[C:2],"[1, 2]","[1, 2]",COC[CH:1](COC)COC,1,CC(C)O[CH3:2],2,hydrogen,3,acid,4,COCC(COC)COC,2378502-85-1,456.75,ENAH58168850-50MG,CC(C)OCC(=O)O,33445-07-7,533.5,CH4182075599-10G
COCC(COC)(COC)COC(C)C,COC[C:1](COC)(COC)[CH2:2]OC(C)C,[C:1]-[C:2],"[1, 2]","[1, 2]",COC[CH:1](COC)COC,1,CC(C)O[CH3:2],2,hydrogen,3,chloride,4,COCC(COC)COC,2378502-85-1,456.75,ENAH58168850-50MG,CC(C)OCCl,3587-58-4,648.9,ENA423200576-5G
COCC(COC)(COC)COC(C)C,COC[C:1](COC)(COC)[CH2:2]OC(C)C,[C:1]-[C:2],"[1, 2]","[1, 2]",COC[CH:1](COC)COC,1,CC(C)O[CH3:2],2,amine,3,acid,4,COCC(N)(COC)COC,114261-08-4,537.6,ENAH04257940-500MG,CC(C)OCC(=O)O,33445-07-7,533.5,CH4182075599-10G
COCC(COC)(COC)COC(C)C,COC[C:1](COC)(COC)[CH2:2]OC(C)C,[C:1]-[C:2],"[1, 2]","[1, 2]",COC[CH:1](COC)COC,1,CC(C)O[CH3:2],2,amine,3,chloride,4,COCC(N)(COC)COC,114261-08-4,537.6,ENAH04257940-500MG,CC(C)OCCl,3587-58-4,648.9,ENA423200576-5G
CN1CCOC(C)(CN)C1,CN1CCO[C:1](CN)([CH3:2])C1,[C:1]-[C:2],"[1, 2]","[1, 2]",CN1CCO[CH:1](CN)C1,1,[CH4:2],2,hydrogen,3,hydrogen,4,CN1CCOC(CN)C1,141814-57-5,150.7,AMBH2D701095-1G,C,74-82-8,1610.00,463035-24L
CN1CCOC(C)(CN)C1,CN1CCO[C:1](CN)([CH3:2])C1,[C:1]-[C:2],"[1, 2]","[1, 2]",CN1CCO[CH:1](CN)C1,1,[CH4:2],2,hydrogen,3,alcohol,4,CN1CCOC(CN)C1,141814-57-5,150.7,AMBH2D701095-1G,CO,67-56-1,30.20,M3641-500ML
CN1CCOC(C)(CN)C1,CN1CCO[C:1](CN)([CH3:2])C1,[C:1]-[C:2],"[1, 2]","[1, 2]",CN1CCO[CH:1](CN)C1,1,[CH4:2],2,hydrogen,3,amine,4,CN1CCOC(CN)C1,141814-57-5,150.7,AMBH2D701095-1G,CN,74-89-5,40.10,534102-250ML
CN1CCOC(C)(CN)C1,CN1CCO[C:1](CN)([CH3:2])C1,[C:1]-[C:2],"[1, 2]","[1, 2]",CN1CCO[CH:1](CN)C1,1,[CH4:2],2,hydrogen,3,acid,4,CN1CCOC(CN)C1,141814-57-5,150.7,AMBH2D701095-1G,CC(=O)O,64-19-7,67.00,W200611-1KG-K
CN1CCOC(C)(CN)C1,CN1CCO[C:1](CN)([CH3:2])C1,[C:1]-[C:2],"[1, 2]","[1, 2]",CN1CCO[CH:1](CN)C1,1,[CH4:2],2,hydrogen,3,chloride,4,CN1CCOC(CN)C1,141814-57-5,150.7,AMBH2D701095-1G,CCl,74-87-3,252.00,294799-200ML
CN1CCOC(C)(CN)C1,CN1CCO[C:1](CN)([CH3:2])C1,[C:1]-[C:2],"[1, 2]","[1, 2]",CN1CCO[CH:1](CN)C1,1,[CH4:2],2,hydrogen,3,bromide,4,CN1CCOC(CN)C1,141814-57-5,150.7,AMBH2D701095-1G,CBr,74-83-9,24.10,48624
CN1CCOC(C)(CN)C1,CN1CCO[C:1](CN)([CH3:2])C1,[C:1]-[C:2],"[1, 2]","[1, 2]",CN1CCO[CH:1](CN)C1,1,[CH4:2],2,hydrogen,3,iodide,4,CN1CCOC(CN)C1,141814-57-5,150.7,AMBH2D701095-1G,CI,74-88-4,112.00,456756-100ML
CN1CCOC(C)(CN)C1,CN1CCO[C:1](CN)([CH3:2])C1,[C:1]-[C:2],"[1, 2]","[1, 2]",CN1CCO[CH:1](CN)C1,1,[CH4:2],2,hydrogen,3,boronate,4,CN1CCOC(CN)C1,141814-57-5,150.7,AMBH2D701095-1G,CB(O)O,13061-96-6,43.80,165336-1G
C=CCNC1=NN=C(SCC(=O)N2CCN(C3=CC=CC(Cl)=C3)CC2)S1,C=CCNc1nnc([S:2][CH2:1]C(=O)N2CCN(c3cccc(Cl)c3)CC2)s1,[C:1]-[S:2],"[1, 2]","[1, 2]",O=C(N1CCN(c2cccc(Cl)c2)CC1)[CH3:1],1,C=CCNc1nnc([SH:2])s1,2,chloride,3,hydrogen,4,O=C(CCl)N1CCN(c2cccc(Cl)c2)CC1,70395-06-1,693,ENA161669385-5G,C=CCNc1nnc(S)s1,91780-33-5,181.25,COMH04237575-500MG
CCOC1=CC(C(=O)OCC(=O)NCC2=CC=C(N(C)C)C=C2)=CC=C1OC(F)F,CCOc1cc(C(=O)[O:2][CH2:1]C(=O)NCc2ccc(N(C)C)cc2)ccc1OC(F)F,[C:1]-[O:2],"[1, 2]","[1, 2]",CN(C)c1ccc(CNC(=O)[CH3:1])cc1,1,CCOc1cc(C(=O)[OH:2])ccc1OC(F)F,2,bromide,3,hydrogen,4,CN(C)c1ccc(CNC(=O)CBr)cc1,1339403-46-1,225,COMH042396A7-1G,CCOc1cc(C(=O)O)ccc1OC(F)F,162401-63-0,149.1,ENA024296031-250MG
CC1=CC(O)=C(C=O)C(O)=C1C(=O)O,Cc1cc(O)[c:1]([CH:2]=O)c(O)c1C(=O)O,[c:1]-[C:2],"[1, 2]","[1, 2]",Cc1cc(O)[cH:1]c(O)c1C(=O)O,1,O=[CH2:2],2,hydrogen,3,hydrogen,4,Cc1cc(O)cc(O)c1C(=O)O,480-64-8,113.3,AMBH2D700445-100MG,C=O,50-00-0,28.90,252549-25ML
CC1=CC(O)=C(C=O)C(O)=C1C(=O)O,Cc1cc(O)[c:1]([CH:2]=O)c(O)c1C(=O)O,[c:1]-[C:2],"[1, 2]","[1, 2]",Cc1cc(O)[cH:1]c(O)c1C(=O)O,1,O=[CH2:2],2,hydrogen,3,amine,4,Cc1cc(O)cc(O)c1C(=O)O,480-64-8,113.3,AMBH2D700445-100MG,NC=O,,133.00,612707-1EA
CC1=CC(O)=C(C=O)C(O)=C1C(=O)O,Cc1cc(O)[c:1]([CH:2]=O)c(O)c1C(=O)O,[c:1]-[C:2],"[1, 2]","[1, 2]",Cc1cc(O)[cH:1]c(O)c1C(=O)O,1,O=[CH2:2],2,hydrogen,3,acid,4,Cc1cc(O)cc(O)c1C(=O)O,480-64-8,113.3,AMBH2D700445-100MG,O=CC(=O)O,298-12-4,37.80,260150-250G-A
CC1=CC(O)=C(C=O)C(O)=C1C(=O)O,Cc1cc(O)c(C=O)c(O)[c:1]1[C:2](=O)O,[c:1]-[C:2],"[1, 2]","[1, 2]",Cc1cc(O)c(C=O)c(O)[cH:1]1,1,O=[CH:2]O,2,hydrogen,3,hydrogen,4,Cc1cc(O)c(C=O)c(O)c1,526-37-4,357.00,77236-10MG,O=CO,64-18-6,133.00,Y0001970
CC1=CC(O)=C(C=O)C(O)=C1C(=O)O,Cc1cc(O)c(C=O)c(O)[c:1]1[C:2](=O)O,[c:1]-[C:2],"[1, 2]","[1, 2]",Cc1cc(O)c(C=O)c(O)[cH:1]1,1,O=[CH:2]O,2,hydrogen,3,acid,4,Cc1cc(O)c(C=O)c(O)c1,526-37-4,357.00,77236-10MG,O=C(O)C(=O)O,144-62-7,47.20,75688-50G
CC1=CC(O)=C(C=O)C(O)=C1C(=O)O,Cc1cc(O)c(C=O)c(O)[c:1]1[C:2](=O)O,[c:1]-[C:2],"[1, 2]","[1, 2]",Cc1cc(O)c(C=O)c(O)[cH:1]1,1,O=[CH:2]O,2,chloride,3,hydrogen,4,Cc1cc(O)c(C=O)c(O)c1Cl,57074-21-2,99.00,91420-100MG,O=CO,64-18-6,133.00,Y0001970
CC1=CC(O)=C(C=O)C(O)=C1C(=O)O,Cc1cc(O)c(C=O)c(O)[c:1]1[C:2](=O)O,[c:1]-[C:2],"[1, 2]","[1, 2]",Cc1cc(O)c(C=O)c(O)[cH:1]1,1,O=[CH:2]O,2,chloride,3,acid,4,Cc1cc(O)c(C=O)c(O)c1Cl,57074-21-2,99.00,91420-100MG,O=C(O)C(=O)O,144-62-7,47.20,75688-50G
O=C(COC1=CC(Cl)=CC(Cl)=C1)N1CCN(C2=CC=CC=C2F)CC1,O=[C:1](N1CCN(c2ccccc2F)CC1)[CH2:2]Oc1cc(Cl)cc(Cl)c1,[C:1]-[C:2],"[1, 2]","[1, 2]",O=[CH:1]N1CCN(c2ccccc2F)CC1,1,Clc1cc(Cl)cc(O[CH3:2])c1,2,amine,3,hydrogen,4,NC(=O)N1CCN(c2ccccc2F)CC1,1179087-17-2,109.2,ENA370563595-100MG,COc1cc(Cl)cc(Cl)c1,33719-74-3,74.90,157341-25G
O=C(COC1=CC(Cl)=CC(Cl)=C1)N1CCN(C2=CC=CC=C2F)CC1,O=[C:1](N1CCN(c2ccccc2F)CC1)[CH2:2]Oc1cc(Cl)cc(Cl)c1,[C:1]-[C:2],"[1, 2]","[1, 2]",O=[CH:1]N1CCN(c2ccccc2F)CC1,1,Clc1cc(Cl)cc(O[CH3:2])c1,2,amine,3,acid,4,NC(=O)N1CCN(c2ccccc2F)CC1,1179087-17-2,109.2,ENA370563595-100MG,O=C(O)COc1cc(Cl)cc(Cl)c1,587-64-4,592.25,ADVH7F37F304-5G
O=C(COC1=CC(Cl)=CC(Cl)=C1)N1CCN(C2=CC=CC=C2F)CC1,O=C(N1CCN(c2ccccc2F)CC1)[CH2:1][O:2]c1cc(Cl)cc(Cl)c1,[C:1]-[O:2],"[1, 2]","[1, 2]",O=C(N1CCN(c2ccccc2F)CC1)[CH3:1],1,Clc1cc(Cl)cc([OH:2])c1,2,chloride,3,hydrogen,4,O=C(CCl)N1CCN(c2ccccc2F)CC1,546116-24-9,121.25,LIF372158496-500MG,Oc1cc(Cl)cc(Cl)c1,591-35-5,92.40,D70600-10G
O=C(COC1=CC(Cl)=CC(Cl)=C1)N1CCN(C2=CC=CC=C2F)CC1,O=C(N1CCN(c2ccccc2F)CC1)[CH2:1][O:2]c1cc(Cl)cc(Cl)c1,[C:1]-[O:2],"[1, 2]","[1, 2]",O=C(N1CCN(c2ccccc2F)CC1)[CH3:1],1,Clc1cc(Cl)cc([OH:2])c1,2,chloride,3,amine,4,O=C(CCl)N1CCN(c2ccccc2F)CC1,546116-24-9,121.25,LIF372158496-500MG,NOc1cc(Cl)cc(Cl)c1,99907-90-1,44,SY3H3D67BAEA-100MG
C=CC(=O)C1=CC=CC=C1C(C)(C)CCC,C=CC(=O)c1cccc[c:1]1[C:2](C)(C)CCC,[c:1]-[C:2],"[1, 2]","[1, 2]",C=CC(=O)c1cccc[cH:1]1,1,CCC[CH:2](C)C,2,hydrogen,3,hydrogen,4,C=CC(=O)c1ccccc1,768-03-6,281.25,COM448631894-1G,CCCC(C)C,107-83-5,25.90,M65807-5G
C=CC(=O)C1=CC=CC=C1C(C)(C)CCC,C=CC(=O)c1cccc[c:1]1[C:2](C)(C)CCC,[c:1]-[C:2],"[1, 2]","[1, 2]",C=CC(=O)c1cccc[cH:1]1,1,CCC[CH:2](C)C,2,hydrogen,3,alcohol,4,C=CC(=O)c1ccccc1,768-03-6,281.25,COM448631894-1G,CCCC(C)(C)O,590-36-3,66.90,111120-10G
C=CC(=O)C1=CC=CC=C1C(C)(C)CCC,C=CC(=O)c1cccc[c:1]1[C:2](C)(C)CCC,[c:1]-[C:2],"[1, 2]","[1, 2]",C=CC(=O)c1cccc[cH:1]1,1,CCC[CH:2](C)C,2,hydrogen,3,acid,4,C=CC(=O)c1ccccc1,768-03-6,281.25,COM448631894-1G,CCCC(C)(C)C(=O)O,1185-39-3,298.00,41740-5ML
CCCC1=C(C)SC(C(=O)OCC(=O)N2CCN(C3=CC=CC=C3OC)CC2)=C1,CCCc1cc(C(=O)[O:2][CH2:1]C(=O)N2CCN(c3ccccc3OC)CC2)sc1C,[C:1]-[O:2],"[1, 2]","[1, 2]",COc1ccccc1N1CCN(C(=O)[CH3:1])CC1,1,CCCc1cc(C(=O)[OH:2])sc1C,2,amine,3,hydrogen,4,COc1ccccc1N1CCN(C(=O)CN)CC1,189762-35-4,675,COM638470980-1G,CCCc1cc(C(=O)O)sc1C,790263-47-7,1300.95,ENA024295828-5G
CCCN1C(N)=C(C2=CSC(NC3=CC=C(F)C=C3)=N2)C(=O)N(C)C1=O,CCCn1c(N)[c:1](-[c:2]2csc(Nc3ccc(F)cc3)n2)c(=O)n(C)c1=O,[c:1]-[c:2],"[1, 2]","[1, 2]",CCCn1c(N)[cH:1]c(=O)n(C)c1=O,1,Fc1ccc(Nc2n[cH:2]cs2)cc1,2,hydrogen,3,alcohol,4,CCCn1c(N)cc(=O)n(C)c1=O,53681-48-4,56.7,ENA018109565-100MG,Oc1csc(Nc2ccc(F)cc2)n1,21262-73-7,438.9,ENA069848530-2.5G
COC(=O)[C@@H](CC(C)C)NC(=O)COC(=O)C1=CC([N+](=O)[O-])=CC=C1N(C)C,COC(=O)[C@@H](CC(C)C)NC(=O)[CH2:1][O:2]C(=O)c1cc([N+](=O)[O-])ccc1N(C)C,[C:1]-[O:2],"[1, 2]","[1, 2]",COC(=O)[C@@H](CC(C)C)NC(=O)[CH3:1],1,CN(C)c1ccc([N+](=O)[O-])cc1C(=O)[OH:2],2,hydrogen,3,hydrogen,4,COC(=O)[C@@H](CC(C)C)NC(C)=O,35799-87-2,1500,COM448686368-5G,CN(C)c1ccc([N+](=O)[O-])cc1C(=O)O,4405-28-1,404.25,ENA024295884-1G
COC(=O)C1=C(CO)C=NC(C)=C1O,CO[C:2](=O)[c:1]1c(CO)cnc(C)c1O,[c:1]-[C:2],"[1, 2]","[1, 2]",Cc1ncc(CO)[cH:1]c1O,1,CO[CH:2]=O,2,acid,3,hydrogen,4,Cc1ncc(CO)c(C(=O)O)c1O,82-82-6,42.10,P9630-25MG,COC=O,107-31-3,61.10,291056-100ML
COC(=O)C1=C(CO)C=NC(C)=C1O,CO[C:2](=O)[c:1]1c(CO)cnc(C)c1O,[c:1]-[C:2],"[1, 2]","[1, 2]",Cc1ncc(CO)[cH:1]c1O,1,CO[CH:2]=O,2,acid,3,amine,4,Cc1ncc(CO)c(C(=O)O)c1O,82-82-6,42.10,P9630-25MG,COC(N)=O,598-55-0,21.00,246352-100G
COC(=O)C1=C(CO)C=NC(C)=C1O,CO[C:2](=O)[c:1]1c(CO)cnc(C)c1O,[c:1]-[C:2],"[1, 2]","[1, 2]",Cc1ncc(CO)[cH:1]c1O,1,CO[CH:2]=O,2,acid,3,acid,4,Cc1ncc(CO)c(C(=O)O)c1O,82-82-6,42.10,P9630-25MG,COC(=O)C(=O)O,600-23-7,375.9,ENAH03BB3104-5G
COC(=O)C1=C(CO)C=NC(C)=C1O,CO[C:2](=O)[c:1]1c(CO)cnc(C)c1O,[c:1]-[C:2],"[1, 2]","[1, 2]",Cc1ncc(CO)[cH:1]c1O,1,CO[CH:2]=O,2,acid,3,chloride,4,Cc1ncc(CO)c(C(=O)O)c1O,82-82-6,42.10,P9630-25MG,COC(=O)Cl,79-22-1,27.30,M35304-5G
COC(=O)C1=C(CO)C=NC(C)=C1O,Cc1ncc(CO)c(C(=O)[O:2][CH3:1])c1O,[C:1]-[O:2],"[1, 2]","[1, 2]",[CH4:1],1,Cc1ncc(CO)c(C(=O)[OH:2])c1O,2,hydrogen,3,hydrogen,4,C,74-82-8,1610.00,463035-24L,Cc1ncc(CO)c(C(=O)O)c1O,82-82-6,42.10,P9630-25MG
COC(=O)C1=C(CO)C=NC(C)=C1O,Cc1ncc(CO)c(C(=O)[O:2][CH3:1])c1O,[C:1]-[O:2],"[1, 2]","[1, 2]",[CH4:1],1,Cc1ncc(CO)c(C(=O)[OH:2])c1O,2,alcohol,3,hydrogen,4,CO,67-56-1,30.20,M3641-500ML,Cc1ncc(CO)c(C(=O)O)c1O,82-82-6,42.10,P9630-25MG
COC(=O)C1=C(CO)C=NC(C)=C1O,Cc1ncc(CO)c(C(=O)[O:2][CH3:1])c1O,[C:1]-[O:2],"[1, 2]","[1, 2]",[CH4:1],1,Cc1ncc(CO)c(C(=O)[OH:2])c1O,2,amine,3,hydrogen,4,CN,74-89-5,40.10,534102-250ML,Cc1ncc(CO)c(C(=O)O)c1O,82-82-6,42.10,P9630-25MG
COC(=O)C1=C(CO)C=NC(C)=C1O,Cc1ncc(CO)c(C(=O)[O:2][CH3:1])c1O,[C:1]-[O:2],"[1, 2]","[1, 2]",[CH4:1],1,Cc1ncc(CO)c(C(=O)[OH:2])c1O,2,acid,3,hydrogen,4,CC(=O)O,64-19-7,67.00,W200611-1KG-K,Cc1ncc(CO)c(C(=O)O)c1O,82-82-6,42.10,P9630-25MG
COC(=O)C1=C(CO)C=NC(C)=C1O,Cc1ncc(CO)c(C(=O)[O:2][CH3:1])c1O,[C:1]-[O:2],"[1, 2]","[1, 2]",[CH4:1],1,Cc1ncc(CO)c(C(=O)[OH:2])c1O,2,chloride,3,hydrogen,4,CCl,74-87-3,252.00,294799-200ML,Cc1ncc(CO)c(C(=O)O)c1O,82-82-6,42.10,P9630-25MG
COC(=O)C1=C(CO)C=NC(C)=C1O,Cc1ncc(CO)c(C(=O)[O:2][CH3:1])c1O,[C:1]-[O:2],"[1, 2]","[1, 2]",[CH4:1],1,Cc1ncc(CO)c(C(=O)[OH:2])c1O,2,bromide,3,hydrogen,4,CBr,74-83-9,24.10,48624,Cc1ncc(CO)c(C(=O)O)c1O,82-82-6,42.10,P9630-25MG
COC(=O)C1=C(CO)C=NC(C)=C1O,Cc1ncc(CO)c(C(=O)[O:2][CH3:1])c1O,[C:1]-[O:2],"[1, 2]","[1, 2]",[CH4:1],1,Cc1ncc(CO)c(C(=O)[OH:2])c1O,2,iodide,3,hydrogen,4,CI,74-88-4,112.00,456756-100ML,Cc1ncc(CO)c(C(=O)O)c1O,82-82-6,42.10,P9630-25MG
COC(=O)C1=C(CO)C=NC(C)=C1O,Cc1ncc(CO)c(C(=O)[O:2][CH3:1])c1O,[C:1]-[O:2],"[1, 2]","[1, 2]",[CH4:1],1,Cc1ncc(CO)c(C(=O)[OH:2])c1O,2,boronate,3,hydrogen,4,CB(O)O,13061-96-6,43.80,165336-1G,Cc1ncc(CO)c(C(=O)O)c1O,82-82-6,42.10,P9630-25MG
COC(=O)C1=C(CO)C=NC(C)=C1O,Cc1ncc(CO)c([C:1](=O)[O:2]C)c1O,[C:1]-[O:2],"[1, 2]","[1, 2]",Cc1ncc(CO)c([CH:1]=O)c1O,1,C[OH:2],2,hydrogen,3,hydrogen,4,Cc1ncc(CO)c(C=O)c1O,66-72-8,407,AMBH93D53857-1G,CO,67-56-1,30.20,M3641-500ML
CN(CC=O)C1CCCC2=CC=CC=C21,C[N:2](C1CCCc2ccccc21)[CH2:1]C=O,[C:1]-[N:2],"[1, 2]","[1, 2]",O=C[CH3:1],1,C[NH:2]C1CCCc2ccccc21,2,hydrogen,3,hydrogen,4,CC=O,75-07-0,119.00,W200360-1.9KG-K,CNC1CCCc2ccccc21,10409-15-1,162.00,CBR00363-1G
CN(CC=O)C1CCCC2=CC=CC=C21,C[N:2](C1CCCc2ccccc21)[CH2:1]C=O,[C:1]-[N:2],"[1, 2]","[1, 2]",O=C[CH3:1],1,C[NH:2]C1CCCc2ccccc21,2,chloride,3,hydrogen,4,O=CCCl,107-20-0,39.30,317276-5ML,CNC1CCCc2ccccc21,10409-15-1,162.00,CBR00363-1G
CCCCCCNC(=O)CSC1=NN=C2C3=CC=CC=C3N(CC)C2=N1,CCCCCCN[C:1](=O)[CH2:2]Sc1nnc2c3ccccc3n(CC)c2n1,[C:1]-[C:2],"[1, 2]","[1, 2]",CCCCCCN[CH:1]=O,1,CCn1c2ccccc2c2nnc(S[CH3:2])nc21,2,amine,3,acid,4,CCCCCCNC(N)=O,,117.16,PRI444789173-250MG,CCn1c2ccccc2c2nnc(SCC(=O)O)nc21,337489-46-0,70.4,CH4017894201-250MG
CCCCCCNC(=O)CSC1=NN=C2C3=CC=CC=C3N(CC)C2=N1,CCCCCCNC(=O)[CH2:1][S:2]c1nnc2c3ccccc3n(CC)c2n1,[C:1]-[S:2],"[1, 2]","[1, 2]",CCCCCCNC(=O)[CH3:1],1,CCn1c2ccccc2c2nnc([SH:2])nc21,2,chloride,3,hydrogen,4,CCCCCCNC(=O)CCl,5326-81-8,80.85,ENA185118716-250MG,CCn1c2ccccc2c2nnc(S)nc21,36047-55-9,37.8,ENA024296033-100MG
COC(=O)C1=CC=CC=C1OCC(=O)NCCC1=CC=CC=C1OC,COC(=O)c1ccccc1O[CH2:1][C:2](=O)NCCc1ccccc1OC,[C:1]-[C:2],"[1, 2]","[1, 2]",COC(=O)c1ccccc1O[CH3:1],1,COc1ccccc1CCN[CH:2]=O,2,hydrogen,3,amine,4,COC(=O)c1ccccc1OC,606-45-1,176.00,W271705-100G-K,COc1ccccc1CCNC(N)=O,69226-62-6,74.1,ATC386058918-1G
COC(=O)C1=CC=CC=C1OCC(=O)NCCC1=CC=CC=C1OC,COC(=O)c1ccccc1[O:2][CH2:1]C(=O)NCCc1ccccc1OC,[C:1]-[O:2],"[1, 2]","[1, 2]",COc1ccccc1CCNC(=O)[CH3:1],1,COC(=O)c1ccccc1[OH:2],2,chloride,3,hydrogen,4,COc1ccccc1CCNC(=O)CCl,34162-11-3,77,CH4102153733-1G,COC(=O)c1ccccc1O,119-36-8,29.30,M2047-100ML
[2H]C([2H])(N)CC1=CC=CC(O)=C1,[2H][C:1]([2H])(N)[CH2:2]c1cccc(O)c1,[C:1]-[C:2],"[1, 2]","[1, 2]",[2H][CH:1]([2H])N,1,Oc1cccc([CH3:2])c1,2,acid,3,hydrogen,4,[2H]C([2H])(N)C(=O)O,4896-75-7,280.00,336459-5G,Cc1cccc(O)c1,108-39-4,86.00,W353000-1KG-K
[2H]C([2H])(N)CC1=CC=CC(O)=C1,[2H][C:1]([2H])(N)[CH2:2]c1cccc(O)c1,[C:1]-[C:2],"[1, 2]","[1, 2]",[2H][CH:1]([2H])N,1,Oc1cccc([CH3:2])c1,2,acid,3,alcohol,4,[2H]C([2H])(N)C(=O)O,4896-75-7,280.00,336459-5G,OCc1cccc(O)c1,620-24-6,38.20,H20601-5G
[2H]C([2H])(N)CC1=CC=CC(O)=C1,[2H][C:1]([2H])(N)[CH2:2]c1cccc(O)c1,[C:1]-[C:2],"[1, 2]","[1, 2]",[2H][CH:1]([2H])N,1,Oc1cccc([CH3:2])c1,2,acid,3,amine,4,[2H]C([2H])(N)C(=O)O,4896-75-7,280.00,336459-5G,NCc1cccc(O)c1,,55.10,CDS016848-50MG
[2H]C([2H])(N)CC1=CC=CC(O)=C1,[2H][C:1]([2H])(N)[CH2:2]c1cccc(O)c1,[C:1]-[C:2],"[1, 2]","[1, 2]",[2H][CH:1]([2H])N,1,Oc1cccc([CH3:2])c1,2,acid,3,acid,4,[2H]C([2H])(N)C(=O)O,4896-75-7,280.00,336459-5G,O=C(O)Cc1cccc(O)c1,621-37-4,65.80,H49901-5G
[2H]C([2H])(N)CC1=CC=CC(O)=C1,[2H][C:1]([2H])(N)[CH2:2]c1cccc(O)c1,[C:1]-[C:2],"[1, 2]","[1, 2]",[2H][CH:1]([2H])N,1,Oc1cccc([CH3:2])c1,2,acid,3,chloride,4,[2H]C([2H])(N)C(=O)O,4896-75-7,280.00,336459-5G,Oc1cccc(CCl)c1,60760-06-7,126.5,AMBH93D538CC-1G
[2H]C([2H])(N)CC1=CC=CC(O)=C1,[2H][C:1]([2H])(N)[CH2:2]c1cccc(O)c1,[C:1]-[C:2],"[1, 2]","[1, 2]",[2H][CH:1]([2H])N,1,Oc1cccc([CH3:2])c1,2,acid,3,bromide,4,[2H]C([2H])(N)C(=O)O,4896-75-7,280.00,336459-5G,Oc1cccc(CBr)c1,74597-04-9,248.6,AMBH303C4F29-1G
O=CC1=CC=CC2=CC(CO)=NN12,O=[CH:2][c:1]1cccc2cc(CO)nn21,[c:1]-[C:2],"[1, 2]","[1, 2]",OCc1cc2ccc[cH:1]n2n1,1,O=[CH2:2],2,hydrogen,3,hydrogen,4,OCc1cc2ccccn2n1,76943-47-0,210,JWPH3249E009-100MG,C=O,50-00-0,28.90,252549-25ML
O=CC1=CC=CC2=CC(CO)=NN12,O=[CH:2][c:1]1cccc2cc(CO)nn21,[c:1]-[C:2],"[1, 2]","[1, 2]",OCc1cc2ccc[cH:1]n2n1,1,O=[CH2:2],2,hydrogen,3,amine,4,OCc1cc2ccccn2n1,76943-47-0,210,JWPH3249E009-100MG,NC=O,,133.00,612707-1EA
O=CC1=CC=CC2=CC(CO)=NN12,O=[CH:2][c:1]1cccc2cc(CO)nn21,[c:1]-[C:2],"[1, 2]","[1, 2]",OCc1cc2ccc[cH:1]n2n1,1,O=[CH2:2],2,hydrogen,3,acid,4,OCc1cc2ccccn2n1,76943-47-0,210,JWPH3249E009-100MG,O=CC(=O)O,298-12-4,37.80,260150-250G-A
O=CC1=CC=CC2=CC(CO)=NN12,O=Cc1cccc2c[c:1]([CH2:2]O)nn12,[c:1]-[C:2],"[1, 2]","[1, 2]",O=Cc1cccc2c[cH:1]nn12,1,O[CH3:2],2,hydrogen,3,hydrogen,4,O=Cc1cccc2ccnn12,362661-83-4,111.00,759376-500MG,CO,67-56-1,30.20,M3641-500ML
O=CC1=CC=CC2=CC(CO)=NN12,O=Cc1cccc2c[c:1]([CH2:2]O)nn12,[c:1]-[C:2],"[1, 2]","[1, 2]",O=Cc1cccc2c[cH:1]nn12,1,O[CH3:2],2,hydrogen,3,acid,4,O=Cc1cccc2ccnn12,362661-83-4,111.00,759376-500MG,O=C(O)CO,79-14-1,27.00,G8284-10MG
C=C(C)C(N)C1=CC=C2CCCC2=C1,C=C(C)[CH:2](N)[c:1]1ccc2c(c1)CCC2,[c:1]-[C:2],"[1, 2]","[1, 2]",c1c[cH:1]cc2c1CCC2,1,C=C(C)[CH2:2]N,2,hydrogen,3,hydrogen,4,c1ccc2c(c1)CCC2,496-11-7,61.10,I1804-100ML,C=C(C)CN,,55.10,CDS003053-250MG
C=C(C)C(N)C1=CC=C2CCCC2=C1,C=C(C)[CH:2](N)[c:1]1ccc2c(c1)CCC2,[c:1]-[C:2],"[1, 2]","[1, 2]",c1c[cH:1]cc2c1CCC2,1,C=C(C)[CH2:2]N,2,alcohol,3,hydrogen,4,Oc1ccc2c(c1)CCC2,1470-94-6,71.70,I2215-25G,C=C(C)CN,,55.10,CDS003053-250MG
C=C(C)C(N)C1=CC=C2CCCC2=C1,C=C(C)[CH:2](N)[c:1]1ccc2c(c1)CCC2,[c:1]-[C:2],"[1, 2]","[1, 2]",c1c[cH:1]cc2c1CCC2,1,C=C(C)[CH2:2]N,2,amine,3,hydrogen,4,Nc1ccc2c(c1)CCC2,24425-40-9,89.40,130877-10G,C=C(C)CN,,55.10,CDS003053-250MG
C=C(C)C(N)C1=CC=C2CCCC2=C1,C=C(C)[CH:2](N)[c:1]1ccc2c(c1)CCC2,[c:1]-[C:2],"[1, 2]","[1, 2]",c1c[cH:1]cc2c1CCC2,1,C=C(C)[CH2:2]N,2,acid,3,hydrogen,4,O=C(O)c1ccc2c(c1)CCC2,65898-38-6,185.9,AMBH580644AA-1G,C=C(C)CN,,55.10,CDS003053-250MG
C=C(C)C(N)C1=CC=C2CCCC2=C1,C=C(C)[CH:2](N)[c:1]1ccc2c(c1)CCC2,[c:1]-[C:2],"[1, 2]","[1, 2]",c1c[cH:1]cc2c1CCC2,1,C=C(C)[CH2:2]N,2,chloride,3,hydrogen,4,Clc1ccc2c(c1)CCC2,60669-08-1,109.2,ENA964470613-100MG,C=C(C)CN,,55.10,CDS003053-250MG
C=C(C)C(N)C1=CC=C2CCCC2=C1,C=C(C)[CH:2](N)[c:1]1ccc2c(c1)CCC2,[c:1]-[C:2],"[1, 2]","[1, 2]",c1c[cH:1]cc2c1CCC2,1,C=C(C)[CH2:2]N,2,bromide,3,hydrogen,4,Brc1ccc2c(c1)CCC2,6134-54-9,39.9,ENA245488141-100MG,C=C(C)CN,,55.10,CDS003053-250MG
C=C(C)C(N)C1=CC=C2CCCC2=C1,C=C(C)[CH:2](N)[c:1]1ccc2c(c1)CCC2,[c:1]-[C:2],"[1, 2]","[1, 2]",c1c[cH:1]cc2c1CCC2,1,C=C(C)[CH2:2]N,2,iodide,3,hydrogen,4,Ic1ccc2c(c1)CCC2,132464-83-6,235.2,ENA432539952-2.5G,C=C(C)CN,,55.10,CDS003053-250MG
C=C(C)C(N)C1=CC=C2CCCC2=C1,C=[C:1](C)[CH:2](N)c1ccc2c(c1)CCC2,[C:1]-[C:2],"[1, 2]","[1, 2]",C=[CH:1]C,1,N[CH2:2]c1ccc2c(c1)CCC2,2,hydrogen,3,hydrogen,4,C=CC,115-07-1,165.00,295663-100G,NCc1ccc2c(c1)CCC2,13203-56-0,438.9,AMBH6FD84489-250MG
C=C(C)C(N)C1=CC=C2CCCC2=C1,C=[C:1](C)[CH:2](N)c1ccc2c(c1)CCC2,[C:1]-[C:2],"[1, 2]","[1, 2]",C=[CH:1]C,1,N[CH2:2]c1ccc2c(c1)CCC2,2,acid,3,hydrogen,4,C=C(C)C(=O)O,79-41-4,14.90,155721-5G,NCc1ccc2c(c1)CCC2,13203-56-0,438.9,AMBH6FD84489-250MG
C=C(C)C(N)C1=CC=C2CCCC2=C1,C=[C:1](C)[CH:2](N)c1ccc2c(c1)CCC2,[C:1]-[C:2],"[1, 2]","[1, 2]",C=[CH:1]C,1,N[CH2:2]c1ccc2c(c1)CCC2,2,chloride,3,hydrogen,4,C=C(C)Cl,557-98-2,79.70,254355-5G,NCc1ccc2c(c1)CCC2,13203-56-0,438.9,AMBH6FD84489-250MG
C=C(C)C(N)C1=CC=C2CCCC2=C1,C=[C:1](C)[CH:2](N)c1ccc2c(c1)CCC2,[C:1]-[C:2],"[1, 2]","[1, 2]",C=[CH:1]C,1,N[CH2:2]c1ccc2c(c1)CCC2,2,bromide,3,hydrogen,4,C=C(C)Br,557-93-7,76.60,B78254-10G,NCc1ccc2c(c1)CCC2,13203-56-0,438.9,AMBH6FD84489-250MG
C=C(C)C(N)C1=CC=C2CCCC2=C1,C=[C:1](C)[CH:2](N)c1ccc2c(c1)CCC2,[C:1]-[C:2],"[1, 2]","[1, 2]",C=[CH:1]C,1,N[CH2:2]c1ccc2c(c1)CCC2,2,boronate,3,hydrogen,4,C=C(C)B(O)O,14559-87-6,114.4,AMBH93D53636-100MG,NCc1ccc2c(c1)CCC2,13203-56-0,438.9,AMBH6FD84489-250MG
CC(=O)C1=CC=C(OCC(=O)N[C@@H](C)C2CC2)C=C1,CC(=O)c1ccc(OCC(=O)N[C@H:1](C2CC2)[CH3:2])cc1,[C:1]-[C:2],"[1, 2]","[1, 2]",CC(=O)c1ccc(OCC(=O)N[CH2:1]C2CC2)cc1,1,[CH4:2],2,hydrogen,3,hydrogen,4,CC(=O)c1ccc(OCC(=O)NCC2CC2)cc1,1016830-57-1,1500,COMH4211AEFB-1G,C,74-82-8,1610.00,463035-24L
CC(=O)C1=CC=C(OCC(=O)N[C@@H](C)C2CC2)C=C1,CC(=O)c1ccc(OCC(=O)N[C@H:1](C2CC2)[CH3:2])cc1,[C:1]-[C:2],"[1, 2]","[1, 2]",CC(=O)c1ccc(OCC(=O)N[CH2:1]C2CC2)cc1,1,[CH4:2],2,hydrogen,3,alcohol,4,CC(=O)c1ccc(OCC(=O)NCC2CC2)cc1,1016830-57-1,1500,COMH4211AEFB-1G,CO,67-56-1,30.20,M3641-500ML
CC(=O)C1=CC=C(OCC(=O)N[C@@H](C)C2CC2)C=C1,CC(=O)c1ccc(OCC(=O)N[C@H:1](C2CC2)[CH3:2])cc1,[C:1]-[C:2],"[1, 2]","[1, 2]",CC(=O)c1ccc(OCC(=O)N[CH2:1]C2CC2)cc1,1,[CH4:2],2,hydrogen,3,amine,4,CC(=O)c1ccc(OCC(=O)NCC2CC2)cc1,1016830-57-1,1500,COMH4211AEFB-1G,CN,74-89-5,40.10,534102-250ML
CC(=O)C1=CC=C(OCC(=O)N[C@@H](C)C2CC2)C=C1,CC(=O)c1ccc(OCC(=O)N[C@H:1](C2CC2)[CH3:2])cc1,[C:1]-[C:2],"[1, 2]","[1, 2]",CC(=O)c1ccc(OCC(=O)N[CH2:1]C2CC2)cc1,1,[CH4:2],2,hydrogen,3,acid,4,CC(=O)c1ccc(OCC(=O)NCC2CC2)cc1,1016830-57-1,1500,COMH4211AEFB-1G,CC(=O)O,64-19-7,67.00,W200611-1KG-K
CC(=O)C1=CC=C(OCC(=O)N[C@@H](C)C2CC2)C=C1,CC(=O)c1ccc(OCC(=O)N[C@H:1](C2CC2)[CH3:2])cc1,[C:1]-[C:2],"[1, 2]","[1, 2]",CC(=O)c1ccc(OCC(=O)N[CH2:1]C2CC2)cc1,1,[CH4:2],2,hydrogen,3,chloride,4,CC(=O)c1ccc(OCC(=O)NCC2CC2)cc1,1016830-57-1,1500,COMH4211AEFB-1G,CCl,74-87-3,252.00,294799-200ML
CC(=O)C1=CC=C(OCC(=O)N[C@@H](C)C2CC2)C=C1,CC(=O)c1ccc(OCC(=O)N[C@H:1](C2CC2)[CH3:2])cc1,[C:1]-[C:2],"[1, 2]","[1, 2]",CC(=O)c1ccc(OCC(=O)N[CH2:1]C2CC2)cc1,1,[CH4:2],2,hydrogen,3,bromide,4,CC(=O)c1ccc(OCC(=O)NCC2CC2)cc1,1016830-57-1,1500,COMH4211AEFB-1G,CBr,74-83-9,24.10,48624
CC(=O)C1=CC=C(OCC(=O)N[C@@H](C)C2CC2)C=C1,CC(=O)c1ccc(OCC(=O)N[C@H:1](C2CC2)[CH3:2])cc1,[C:1]-[C:2],"[1, 2]","[1, 2]",CC(=O)c1ccc(OCC(=O)N[CH2:1]C2CC2)cc1,1,[CH4:2],2,hydrogen,3,iodide,4,CC(=O)c1ccc(OCC(=O)NCC2CC2)cc1,1016830-57-1,1500,COMH4211AEFB-1G,CI,74-88-4,112.00,456756-100ML
CC(=O)C1=CC=C(OCC(=O)N[C@@H](C)C2CC2)C=C1,CC(=O)c1ccc(OCC(=O)N[C@H:1](C2CC2)[CH3:2])cc1,[C:1]-[C:2],"[1, 2]","[1, 2]",CC(=O)c1ccc(OCC(=O)N[CH2:1]C2CC2)cc1,1,[CH4:2],2,hydrogen,3,boronate,4,CC(=O)c1ccc(OCC(=O)NCC2CC2)cc1,1016830-57-1,1500,COMH4211AEFB-1G,CB(O)O,13061-96-6,43.80,165336-1G
CC(=O)C1=CC=C(OCC(=O)N[C@@H](C)C2CC2)C=C1,CC(=O)c1ccc(OC[C:1](=O)[NH:2][C@@H](C)C2CC2)cc1,[C:1]-[N:2],"[1, 2]","[1, 2]",CC(=O)c1ccc(OC[CH:1]=O)cc1,1,C[C@@H](C1CC1)[NH2:2],2,amine,3,hydrogen,4,CC(=O)c1ccc(OCC(N)=O)cc1,42017-88-9,225.5,CH4017936708-5G,C[C@H](N)C1CC1,195604-39-8,348.00,727245-5G
CC(=O)C1=CC=C(OCC(=O)N[C@@H](C)C2CC2)C=C1,CC(=O)c1ccc(OCC(=O)[NH:2][C@@H:1](C)C2CC2)cc1,[C:1]-[N:2],"[1, 2]","[1, 2]",C[CH2:1]C1CC1,1,CC(=O)c1ccc(OCC(=O)[NH2:2])cc1,2,alcohol,3,hydrogen,4,CC(O)C1CC1,765-42-4,133.00,C119903-25G,CC(=O)c1ccc(OCC(N)=O)cc1,42017-88-9,225.5,CH4017936708-5G
CC(=O)C1=CC=C(OCC(=O)N[C@@H](C)C2CC2)C=C1,CC(=O)c1ccc(OCC(=O)[NH:2][C@@H:1](C)C2CC2)cc1,[C:1]-[N:2],"[1, 2]","[1, 2]",C[CH2:1]C1CC1,1,CC(=O)c1ccc(OCC(=O)[NH2:2])cc1,2,amine,3,hydrogen,4,CC(N)C1CC1,,55.10,CDS018130-10MG,CC(=O)c1ccc(OCC(N)=O)cc1,42017-88-9,225.5,CH4017936708-5G
CC(=O)C1=CC=C(OCC(=O)N[C@@H](C)C2CC2)C=C1,CC(=O)c1ccc(OCC(=O)[NH:2][C@@H:1](C)C2CC2)cc1,[C:1]-[N:2],"[1, 2]","[1, 2]",C[CH2:1]C1CC1,1,CC(=O)c1ccc(OCC(=O)[NH2:2])cc1,2,acid,3,hydrogen,4,CC(C(=O)O)C1CC1,98485-33-7,2060.1,ENA360887250-10G,CC(=O)c1ccc(OCC(N)=O)cc1,42017-88-9,225.5,CH4017936708-5G
CC(=O)C1=CC=C(OCC(=O)N[C@@H](C)C2CC2)C=C1,CC(=O)c1ccc(OCC(=O)[NH:2][C@@H:1](C)C2CC2)cc1,[C:1]-[N:2],"[1, 2]","[1, 2]",C[CH2:1]C1CC1,1,CC(=O)c1ccc(OCC(=O)[NH2:2])cc1,2,chloride,3,hydrogen,4,CC(Cl)C1CC1,10524-06-8,165.9,ENA360887234-100MG,CC(=O)c1ccc(OCC(N)=O)cc1,42017-88-9,225.5,CH4017936708-5G
CCN1CCN(C)C2=CC=CC=C21,CN1CCN([CH2:2][CH3:1])c2ccccc21,[C:1]-[C:2],"[1, 2]","[1, 2]",[CH4:1],1,CN1CCN([CH3:2])c2ccccc21,2,hydrogen,3,hydrogen,4,C,74-82-8,1610.00,463035-24L,CN1CCN(C)c2ccccc21,,1328.25,ADVH7F37AA89-5G
CCN1CCN(C)C2=CC=CC=C21,CN1CCN([CH2:2][CH3:1])c2ccccc21,[C:1]-[C:2],"[1, 2]","[1, 2]",[CH4:1],1,CN1CCN([CH3:2])c2ccccc21,2,alcohol,3,hydrogen,4,CO,67-56-1,30.20,M3641-500ML,CN1CCN(C)c2ccccc21,,1328.25,ADVH7F37AA89-5G
CCN1CCN(C)C2=CC=CC=C21,CN1CCN([CH2:2][CH3:1])c2ccccc21,[C:1]-[C:2],"[1, 2]","[1, 2]",[CH4:1],1,CN1CCN([CH3:2])c2ccccc21,2,amine,3,hydrogen,4,CN,74-89-5,40.10,534102-250ML,CN1CCN(C)c2ccccc21,,1328.25,ADVH7F37AA89-5G
CCN1CCN(C)C2=CC=CC=C21,CN1CCN([CH2:2][CH3:1])c2ccccc21,[C:1]-[C:2],"[1, 2]","[1, 2]",[CH4:1],1,CN1CCN([CH3:2])c2ccccc21,2,acid,3,hydrogen,4,CC(=O)O,64-19-7,67.00,W200611-1KG-K,CN1CCN(C)c2ccccc21,,1328.25,ADVH7F37AA89-5G
CCN1CCN(C)C2=CC=CC=C21,CN1CCN([CH2:2][CH3:1])c2ccccc21,[C:1]-[C:2],"[1, 2]","[1, 2]",[CH4:1],1,CN1CCN([CH3:2])c2ccccc21,2,chloride,3,hydrogen,4,CCl,74-87-3,252.00,294799-200ML,CN1CCN(C)c2ccccc21,,1328.25,ADVH7F37AA89-5G
CCN1CCN(C)C2=CC=CC=C21,CN1CCN([CH2:2][CH3:1])c2ccccc21,[C:1]-[C:2],"[1, 2]","[1, 2]",[CH4:1],1,CN1CCN([CH3:2])c2ccccc21,2,bromide,3,hydrogen,4,CBr,74-83-9,24.10,48624,CN1CCN(C)c2ccccc21,,1328.25,ADVH7F37AA89-5G
CCN1CCN(C)C2=CC=CC=C21,CN1CCN([CH2:2][CH3:1])c2ccccc21,[C:1]-[C:2],"[1, 2]","[1, 2]",[CH4:1],1,CN1CCN([CH3:2])c2ccccc21,2,iodide,3,hydrogen,4,CI,74-88-4,112.00,456756-100ML,CN1CCN(C)c2ccccc21,,1328.25,ADVH7F37AA89-5G
CCN1CCN(C)C2=CC=CC=C21,CN1CCN([CH2:2][CH3:1])c2ccccc21,[C:1]-[C:2],"[1, 2]","[1, 2]",[CH4:1],1,CN1CCN([CH3:2])c2ccccc21,2,boronate,3,hydrogen,4,CB(O)O,13061-96-6,43.80,165336-1G,CN1CCN(C)c2ccccc21,,1328.25,ADVH7F37AA89-5G
CCN1CCN(C)C2=CC=CC=C21,CN1CC[N:2]([CH2:1]C)c2ccccc21,[C:1]-[N:2],"[1, 2]","[1, 2]",C[CH3:1],1,CN1CC[NH:2]c2ccccc21,2,hydrogen,3,hydrogen,4,CC,74-84-0,463.00,295302-110G,CN1CCNc2ccccc21,36438-97-8,347.55,ENA313839283-500MG
CCN1CCN(C)C2=CC=CC=C21,CN1CC[N:2]([CH2:1]C)c2ccccc21,[C:1]-[N:2],"[1, 2]","[1, 2]",C[CH3:1],1,CN1CC[NH:2]c2ccccc21,2,alcohol,3,hydrogen,4,CCO,64-17-5,74.00,2858-240ML,CN1CCNc2ccccc21,36438-97-8,347.55,ENA313839283-500MG
CCN1CCN(C)C2=CC=CC=C21,CN1CC[N:2]([CH2:1]C)c2ccccc21,[C:1]-[N:2],"[1, 2]","[1, 2]",C[CH3:1],1,CN1CC[NH:2]c2ccccc21,2,amine,3,hydrogen,4,CCN,75-04-7,20.70,471208-100ML,CN1CCNc2ccccc21,36438-97-8,347.55,ENA313839283-500MG
CCN1CCN(C)C2=CC=CC=C21,CN1CC[N:2]([CH2:1]C)c2ccccc21,[C:1]-[N:2],"[1, 2]","[1, 2]",C[CH3:1],1,CN1CC[NH:2]c2ccccc21,2,acid,3,hydrogen,4,CCC(=O)O,79-09-4,37.90,P5561-1L,CN1CCNc2ccccc21,36438-97-8,347.55,ENA313839283-500MG
CCN1CCN(C)C2=CC=CC=C21,CN1CC[N:2]([CH2:1]C)c2ccccc21,[C:1]-[N:2],"[1, 2]","[1, 2]",C[CH3:1],1,CN1CC[NH:2]c2ccccc21,2,chloride,3,hydrogen,4,CCCl,75-00-3,178.00,295310-1KG,CN1CCNc2ccccc21,36438-97-8,347.55,ENA313839283-500MG
CCN1CCN(C)C2=CC=CC=C21,CN1CC[N:2]([CH2:1]C)c2ccccc21,[C:1]-[N:2],"[1, 2]","[1, 2]",C[CH3:1],1,CN1CC[NH:2]c2ccccc21,2,bromide,3,hydrogen,4,CCBr,74-96-4,55.70,239607-50G,CN1CCNc2ccccc21,36438-97-8,347.55,ENA313839283-500MG
CCN1CCN(C)C2=CC=CC=C21,CN1CC[N:2]([CH2:1]C)c2ccccc21,[C:1]-[N:2],"[1, 2]","[1, 2]",C[CH3:1],1,CN1CC[NH:2]c2ccccc21,2,iodide,3,hydrogen,4,CCI,75-03-6,24.00,I7780-5G,CN1CCNc2ccccc21,36438-97-8,347.55,ENA313839283-500MG
CCN1CCN(C)C2=CC=CC=C21,CN1CC[N:2]([CH2:1]C)c2ccccc21,[C:1]-[N:2],"[1, 2]","[1, 2]",C[CH3:1],1,CN1CC[NH:2]c2ccccc21,2,boronate,3,hydrogen,4,CCB(O)O,,66.00,CDS003542-250MG,CN1CCNc2ccccc21,36438-97-8,347.55,ENA313839283-500MG
CCN1CCN(C)C2=CC=CC=C21,CCN1CC[N:2]([CH3:1])c2ccccc21,[C:1]-[N:2],"[1, 2]","[1, 2]",[CH4:1],1,CCN1CC[NH:2]c2ccccc21,2,hydrogen,3,hydrogen,4,C,74-82-8,1610.00,463035-24L,CCN1CCNc2ccccc21,73855-46-6,298.2,ENA321762284-500MG
CCN1CCN(C)C2=CC=CC=C21,CCN1CC[N:2]([CH3:1])c2ccccc21,[C:1]-[N:2],"[1, 2]","[1, 2]",[CH4:1],1,CCN1CC[NH:2]c2ccccc21,2,alcohol,3,hydrogen,4,CO,67-56-1,30.20,M3641-500ML,CCN1CCNc2ccccc21,73855-46-6,298.2,ENA321762284-500MG
CCN1CCN(C)C2=CC=CC=C21,CCN1CC[N:2]([CH3:1])c2ccccc21,[C:1]-[N:2],"[1, 2]","[1, 2]",[CH4:1],1,CCN1CC[NH:2]c2ccccc21,2,amine,3,hydrogen,4,CN,74-89-5,40.10,534102-250ML,CCN1CCNc2ccccc21,73855-46-6,298.2,ENA321762284-500MG
CCN1CCN(C)C2=CC=CC=C21,CCN1CC[N:2]([CH3:1])c2ccccc21,[C:1]-[N:2],"[1, 2]","[1, 2]",[CH4:1],1,CCN1CC[NH:2]c2ccccc21,2,acid,3,hydrogen,4,CC(=O)O,64-19-7,67.00,W200611-1KG-K,CCN1CCNc2ccccc21,73855-46-6,298.2,ENA321762284-500MG
CCN1CCN(C)C2=CC=CC=C21,CCN1CC[N:2]([CH3:1])c2ccccc21,[C:1]-[N:2],"[1, 2]","[1, 2]",[CH4:1],1,CCN1CC[NH:2]c2ccccc21,2,chloride,3,hydrogen,4,CCl,74-87-3,252.00,294799-200ML,CCN1CCNc2ccccc21,73855-46-6,298.2,ENA321762284-500MG
CCN1CCN(C)C2=CC=CC=C21,CCN1CC[N:2]([CH3:1])c2ccccc21,[C:1]-[N:2],"[1, 2]","[1, 2]",[CH4:1],1,CCN1CC[NH:2]c2ccccc21,2,bromide,3,hydrogen,4,CBr,74-83-9,24.10,48624,CCN1CCNc2ccccc21,73855-46-6,298.2,ENA321762284-500MG
CCN1CCN(C)C2=CC=CC=C21,CCN1CC[N:2]([CH3:1])c2ccccc21,[C:1]-[N:2],"[1, 2]","[1, 2]",[CH4:1],1,CCN1CC[NH:2]c2ccccc21,2,iodide,3,hydrogen,4,CI,74-88-4,112.00,456756-100ML,CCN1CCNc2ccccc21,73855-46-6,298.2,ENA321762284-500MG
CCN1CCN(C)C2=CC=CC=C21,CCN1CC[N:2]([CH3:1])c2ccccc21,[C:1]-[N:2],"[1, 2]","[1, 2]",[CH4:1],1,CCN1CC[NH:2]c2ccccc21,2,boronate,3,hydrogen,4,CB(O)O,13061-96-6,43.80,165336-1G,CCN1CCNc2ccccc21,73855-46-6,298.2,ENA321762284-500MG
CCC1=CC=C(C#N)C=C1C(C)(C)C,CC(C)(C)c1cc(C#N)cc[c:1]1[CH2:2]C,[c:1]-[C:2],"[1, 2]","[1, 2]",CC(C)(C)c1cc(C#N)cc[cH:1]1,1,C[CH3:2],2,hydrogen,3,hydrogen,4,CC(C)(C)c1cccc(C#N)c1,154532-34-0,44,SY3H3D6788FA-10G,CC,74-84-0,463.00,295302-110G
CCC1=CC=C(C#N)C=C1C(C)(C)C,CC(C)(C)c1cc(C#N)cc[c:1]1[CH2:2]C,[c:1]-[C:2],"[1, 2]","[1, 2]",CC(C)(C)c1cc(C#N)cc[cH:1]1,1,C[CH3:2],2,hydrogen,3,alcohol,4,CC(C)(C)c1cccc(C#N)c1,154532-34-0,44,SY3H3D6788FA-10G,CCO,64-17-5,74.00,2858-240ML
CCC1=CC=C(C#N)C=C1C(C)(C)C,CC(C)(C)c1cc(C#N)cc[c:1]1[CH2:2]C,[c:1]-[C:2],"[1, 2]","[1, 2]",CC(C)(C)c1cc(C#N)cc[cH:1]1,1,C[CH3:2],2,hydrogen,3,amine,4,CC(C)(C)c1cccc(C#N)c1,154532-34-0,44,SY3H3D6788FA-10G,CCN,75-04-7,20.70,471208-100ML
CCC1=CC=C(C#N)C=C1C(C)(C)C,CC(C)(C)c1cc(C#N)cc[c:1]1[CH2:2]C,[c:1]-[C:2],"[1, 2]","[1, 2]",CC(C)(C)c1cc(C#N)cc[cH:1]1,1,C[CH3:2],2,hydrogen,3,acid,4,CC(C)(C)c1cccc(C#N)c1,154532-34-0,44,SY3H3D6788FA-10G,CCC(=O)O,79-09-4,37.90,P5561-1L
CCC1=CC=C(C#N)C=C1C(C)(C)C,CC(C)(C)c1cc(C#N)cc[c:1]1[CH2:2]C,[c:1]-[C:2],"[1, 2]","[1, 2]",CC(C)(C)c1cc(C#N)cc[cH:1]1,1,C[CH3:2],2,hydrogen,3,chloride,4,CC(C)(C)c1cccc(C#N)c1,154532-34-0,44,SY3H3D6788FA-10G,CCCl,75-00-3,178.00,295310-1KG
CCC1=CC=C(C#N)C=C1C(C)(C)C,CC(C)(C)c1cc(C#N)cc[c:1]1[CH2:2]C,[c:1]-[C:2],"[1, 2]","[1, 2]",CC(C)(C)c1cc(C#N)cc[cH:1]1,1,C[CH3:2],2,hydrogen,3,bromide,4,CC(C)(C)c1cccc(C#N)c1,154532-34-0,44,SY3H3D6788FA-10G,CCBr,74-96-4,55.70,239607-50G
CCC1=CC=C(C#N)C=C1C(C)(C)C,CC(C)(C)c1cc(C#N)cc[c:1]1[CH2:2]C,[c:1]-[C:2],"[1, 2]","[1, 2]",CC(C)(C)c1cc(C#N)cc[cH:1]1,1,C[CH3:2],2,hydrogen,3,iodide,4,CC(C)(C)c1cccc(C#N)c1,154532-34-0,44,SY3H3D6788FA-10G,CCI,75-03-6,24.00,I7780-5G
CCC1=CC=C(C#N)C=C1C(C)(C)C,CC(C)(C)c1cc(C#N)cc[c:1]1[CH2:2]C,[c:1]-[C:2],"[1, 2]","[1, 2]",CC(C)(C)c1cc(C#N)cc[cH:1]1,1,C[CH3:2],2,hydrogen,3,boronate,4,CC(C)(C)c1cccc(C#N)c1,154532-34-0,44,SY3H3D6788FA-10G,CCB(O)O,,66.00,CDS003542-250MG
CCC1=CC=C(C#N)C=C1C(C)(C)C,CC(C)(C)c1cc(C#N)cc[c:1]1[CH2:2]C,[c:1]-[C:2],"[1, 2]","[1, 2]",CC(C)(C)c1cc(C#N)cc[cH:1]1,1,C[CH3:2],2,alcohol,3,hydrogen,4,CC(C)(C)c1cc(C#N)ccc1O,,172.5,ADVH7F37ADC6-1G,CC,74-84-0,463.00,295302-110G
CCC1=CC=C(C#N)C=C1C(C)(C)C,CC(C)(C)c1cc(C#N)cc[c:1]1[CH2:2]C,[c:1]-[C:2],"[1, 2]","[1, 2]",CC(C)(C)c1cc(C#N)cc[cH:1]1,1,C[CH3:2],2,alcohol,3,alcohol,4,CC(C)(C)c1cc(C#N)ccc1O,,172.5,ADVH7F37ADC6-1G,CCO,64-17-5,74.00,2858-240ML
CCC1=CC=C(C#N)C=C1C(C)(C)C,CC(C)(C)c1cc(C#N)cc[c:1]1[CH2:2]C,[c:1]-[C:2],"[1, 2]","[1, 2]",CC(C)(C)c1cc(C#N)cc[cH:1]1,1,C[CH3:2],2,alcohol,3,amine,4,CC(C)(C)c1cc(C#N)ccc1O,,172.5,ADVH7F37ADC6-1G,CCN,75-04-7,20.70,471208-100ML
CCC1=CC=C(C#N)C=C1C(C)(C)C,CC(C)(C)c1cc(C#N)cc[c:1]1[CH2:2]C,[c:1]-[C:2],"[1, 2]","[1, 2]",CC(C)(C)c1cc(C#N)cc[cH:1]1,1,C[CH3:2],2,alcohol,3,acid,4,CC(C)(C)c1cc(C#N)ccc1O,,172.5,ADVH7F37ADC6-1G,CCC(=O)O,79-09-4,37.90,P5561-1L
CCC1=CC=C(C#N)C=C1C(C)(C)C,CC(C)(C)c1cc(C#N)cc[c:1]1[CH2:2]C,[c:1]-[C:2],"[1, 2]","[1, 2]",CC(C)(C)c1cc(C#N)cc[cH:1]1,1,C[CH3:2],2,alcohol,3,chloride,4,CC(C)(C)c1cc(C#N)ccc1O,,172.5,ADVH7F37ADC6-1G,CCCl,75-00-3,178.00,295310-1KG
CCC1=CC=C(C#N)C=C1C(C)(C)C,CC(C)(C)c1cc(C#N)cc[c:1]1[CH2:2]C,[c:1]-[C:2],"[1, 2]","[1, 2]",CC(C)(C)c1cc(C#N)cc[cH:1]1,1,C[CH3:2],2,alcohol,3,bromide,4,CC(C)(C)c1cc(C#N)ccc1O,,172.5,ADVH7F37ADC6-1G,CCBr,74-96-4,55.70,239607-50G
CCC1=CC=C(C#N)C=C1C(C)(C)C,CC(C)(C)c1cc(C#N)cc[c:1]1[CH2:2]C,[c:1]-[C:2],"[1, 2]","[1, 2]",CC(C)(C)c1cc(C#N)cc[cH:1]1,1,C[CH3:2],2,alcohol,3,iodide,4,CC(C)(C)c1cc(C#N)ccc1O,,172.5,ADVH7F37ADC6-1G,CCI,75-03-6,24.00,I7780-5G
CCC1=CC=C(C#N)C=C1C(C)(C)C,CC(C)(C)c1cc(C#N)cc[c:1]1[CH2:2]C,[c:1]-[C:2],"[1, 2]","[1, 2]",CC(C)(C)c1cc(C#N)cc[cH:1]1,1,C[CH3:2],2,alcohol,3,boronate,4,CC(C)(C)c1cc(C#N)ccc1O,,172.5,ADVH7F37ADC6-1G,CCB(O)O,,66.00,CDS003542-250MG
CCC1=CC=C(C#N)C=C1C(C)(C)C,CCc1ccc(C#N)c[c:1]1[C:2](C)(C)C,[c:1]-[C:2],"[1, 2]","[1, 2]",CCc1ccc(C#N)c[cH:1]1,1,C[CH:2](C)C,2,hydrogen,3,hydrogen,4,CCc1ccc(C#N)cc1,25309-65-3,49.60,527726-1ML,CC(C)C,75-28-5,506.00,539821-170G
CCC1=CC=C(C#N)C=C1C(C)(C)C,CCc1ccc(C#N)c[c:1]1[C:2](C)(C)C,[c:1]-[C:2],"[1, 2]","[1, 2]",CCc1ccc(C#N)c[cH:1]1,1,C[CH:2](C)C,2,hydrogen,3,alcohol,4,CCc1ccc(C#N)cc1,25309-65-3,49.60,527726-1ML,CC(C)(C)O,75-65-0,64.00,471712-100ML
CCC1=CC=C(C#N)C=C1C(C)(C)C,CCc1ccc(C#N)c[c:1]1[C:2](C)(C)C,[c:1]-[C:2],"[1, 2]","[1, 2]",CCc1ccc(C#N)c[cH:1]1,1,C[CH:2](C)C,2,hydrogen,3,amine,4,CCc1ccc(C#N)cc1,25309-65-3,49.60,527726-1ML,CC(C)(C)N,75-64-9,18.10,B89205-5ML
CCC1=CC=C(C#N)C=C1C(C)(C)C,CCc1ccc(C#N)c[c:1]1[C:2](C)(C)C,[c:1]-[C:2],"[1, 2]","[1, 2]",CCc1ccc(C#N)c[cH:1]1,1,C[CH:2](C)C,2,hydrogen,3,acid,4,CCc1ccc(C#N)cc1,25309-65-3,49.60,527726-1ML,CC(C)(C)C(=O)O,75-98-9,21.10,T71803-5ML
CCC1=CC=C(C#N)C=C1C(C)(C)C,CCc1ccc(C#N)c[c:1]1[C:2](C)(C)C,[c:1]-[C:2],"[1, 2]","[1, 2]",CCc1ccc(C#N)c[cH:1]1,1,C[CH:2](C)C,2,hydrogen,3,chloride,4,CCc1ccc(C#N)cc1,25309-65-3,49.60,527726-1ML,CC(C)(C)Cl,507-20-0,27.10,C56352-25ML
CCC1=CC=C(C#N)C=C1C(C)(C)C,CCc1ccc(C#N)c[c:1]1[C:2](C)(C)C,[c:1]-[C:2],"[1, 2]","[1, 2]",CCc1ccc(C#N)c[cH:1]1,1,C[CH:2](C)C,2,hydrogen,3,bromide,4,CCc1ccc(C#N)cc1,25309-65-3,49.60,527726-1ML,CC(C)(C)Br,507-19-7,29.50,135615-5G
CCC1=CC=C(C#N)C=C1C(C)(C)C,CCc1ccc(C#N)c[c:1]1[C:2](C)(C)C,[c:1]-[C:2],"[1, 2]","[1, 2]",CCc1ccc(C#N)c[cH:1]1,1,C[CH:2](C)C,2,hydrogen,3,iodide,4,CCc1ccc(C#N)cc1,25309-65-3,49.60,527726-1ML,CC(C)(C)I,558-17-8,78.00,245798-25G
CC(C)OC(=O)NC1=C(C=O)C=CC2=C1CCC2,CC(C)OC(=O)[NH:2][c:1]1c(C=O)ccc2c1CCC2,[c:1]-[N:2],"[1, 2]","[1, 2]",O=Cc1ccc2c([cH:1]1)CCC2,1,CC(C)OC(=O)[NH2:2],2,hydrogen,3,hydrogen,4,O=Cc1ccc2c(c1)CCC2,,139.00,CDS009176-100MG,CC(C)OC(N)=O,1746-77-6,323.4,AMBH6FD7F606-100G
CC(C)OC(=O)NC1=C(C=O)C=CC2=C1CCC2,CC(C)OC(=O)[NH:2][c:1]1c(C=O)ccc2c1CCC2,[c:1]-[N:2],"[1, 2]","[1, 2]",O=Cc1ccc2c([cH:1]1)CCC2,1,CC(C)OC(=O)[NH2:2],2,hydrogen,3,amine,4,O=Cc1ccc2c(c1)CCC2,,139.00,CDS009176-100MG,CC(C)OC(=O)NN,6271-30-3,233.1,ENA497679583-250MG
C=CCNC1=NN=C(SCC(=O)N2CCN(C3=CC=C(O)C=C3)CC2)S1,C=CCNc1nnc([S:2][CH2:1]C(=O)N2CCN(c3ccc(O)cc3)CC2)s1,[C:1]-[S:2],"[1, 2]","[1, 2]",O=C(N1CCN(c2ccc(O)cc2)CC1)[CH3:1],1,C=CCNc1nnc([SH:2])s1,2,hydrogen,3,hydrogen,4,CC(=O)N1CCN(c2ccc(O)cc2)CC1,67914-60-7,28.30,511943-25G,C=CCNc1nnc(S)s1,91780-33-5,181.25,COMH04237575-500MG
COC(=O)C1=CC=CC=C1OCC(=O)NCCC1=CC=CC(Cl)=C1,COC(=O)c1ccccc1[O:2][CH2:1]C(=O)NCCc1cccc(Cl)c1,[C:1]-[O:2],"[1, 2]","[1, 2]",O=C(NCCc1cccc(Cl)c1)[CH3:1],1,COC(=O)c1ccccc1[OH:2],2,chloride,3,hydrogen,4,O=C(CCl)NCCc1cccc(Cl)c1,34162-15-7,77,CH4102153595-1G,COC(=O)c1ccccc1O,119-36-8,29.30,M2047-100ML
CC1CCC(C(C)(C)C2CCC(C3CO3)CC2)CC1,CC1CCC([C:1](C)(C)[CH:2]2CCC(C3CO3)CC2)CC1,[C:1]-[C:2],"[1, 2]","[1, 2]",CC1CCC([CH:1](C)C)CC1,1,C1C[CH2:2]CCC1C1CO1,2,alcohol,3,hydrogen,4,CC1CCC(C(C)(C)O)CC1,498-81-7,56.25,COM448624533-5G,C1CCC(C2CO2)CC1,3483-39-4,118.65,ENA424045436-100MG
CC1=CC(O)=C(C=O)C(O)=C1,O=Cc1c(O)c[c:1]([CH3:2])cc1O,[c:1]-[C:2],"[1, 2]","[1, 2]",O=Cc1c(O)c[cH:1]cc1O,1,[CH4:2],2,hydrogen,3,hydrogen,4,O=Cc1c(O)cccc1O,387-46-2,135.3,AMBH2D6F5229-5G,C,74-82-8,1610.00,463035-24L
CC1=CC(O)=C(C=O)C(O)=C1,O=Cc1c(O)c[c:1]([CH3:2])cc1O,[c:1]-[C:2],"[1, 2]","[1, 2]",O=Cc1c(O)c[cH:1]cc1O,1,[CH4:2],2,hydrogen,3,alcohol,4,O=Cc1c(O)cccc1O,387-46-2,135.3,AMBH2D6F5229-5G,CO,67-56-1,30.20,M3641-500ML
CC1=CC(O)=C(C=O)C(O)=C1,O=Cc1c(O)c[c:1]([CH3:2])cc1O,[c:1]-[C:2],"[1, 2]","[1, 2]",O=Cc1c(O)c[cH:1]cc1O,1,[CH4:2],2,hydrogen,3,amine,4,O=Cc1c(O)cccc1O,387-46-2,135.3,AMBH2D6F5229-5G,CN,74-89-5,40.10,534102-250ML
CC1=CC(O)=C(C=O)C(O)=C1,O=Cc1c(O)c[c:1]([CH3:2])cc1O,[c:1]-[C:2],"[1, 2]","[1, 2]",O=Cc1c(O)c[cH:1]cc1O,1,[CH4:2],2,hydrogen,3,acid,4,O=Cc1c(O)cccc1O,387-46-2,135.3,AMBH2D6F5229-5G,CC(=O)O,64-19-7,67.00,W200611-1KG-K
CC1=CC(O)=C(C=O)C(O)=C1,O=Cc1c(O)c[c:1]([CH3:2])cc1O,[c:1]-[C:2],"[1, 2]","[1, 2]",O=Cc1c(O)c[cH:1]cc1O,1,[CH4:2],2,hydrogen,3,chloride,4,O=Cc1c(O)cccc1O,387-46-2,135.3,AMBH2D6F5229-5G,CCl,74-87-3,252.00,294799-200ML
CC1=CC(O)=C(C=O)C(O)=C1,O=Cc1c(O)c[c:1]([CH3:2])cc1O,[c:1]-[C:2],"[1, 2]","[1, 2]",O=Cc1c(O)c[cH:1]cc1O,1,[CH4:2],2,hydrogen,3,bromide,4,O=Cc1c(O)cccc1O,387-46-2,135.3,AMBH2D6F5229-5G,CBr,74-83-9,24.10,48624
CC1=CC(O)=C(C=O)C(O)=C1,O=Cc1c(O)c[c:1]([CH3:2])cc1O,[c:1]-[C:2],"[1, 2]","[1, 2]",O=Cc1c(O)c[cH:1]cc1O,1,[CH4:2],2,hydrogen,3,iodide,4,O=Cc1c(O)cccc1O,387-46-2,135.3,AMBH2D6F5229-5G,CI,74-88-4,112.00,456756-100ML
CC1=CC(O)=C(C=O)C(O)=C1,O=Cc1c(O)c[c:1]([CH3:2])cc1O,[c:1]-[C:2],"[1, 2]","[1, 2]",O=Cc1c(O)c[cH:1]cc1O,1,[CH4:2],2,hydrogen,3,boronate,4,O=Cc1c(O)cccc1O,387-46-2,135.3,AMBH2D6F5229-5G,CB(O)O,13061-96-6,43.80,165336-1G
CC1=CC(O)=C(C=O)C(O)=C1,Cc1cc(O)[c:1]([CH:2]=O)c(O)c1,[c:1]-[C:2],"[1, 2]","[1, 2]",Cc1cc(O)[cH:1]c(O)c1,1,O=[CH2:2],2,hydrogen,3,hydrogen,4,Cc1cc(O)cc(O)c1,504-15-4,43.10,447420-5G,C=O,50-00-0,28.90,252549-25ML
CC1=CC(O)=C(C=O)C(O)=C1,Cc1cc(O)[c:1]([CH:2]=O)c(O)c1,[c:1]-[C:2],"[1, 2]","[1, 2]",Cc1cc(O)[cH:1]c(O)c1,1,O=[CH2:2],2,hydrogen,3,amine,4,Cc1cc(O)cc(O)c1,504-15-4,43.10,447420-5G,NC=O,,133.00,612707-1EA
CC1=CC(O)=C(C=O)C(O)=C1,Cc1cc(O)[c:1]([CH:2]=O)c(O)c1,[c:1]-[C:2],"[1, 2]","[1, 2]",Cc1cc(O)[cH:1]c(O)c1,1,O=[CH2:2],2,hydrogen,3,acid,4,Cc1cc(O)cc(O)c1,504-15-4,43.10,447420-5G,O=CC(=O)O,298-12-4,37.80,260150-250G-A
CC1=CC(O)=C(C=O)C(O)=C1,Cc1cc(O)[c:1]([CH:2]=O)c(O)c1,[c:1]-[C:2],"[1, 2]","[1, 2]",Cc1cc(O)[cH:1]c(O)c1,1,O=[CH2:2],2,alcohol,3,hydrogen,4,Cc1cc(O)c(O)c(O)c1,609-25-6,350,COM448667163-100MG,C=O,50-00-0,28.90,252549-25ML
CC1=CC(O)=C(C=O)C(O)=C1,Cc1cc(O)[c:1]([CH:2]=O)c(O)c1,[c:1]-[C:2],"[1, 2]","[1, 2]",Cc1cc(O)[cH:1]c(O)c1,1,O=[CH2:2],2,alcohol,3,amine,4,Cc1cc(O)c(O)c(O)c1,609-25-6,350,COM448667163-100MG,NC=O,,133.00,612707-1EA
CC1=CC(O)=C(C=O)C(O)=C1,Cc1cc(O)[c:1]([CH:2]=O)c(O)c1,[c:1]-[C:2],"[1, 2]","[1, 2]",Cc1cc(O)[cH:1]c(O)c1,1,O=[CH2:2],2,alcohol,3,acid,4,Cc1cc(O)c(O)c(O)c1,609-25-6,350,COM448667163-100MG,O=CC(=O)O,298-12-4,37.80,260150-250G-A
CC1=CC(O)=C(C=O)C(O)=C1,Cc1cc(O)[c:1]([CH:2]=O)c(O)c1,[c:1]-[C:2],"[1, 2]","[1, 2]",Cc1cc(O)[cH:1]c(O)c1,1,O=[CH2:2],2,acid,3,hydrogen,4,Cc1cc(O)c(C(=O)O)c(O)c1,480-67-1,505.2,KEY128004238-10G,C=O,50-00-0,28.90,252549-25ML
CC1=CC(O)=C(C=O)C(O)=C1,Cc1cc(O)[c:1]([CH:2]=O)c(O)c1,[c:1]-[C:2],"[1, 2]","[1, 2]",Cc1cc(O)[cH:1]c(O)c1,1,O=[CH2:2],2,acid,3,amine,4,Cc1cc(O)c(C(=O)O)c(O)c1,480-67-1,505.2,KEY128004238-10G,NC=O,,133.00,612707-1EA
CC1=CC(O)=C(C=O)C(O)=C1,Cc1cc(O)[c:1]([CH:2]=O)c(O)c1,[c:1]-[C:2],"[1, 2]","[1, 2]",Cc1cc(O)[cH:1]c(O)c1,1,O=[CH2:2],2,acid,3,acid,4,Cc1cc(O)c(C(=O)O)c(O)c1,480-67-1,505.2,KEY128004238-10G,O=CC(=O)O,298-12-4,37.80,260150-250G-A
CC1=CC(O)=C(C=O)C(O)=C1,Cc1cc(O)c(C=O)[c:1]([OH:2])c1,[c:1]-[O:2],"[1, 2]","[1, 2]",Cc1cc(O)c(C=O)[cH:1]c1,1,[OH2:2],2,hydrogen,3,hydrogen,4,Cc1ccc(C=O)c(O)c1,698-27-1,300.00,W369705-25G-K,O,7732-18-5,12.30,W3500-100ML
CC1=CC(O)=C(C=O)C(O)=C1,Cc1cc(O)c(C=O)[c:1]([OH:2])c1,[c:1]-[O:2],"[1, 2]","[1, 2]",Cc1cc(O)c(C=O)[cH:1]c1,1,[OH2:2],2,hydrogen,3,alcohol,4,Cc1ccc(C=O)c(O)c1,698-27-1,300.00,W369705-25G-K,OO,7722-84-1,45.20,H1009-5ML
CC1=CC(O)=C(C=O)C(O)=C1,Cc1cc(O)c(C=O)[c:1]([OH:2])c1,[c:1]-[O:2],"[1, 2]","[1, 2]",Cc1cc(O)c(C=O)[cH:1]c1,1,[OH2:2],2,hydrogen,3,amine,4,Cc1ccc(C=O)c(O)c1,698-27-1,300.00,W369705-25G-K,NO,7803-49-8,42.80,467804-10ML
CC1=CC(O)=C(C=O)C(O)=C1,Cc1cc(O)c(C=O)[c:1]([OH:2])c1,[c:1]-[O:2],"[1, 2]","[1, 2]",Cc1cc(O)c(C=O)[cH:1]c1,1,[OH2:2],2,hydrogen,3,boronate,4,Cc1ccc(C=O)c(O)c1,698-27-1,300.00,W369705-25G-K,OB(O)O,10043-35-3,55.30,B6768-500G
CC1=CC(O)=C(C=O)C(O)=C1,Cc1cc(O)c(C=O)[c:1]([OH:2])c1,[c:1]-[O:2],"[1, 2]","[1, 2]",Cc1cc(O)c(C=O)[cH:1]c1,1,[OH2:2],2,alcohol,3,hydrogen,4,Cc1cc(O)c(C=O)c(O)c1,526-37-4,357.00,77236-10MG,O,7732-18-5,12.30,W3500-100ML
CC1=CC(O)=C(C=O)C(O)=C1,Cc1cc(O)c(C=O)[c:1]([OH:2])c1,[c:1]-[O:2],"[1, 2]","[1, 2]",Cc1cc(O)c(C=O)[cH:1]c1,1,[OH2:2],2,alcohol,3,alcohol,4,Cc1cc(O)c(C=O)c(O)c1,526-37-4,357.00,77236-10MG,OO,7722-84-1,45.20,H1009-5ML
CC1=CC(O)=C(C=O)C(O)=C1,Cc1cc(O)c(C=O)[c:1]([OH:2])c1,[c:1]-[O:2],"[1, 2]","[1, 2]",Cc1cc(O)c(C=O)[cH:1]c1,1,[OH2:2],2,alcohol,3,amine,4,Cc1cc(O)c(C=O)c(O)c1,526-37-4,357.00,77236-10MG,NO,7803-49-8,42.80,467804-10ML
CC1=CC(O)=C(C=O)C(O)=C1,Cc1cc(O)c(C=O)[c:1]([OH:2])c1,[c:1]-[O:2],"[1, 2]","[1, 2]",Cc1cc(O)c(C=O)[cH:1]c1,1,[OH2:2],2,alcohol,3,boronate,4,Cc1cc(O)c(C=O)c(O)c1,526-37-4,357.00,77236-10MG,OB(O)O,10043-35-3,55.30,B6768-500G
CC1=CC(O)=C(C=O)C(O)=C1,Cc1cc(O)c(C=O)[c:1]([OH:2])c1,[c:1]-[O:2],"[1, 2]","[1, 2]",Cc1cc(O)c(C=O)[cH:1]c1,1,[OH2:2],2,bromide,3,hydrogen,4,Cc1cc(O)c(C=O)c(Br)c1,139976-21-9,192.5,AMBH581769DA-100MG,O,7732-18-5,12.30,W3500-100ML
CC1=CC(O)=C(C=O)C(O)=C1,Cc1cc(O)c(C=O)[c:1]([OH:2])c1,[c:1]-[O:2],"[1, 2]","[1, 2]",Cc1cc(O)c(C=O)[cH:1]c1,1,[OH2:2],2,bromide,3,alcohol,4,Cc1cc(O)c(C=O)c(Br)c1,139976-21-9,192.5,AMBH581769DA-100MG,OO,7722-84-1,45.20,H1009-5ML
CC1=CC(O)=C(C=O)C(O)=C1,Cc1cc(O)c(C=O)[c:1]([OH:2])c1,[c:1]-[O:2],"[1, 2]","[1, 2]",Cc1cc(O)c(C=O)[cH:1]c1,1,[OH2:2],2,bromide,3,amine,4,Cc1cc(O)c(C=O)c(Br)c1,139976-21-9,192.5,AMBH581769DA-100MG,NO,7803-49-8,42.80,467804-10ML
CC1=CC(O)=C(C=O)C(O)=C1,Cc1cc(O)c(C=O)[c:1]([OH:2])c1,[c:1]-[O:2],"[1, 2]","[1, 2]",Cc1cc(O)c(C=O)[cH:1]c1,1,[OH2:2],2,bromide,3,boronate,4,Cc1cc(O)c(C=O)c(Br)c1,139976-21-9,192.5,AMBH581769DA-100MG,OB(O)O,10043-35-3,55.30,B6768-500G
COC(=O)C1=CC=CC=C1OCC1=CSC(C2=CC=C(C)C=C2)=N1,COC(=O)c1ccccc1O[CH2:2][c:1]1csc(-c2ccc(C)cc2)n1,[c:1]-[C:2],"[1, 2]","[1, 2]",Cc1ccc(-c2n[cH:1]cs2)cc1,1,COC(=O)c1ccccc1O[CH3:2],2,hydrogen,3,hydrogen,4,Cc1ccc(-c2nccs2)cc1,27088-83-1,1440.0,CO1H324A9B98-25G,COC(=O)c1ccccc1OC,606-45-1,176.00,W271705-100G-K
COC(=O)C1=CC=CC=C1OCC1=CSC(C2=CC=C(C)C=C2)=N1,COC(=O)c1ccccc1O[CH2:2][c:1]1csc(-c2ccc(C)cc2)n1,[c:1]-[C:2],"[1, 2]","[1, 2]",Cc1ccc(-c2n[cH:1]cs2)cc1,1,COC(=O)c1ccccc1O[CH3:2],2,alcohol,3,hydrogen,4,Cc1ccc(-c2nc(O)cs2)cc1,,1800.0,CO1H324A8C8F-1G,COC(=O)c1ccccc1OC,606-45-1,176.00,W271705-100G-K
COC(=O)C1=CC=CC=C1OCC1=CSC(C2=CC=C(C)C=C2)=N1,COC(=O)c1ccccc1O[CH2:2][c:1]1csc(-c2ccc(C)cc2)n1,[c:1]-[C:2],"[1, 2]","[1, 2]",Cc1ccc(-c2n[cH:1]cs2)cc1,1,COC(=O)c1ccccc1O[CH3:2],2,amine,3,hydrogen,4,Cc1ccc(-c2nc(N)cs2)cc1,,1080.0,CO1H324A8C8E-500MG,COC(=O)c1ccccc1OC,606-45-1,176.00,W271705-100G-K
COC(=O)C1=CC=CC=C1OCC1=CSC(C2=CC=C(C)C=C2)=N1,COC(=O)c1ccccc1O[CH2:2][c:1]1csc(-c2ccc(C)cc2)n1,[c:1]-[C:2],"[1, 2]","[1, 2]",Cc1ccc(-c2n[cH:1]cs2)cc1,1,COC(=O)c1ccccc1O[CH3:2],2,acid,3,hydrogen,4,Cc1ccc(-c2nc(C(=O)O)cs2)cc1,17228-99-8,93.6,KEY003447636-1G,COC(=O)c1ccccc1OC,606-45-1,176.00,W271705-100G-K
COC(=O)C1=CC=CC=C1OCC1=CSC(C2=CC=C(C)C=C2)=N1,COC(=O)c1ccccc1O[CH2:2][c:1]1csc(-c2ccc(C)cc2)n1,[c:1]-[C:2],"[1, 2]","[1, 2]",Cc1ccc(-c2n[cH:1]cs2)cc1,1,COC(=O)c1ccccc1O[CH3:2],2,bromide,3,hydrogen,4,Cc1ccc(-c2nc(Br)cs2)cc1,,360.0,CO1H324A8C71-1G,COC(=O)c1ccccc1OC,606-45-1,176.00,W271705-100G-K
COC(=O)C1=CC=CC=C1OCC1=CSC(C2=CC=C(C)C=C2)=N1,COC(=O)c1cccc[c:1]1[O:2]Cc1csc(-c2ccc(C)cc2)n1,[c:1]-[O:2],"[1, 2]","[1, 2]",COC(=O)c1cccc[cH:1]1,1,Cc1ccc(-c2nc(C[OH:2])cs2)cc1,2,hydrogen,3,hydrogen,4,COC(=O)c1ccccc1,93-58-3,24.40,M29908-25G,Cc1ccc(-c2nc(CO)cs2)cc1,36093-97-7,210,JWPH3249EC46-500MG
COC(=O)C1=CC=CC=C1OCC1=CSC(C2=CC=C(C)C=C2)=N1,COC(=O)c1cccc[c:1]1[O:2]Cc1csc(-c2ccc(C)cc2)n1,[c:1]-[O:2],"[1, 2]","[1, 2]",COC(=O)c1cccc[cH:1]1,1,Cc1ccc(-c2nc(C[OH:2])cs2)cc1,2,alcohol,3,hydrogen,4,COC(=O)c1ccccc1O,119-36-8,29.30,M2047-100ML,Cc1ccc(-c2nc(CO)cs2)cc1,36093-97-7,210,JWPH3249EC46-500MG
COC(=O)C1=CC=CC=C1OCC1=CSC(C2=CC=C(C)C=C2)=N1,COC(=O)c1cccc[c:1]1[O:2]Cc1csc(-c2ccc(C)cc2)n1,[c:1]-[O:2],"[1, 2]","[1, 2]",COC(=O)c1cccc[cH:1]1,1,Cc1ccc(-c2nc(C[OH:2])cs2)cc1,2,amine,3,hydrogen,4,COC(=O)c1ccccc1N,134-20-3,73.70,236454-50G,Cc1ccc(-c2nc(CO)cs2)cc1,36093-97-7,210,JWPH3249EC46-500MG
COC(=O)C1=CC=CC=C1OCC1=CSC(C2=CC=C(C)C=C2)=N1,COC(=O)c1cccc[c:1]1[O:2]Cc1csc(-c2ccc(C)cc2)n1,[c:1]-[O:2],"[1, 2]","[1, 2]",COC(=O)c1cccc[cH:1]1,1,Cc1ccc(-c2nc(C[OH:2])cs2)cc1,2,acid,3,hydrogen,4,COC(=O)c1ccccc1C(=O)O,4376-18-5,24.00,36926-100MG,Cc1ccc(-c2nc(CO)cs2)cc1,36093-97-7,210,JWPH3249EC46-500MG
COC(=O)C1=CC=CC=C1OCC1=CSC(C2=CC=C(C)C=C2)=N1,COC(=O)c1cccc[c:1]1[O:2]Cc1csc(-c2ccc(C)cc2)n1,[c:1]-[O:2],"[1, 2]","[1, 2]",COC(=O)c1cccc[cH:1]1,1,Cc1ccc(-c2nc(C[OH:2])cs2)cc1,2,chloride,3,hydrogen,4,COC(=O)c1ccccc1Cl,610-96-8,61.90,465194-25ML,Cc1ccc(-c2nc(CO)cs2)cc1,36093-97-7,210,JWPH3249EC46-500MG
COC(=O)C1=CC=CC=C1OCC1=CSC(C2=CC=C(C)C=C2)=N1,COC(=O)c1cccc[c:1]1[O:2]Cc1csc(-c2ccc(C)cc2)n1,[c:1]-[O:2],"[1, 2]","[1, 2]",COC(=O)c1cccc[cH:1]1,1,Cc1ccc(-c2nc(C[OH:2])cs2)cc1,2,bromide,3,hydrogen,4,COC(=O)c1ccccc1Br,610-94-6,26.40,387851-5ML,Cc1ccc(-c2nc(CO)cs2)cc1,36093-97-7,210,JWPH3249EC46-500MG
COC(=O)C1=CC=CC=C1OCC1=CSC(C2=CC=C(C)C=C2)=N1,COC(=O)c1cccc[c:1]1[O:2]Cc1csc(-c2ccc(C)cc2)n1,[c:1]-[O:2],"[1, 2]","[1, 2]",COC(=O)c1cccc[cH:1]1,1,Cc1ccc(-c2nc(C[OH:2])cs2)cc1,2,iodide,3,hydrogen,4,COC(=O)c1ccccc1I,610-97-9,140.00,532851-50G,Cc1ccc(-c2nc(CO)cs2)cc1,36093-97-7,210,JWPH3249EC46-500MG
COC(=O)C1=CC=CC=C1OCC1=CSC(C2=CC=C(C)C=C2)=N1,COC(=O)c1cccc[c:1]1[O:2]Cc1csc(-c2ccc(C)cc2)n1,[c:1]-[O:2],"[1, 2]","[1, 2]",COC(=O)c1cccc[cH:1]1,1,Cc1ccc(-c2nc(C[OH:2])cs2)cc1,2,boronate,3,hydrogen,4,COC(=O)c1ccccc1B(O)O,374538-03-1,46.20,683809-1G,Cc1ccc(-c2nc(CO)cs2)cc1,36093-97-7,210,JWPH3249EC46-500MG
COC(=O)C1=CC=CC=C1OCC1=CSC(C2=CC=C(C)C=C2)=N1,COC(=O)c1ccccc1[O:2][CH2:1]c1csc(-c2ccc(C)cc2)n1,[C:1]-[O:2],"[1, 2]","[1, 2]",Cc1ccc(-c2nc([CH3:1])cs2)cc1,1,COC(=O)c1ccccc1[OH:2],2,alcohol,3,hydrogen,4,Cc1ccc(-c2nc(CO)cs2)cc1,36093-97-7,210.0,JWPH3249EC46-500MG,COC(=O)c1ccccc1O,119-36-8,29.30,M2047-100ML
COC(=O)C1=CC=CC=C1OCC1=CSC(C2=CC=C(C)C=C2)=N1,COC(=O)c1ccccc1[O:2][CH2:1]c1csc(-c2ccc(C)cc2)n1,[C:1]-[O:2],"[1, 2]","[1, 2]",Cc1ccc(-c2nc([CH3:1])cs2)cc1,1,COC(=O)c1ccccc1[OH:2],2,acid,3,hydrogen,4,Cc1ccc(-c2nc(CC(=O)O)cs2)cc1,16441-30-8,275.0,COMH042397C8-500MG,COC(=O)c1ccccc1O,119-36-8,29.30,M2047-100ML
COC(=O)C1=CC=CC=C1OCC1=CSC(C2=CC=C(C)C=C2)=N1,COC(=O)c1ccccc1[O:2][CH2:1]c1csc(-c2ccc(C)cc2)n1,[C:1]-[O:2],"[1, 2]","[1, 2]",Cc1ccc(-c2nc([CH3:1])cs2)cc1,1,COC(=O)c1ccccc1[OH:2],2,chloride,3,hydrogen,4,Cc1ccc(-c2nc(CCl)cs2)cc1,35199-18-9,203.5,CH4017936635-1G,COC(=O)c1ccccc1O,119-36-8,29.30,M2047-100ML
CCOC1=CC(C(=O)OCC(=O)NCC2=CC=C(N(C)C)C=C2)=CC=C1OC(F)F,CCOc1cc(C(=O)[O:2][CH2:1]C(=O)NCc2ccc(N(C)C)cc2)ccc1OC(F)F,[C:1]-[O:2],"[1, 2]","[1, 2]",CN(C)c1ccc(CNC(=O)[CH3:1])cc1,1,CCOc1cc(C(=O)[OH:2])ccc1OC(F)F,2,bromide,3,hydrogen,4,CN(C)c1ccc(CNC(=O)CBr)cc1,1339403-46-1,225,COMH042396A7-1G,CCOc1cc(C(=O)O)ccc1OC(F)F,162401-63-0,149.1,ENA024296031-250MG
C=C(C)C(=O)OC1=CC=C(N(C2=CC=CC=C2)C2=CC=C(C=O)C=C2)C=C1,C=C(C)C(=O)Oc1cc[c:1]([N:2](c2ccccc2)c2ccc(C=O)cc2)cc1,[c:1]-[N:2],"[1, 2]","[1, 2]",C=C(C)C(=O)Oc1cc[cH:1]cc1,1,O=Cc1ccc([NH:2]c2ccccc2)cc1,2,hydrogen,3,hydrogen,4,C=C(C)C(=O)Oc1ccccc1,2177-70-0,182.00,392162-15ML,O=Cc1ccc(Nc2ccccc2)cc1,100727-07-9,684.25,ADVH7F37FC7A-250MG
C=C(C)C(=O)OC1=CC=C(N(C2=CC=CC=C2)C2=CC=C(C=O)C=C2)C=C1,C=C(C)C(=O)[O:2][c:1]1ccc(N(c2ccccc2)c2ccc(C=O)cc2)cc1,[c:1]-[O:2],"[1, 2]","[1, 2]",O=Cc1ccc(N(c2ccccc2)c2cc[cH:1]cc2)cc1,1,C=C(C)C(=O)[OH:2],2,hydrogen,3,hydrogen,4,O=Cc1ccc(N(c2ccccc2)c2ccccc2)cc1,4181-05-9,126.00,647209-5G,C=C(C)C(=O)O,79-41-4,14.90,155721-5G
CCC(C)(C)NC(=O)COC1=CC=C(C(C)=O)C=C1,CCC(C)(C)N[C:1](=O)[CH2:2]Oc1ccc(C(C)=O)cc1,[C:1]-[C:2],"[1, 2]","[1, 2]",CCC(C)(C)N[CH:1]=O,1,CC(=O)c1ccc(O[CH3:2])cc1,2,acid,3,hydrogen,4,CCC(C)(C)NC(=O)C(=O)O,1015846-69-1,146.3,CH4182076759-5G,COc1ccc(C(C)=O)cc1,100-06-1,26.40,117374-5G
CCC(C)(C)NC(=O)COC1=CC=C(C(C)=O)C=C1,CCC(C)(C)N[C:1](=O)[CH2:2]Oc1ccc(C(C)=O)cc1,[C:1]-[C:2],"[1, 2]","[1, 2]",CCC(C)(C)N[CH:1]=O,1,CC(=O)c1ccc(O[CH3:2])cc1,2,acid,3,acid,4,CCC(C)(C)NC(=O)C(=O)O,1015846-69-1,146.3,CH4182076759-5G,CC(=O)c1ccc(OCC(=O)O)cc1,1878-81-5,50.40,393819-5G
CCC(C)(C)NC(=O)COC1=CC=C(C(C)=O)C=C1,CC[C:1](C)(C)[NH:2]C(=O)COc1ccc(C(C)=O)cc1,[C:1]-[N:2],"[1, 2]","[1, 2]",CC[CH:1](C)C,1,CC(=O)c1ccc(OCC(=O)[NH2:2])cc1,2,hydrogen,3,hydrogen,4,CCC(C)C,78-78-4,88.20,277258-100ML,CC(=O)c1ccc(OCC(N)=O)cc1,42017-88-9,225.5,CH4017936708-5G
CCC(C)(C)NC(=O)COC1=CC=C(C(C)=O)C=C1,CC[C:1](C)(C)[NH:2]C(=O)COc1ccc(C(C)=O)cc1,[C:1]-[N:2],"[1, 2]","[1, 2]",CC[CH:1](C)C,1,CC(=O)c1ccc(OCC(=O)[NH2:2])cc1,2,alcohol,3,hydrogen,4,CCC(C)(C)O,75-85-4,58.70,240486-5ML,CC(=O)c1ccc(OCC(N)=O)cc1,42017-88-9,225.5,CH4017936708-5G
CCC(C)(C)NC(=O)COC1=CC=C(C(C)=O)C=C1,CC[C:1](C)(C)[NH:2]C(=O)COc1ccc(C(C)=O)cc1,[C:1]-[N:2],"[1, 2]","[1, 2]",CC[CH:1](C)C,1,CC(=O)c1ccc(OCC(=O)[NH2:2])cc1,2,amine,3,hydrogen,4,CCC(C)(C)N,594-39-8,74.90,176990-25G,CC(=O)c1ccc(OCC(N)=O)cc1,42017-88-9,225.5,CH4017936708-5G
CCC(C)(C)NC(=O)COC1=CC=C(C(C)=O)C=C1,CC[C:1](C)(C)[NH:2]C(=O)COc1ccc(C(C)=O)cc1,[C:1]-[N:2],"[1, 2]","[1, 2]",CC[CH:1](C)C,1,CC(=O)c1ccc(OCC(=O)[NH2:2])cc1,2,acid,3,hydrogen,4,CCC(C)(C)C(=O)O,595-37-9,57.20,D152609-25ML,CC(=O)c1ccc(OCC(N)=O)cc1,42017-88-9,225.5,CH4017936708-5G
CCC(C)(C)NC(=O)COC1=CC=C(C(C)=O)C=C1,CC[C:1](C)(C)[NH:2]C(=O)COc1ccc(C(C)=O)cc1,[C:1]-[N:2],"[1, 2]","[1, 2]",CC[CH:1](C)C,1,CC(=O)c1ccc(OCC(=O)[NH2:2])cc1,2,chloride,3,hydrogen,4,CCC(C)(C)Cl,594-36-5,77.60,277029-25G,CC(=O)c1ccc(OCC(N)=O)cc1,42017-88-9,225.5,CH4017936708-5G
CCC(C)(C)NC(=O)COC1=CC=C(C(C)=O)C=C1,CC[C:1](C)(C)[NH:2]C(=O)COc1ccc(C(C)=O)cc1,[C:1]-[N:2],"[1, 2]","[1, 2]",CC[CH:1](C)C,1,CC(=O)c1ccc(OCC(=O)[NH2:2])cc1,2,bromide,3,hydrogen,4,CCC(C)(C)Br,507-36-8,29.20,306878-5G,CC(=O)c1ccc(OCC(N)=O)cc1,42017-88-9,225.5,CH4017936708-5G
CCC(C)(C)NC(=O)COC1=CC=C(C(C)=O)C=C1,CC[C:1](C)(C)[NH:2]C(=O)COc1ccc(C(C)=O)cc1,[C:1]-[N:2],"[1, 2]","[1, 2]",CC[CH:1](C)C,1,CC(=O)c1ccc(OCC(=O)[NH2:2])cc1,2,iodide,3,hydrogen,4,CCC(C)(C)I,594-38-7,56.7,ENA946832316-100MG,CC(=O)c1ccc(OCC(N)=O)cc1,42017-88-9,225.5,CH4017936708-5G
CCC(C)(C)NC(=O)COC1=CC=C(C(C)=O)C=C1,CCC(C)(C)[NH:2][C:1](=O)COc1ccc(C(C)=O)cc1,[C:1]-[N:2],"[1, 2]","[1, 2]",CC(=O)c1ccc(OC[CH:1]=O)cc1,1,CCC(C)(C)[NH2:2],2,amine,3,hydrogen,4,CC(=O)c1ccc(OCC(N)=O)cc1,42017-88-9,225.5,CH4017936708-5G,CCC(C)(C)N,594-39-8,74.90,176990-25G
CCC(C)(C)NC(=O)COC1=CC=C(C(C)=O)C=C1,CCC(C)(C)NC(=O)[CH2:1][O:2]c1ccc(C(C)=O)cc1,[C:1]-[O:2],"[1, 2]","[1, 2]",CCC(C)(C)NC(=O)[CH3:1],1,CC(=O)c1ccc([OH:2])cc1,2,chloride,3,hydrogen,4,CCC(C)(C)NC(=O)CCl,39096-81-6,30.45,ENA090493035-250MG,CC(=O)c1ccc(O)cc1,99-93-4,37.20,278564-5G
CCN1C2CC3CC(C2)CC1C3,C[CH2:1][N:2]1C2CC3CC(C2)CC1C3,[C:1]-[N:2],"[1, 2]","[1, 2]",C[CH3:1],1,C1C2CC3CC1CC(C2)[NH:2]3,2,hydrogen,3,hydrogen,4,CC,74-84-0,463.00,295302-110G,C1C2CC3CC1CC(C2)N3,768-41-2,1197.6,JWPH3249CD23-1G
CCN1C2CC3CC(C2)CC1C3,C[CH2:1][N:2]1C2CC3CC(C2)CC1C3,[C:1]-[N:2],"[1, 2]","[1, 2]",C[CH3:1],1,C1C2CC3CC1CC(C2)[NH:2]3,2,hydrogen,3,alcohol,4,CC,74-84-0,463.00,295302-110G,ON1C2CC3CC(C2)CC1C3,1155843-79-0,2091.6,JWPH3249CD24-25G
CCN1C2CC3CC(C2)CC1C3,C[CH2:1][N:2]1C2CC3CC(C2)CC1C3,[C:1]-[N:2],"[1, 2]","[1, 2]",C[CH3:1],1,C1C2CC3CC1CC(C2)[NH:2]3,2,alcohol,3,hydrogen,4,CCO,64-17-5,74.00,2858-240ML,C1C2CC3CC1CC(C2)N3,768-41-2,1197.6,JWPH3249CD23-1G
CCN1C2CC3CC(C2)CC1C3,C[CH2:1][N:2]1C2CC3CC(C2)CC1C3,[C:1]-[N:2],"[1, 2]","[1, 2]",C[CH3:1],1,C1C2CC3CC1CC(C2)[NH:2]3,2,alcohol,3,alcohol,4,CCO,64-17-5,74.00,2858-240ML,ON1C2CC3CC(C2)CC1C3,1155843-79-0,2091.6,JWPH3249CD24-25G
CCN1C2CC3CC(C2)CC1C3,C[CH2:1][N:2]1C2CC3CC(C2)CC1C3,[C:1]-[N:2],"[1, 2]","[1, 2]",C[CH3:1],1,C1C2CC3CC1CC(C2)[NH:2]3,2,amine,3,hydrogen,4,CCN,75-04-7,20.70,471208-100ML,C1C2CC3CC1CC(C2)N3,768-41-2,1197.6,JWPH3249CD23-1G
CCN1C2CC3CC(C2)CC1C3,C[CH2:1][N:2]1C2CC3CC(C2)CC1C3,[C:1]-[N:2],"[1, 2]","[1, 2]",C[CH3:1],1,C1C2CC3CC1CC(C2)[NH:2]3,2,amine,3,alcohol,4,CCN,75-04-7,20.70,471208-100ML,ON1C2CC3CC(C2)CC1C3,1155843-79-0,2091.6,JWPH3249CD24-25G
CCN1C2CC3CC(C2)CC1C3,C[CH2:1][N:2]1C2CC3CC(C2)CC1C3,[C:1]-[N:2],"[1, 2]","[1, 2]",C[CH3:1],1,C1C2CC3CC1CC(C2)[NH:2]3,2,acid,3,hydrogen,4,CCC(=O)O,79-09-4,37.90,P5561-1L,C1C2CC3CC1CC(C2)N3,768-41-2,1197.6,JWPH3249CD23-1G
CCN1C2CC3CC(C2)CC1C3,C[CH2:1][N:2]1C2CC3CC(C2)CC1C3,[C:1]-[N:2],"[1, 2]","[1, 2]",C[CH3:1],1,C1C2CC3CC1CC(C2)[NH:2]3,2,acid,3,alcohol,4,CCC(=O)O,79-09-4,37.90,P5561-1L,ON1C2CC3CC(C2)CC1C3,1155843-79-0,2091.6,JWPH3249CD24-25G
CCN1C2CC3CC(C2)CC1C3,C[CH2:1][N:2]1C2CC3CC(C2)CC1C3,[C:1]-[N:2],"[1, 2]","[1, 2]",C[CH3:1],1,C1C2CC3CC1CC(C2)[NH:2]3,2,chloride,3,hydrogen,4,CCCl,75-00-3,178.00,295310-1KG,C1C2CC3CC1CC(C2)N3,768-41-2,1197.6,JWPH3249CD23-1G
CCN1C2CC3CC(C2)CC1C3,C[CH2:1][N:2]1C2CC3CC(C2)CC1C3,[C:1]-[N:2],"[1, 2]","[1, 2]",C[CH3:1],1,C1C2CC3CC1CC(C2)[NH:2]3,2,chloride,3,alcohol,4,CCCl,75-00-3,178.00,295310-1KG,ON1C2CC3CC(C2)CC1C3,1155843-79-0,2091.6,JWPH3249CD24-25G
CCN1C2CC3CC(C2)CC1C3,C[CH2:1][N:2]1C2CC3CC(C2)CC1C3,[C:1]-[N:2],"[1, 2]","[1, 2]",C[CH3:1],1,C1C2CC3CC1CC(C2)[NH:2]3,2,bromide,3,hydrogen,4,CCBr,74-96-4,55.70,239607-50G,C1C2CC3CC1CC(C2)N3,768-41-2,1197.6,JWPH3249CD23-1G
CCN1C2CC3CC(C2)CC1C3,C[CH2:1][N:2]1C2CC3CC(C2)CC1C3,[C:1]-[N:2],"[1, 2]","[1, 2]",C[CH3:1],1,C1C2CC3CC1CC(C2)[NH:2]3,2,bromide,3,alcohol,4,CCBr,74-96-4,55.70,239607-50G,ON1C2CC3CC(C2)CC1C3,1155843-79-0,2091.6,JWPH3249CD24-25G
CCN1C2CC3CC(C2)CC1C3,C[CH2:1][N:2]1C2CC3CC(C2)CC1C3,[C:1]-[N:2],"[1, 2]","[1, 2]",C[CH3:1],1,C1C2CC3CC1CC(C2)[NH:2]3,2,iodide,3,hydrogen,4,CCI,75-03-6,24.00,I7780-5G,C1C2CC3CC1CC(C2)N3,768-41-2,1197.6,JWPH3249CD23-1G
CCN1C2CC3CC(C2)CC1C3,C[CH2:1][N:2]1C2CC3CC(C2)CC1C3,[C:1]-[N:2],"[1, 2]","[1, 2]",C[CH3:1],1,C1C2CC3CC1CC(C2)[NH:2]3,2,iodide,3,alcohol,4,CCI,75-03-6,24.00,I7780-5G,ON1C2CC3CC(C2)CC1C3,1155843-79-0,2091.6,JWPH3249CD24-25G
CCN1C2CC3CC(C2)CC1C3,C[CH2:1][N:2]1C2CC3CC(C2)CC1C3,[C:1]-[N:2],"[1, 2]","[1, 2]",C[CH3:1],1,C1C2CC3CC1CC(C2)[NH:2]3,2,boronate,3,hydrogen,4,CCB(O)O,,66.00,CDS003542-250MG,C1C2CC3CC1CC(C2)N3,768-41-2,1197.6,JWPH3249CD23-1G
CCN1C2CC3CC(C2)CC1C3,C[CH2:1][N:2]1C2CC3CC(C2)CC1C3,[C:1]-[N:2],"[1, 2]","[1, 2]",C[CH3:1],1,C1C2CC3CC1CC(C2)[NH:2]3,2,boronate,3,alcohol,4,CCB(O)O,,66.00,CDS003542-250MG,ON1C2CC3CC(C2)CC1C3,1155843-79-0,2091.6,JWPH3249CD24-25G
COC(=O)C[C@H](CC1=CC=C(N)C=C1)NC(=O)C1=C(Cl)C=CC=C1Cl,COC(=O)C[C@H:1](Cc1ccc(N)cc1)[NH:2]C(=O)c1c(Cl)cccc1Cl,[C:1]-[N:2],"[1, 2]","[1, 2]",COC(=O)C[CH2:1]Cc1ccc(N)cc1,1,O=C(c1c(Cl)cccc1Cl)[NH2:2],2,hydrogen,3,hydrogen,4,COC(=O)CCCc1ccc(N)cc1,20637-09-6,83.6,AMBH2D6EEE48-1G,NC(=O)c1c(Cl)cccc1Cl,2008-58-4,36.60,36605-1G
COC(=O)C[C@H](CC1=CC=C(N)C=C1)NC(=O)C1=C(Cl)C=CC=C1Cl,COC(=O)C[C@H:1](Cc1ccc(N)cc1)[NH:2]C(=O)c1c(Cl)cccc1Cl,[C:1]-[N:2],"[1, 2]","[1, 2]",COC(=O)C[CH2:1]Cc1ccc(N)cc1,1,O=C(c1c(Cl)cccc1Cl)[NH2:2],2,hydrogen,3,amine,4,COC(=O)CCCc1ccc(N)cc1,20637-09-6,83.6,AMBH2D6EEE48-1G,NNC(=O)c1c(Cl)cccc1Cl,867151-44-8,147,ENA300792196-500MG
O=CCC1=CC=CC=C1N=O,O=C[CH2:2][c:1]1ccccc1N=O,[c:1]-[C:2],"[1, 2]","[1, 2]",O=Nc1cccc[cH:1]1,1,O=C[CH3:2],2,hydrogen,3,hydrogen,4,O=Nc1ccccc1,586-96-9,108.00,N24609-10G,CC=O,75-07-0,119.00,W200360-1.9KG-K
O=CCC1=CC=CC=C1N=O,O=C[CH2:2][c:1]1ccccc1N=O,[c:1]-[C:2],"[1, 2]","[1, 2]",O=Nc1cccc[cH:1]1,1,O=C[CH3:2],2,hydrogen,3,chloride,4,O=Nc1ccccc1,586-96-9,108.00,N24609-10G,O=CCCl,107-20-0,39.30,317276-5ML
O=CCC1=CC=CC=C1N=O,O=Nc1ccccc1[CH2:2][CH:1]=O,[C:1]-[C:2],"[1, 2]","[1, 2]",O=[CH2:1],1,O=Nc1ccccc1[CH3:2],2,hydrogen,3,hydrogen,4,C=O,50-00-0,28.90,252549-25ML,Cc1ccccc1N=O,611-23-4,99.50,N26407-5G
O=CCC1=CC=CC=C1N=O,O=Nc1ccccc1[CH2:2][CH:1]=O,[C:1]-[C:2],"[1, 2]","[1, 2]",O=[CH2:1],1,O=Nc1ccccc1[CH3:2],2,amine,3,hydrogen,4,NC=O,,133.00,612707-1EA,Cc1ccccc1N=O,611-23-4,99.50,N26407-5G
O=CCC1=CC=CC=C1N=O,O=Nc1ccccc1[CH2:2][CH:1]=O,[C:1]-[C:2],"[1, 2]","[1, 2]",O=[CH2:1],1,O=Nc1ccccc1[CH3:2],2,acid,3,hydrogen,4,O=CC(=O)O,298-12-4,37.80,260150-250G-A,Cc1ccccc1N=O,611-23-4,99.50,N26407-5G
CNC(CCC(=O)O)C(=O)C(C)C,CN[CH:1](CCC(=O)O)[C:2](=O)C(C)C,[C:1]-[C:2],"[1, 2]","[1, 2]",CN[CH2:1]CCC(=O)O,1,CC(C)[CH:2]=O,2,hydrogen,3,hydrogen,4,CNCCCC(=O)O,1119-48-8,425,COM497523419-5G,CC(C)C=O,78-84-2,27.50,538205-100ML
CNC(CCC(=O)O)C(=O)C(C)C,CN[CH:1](CCC(=O)O)[C:2](=O)C(C)C,[C:1]-[C:2],"[1, 2]","[1, 2]",CN[CH2:1]CCC(=O)O,1,CC(C)[CH:2]=O,2,hydrogen,3,amine,4,CNCCCC(=O)O,1119-48-8,425,COM497523419-5G,CC(C)C(N)=O,563-83-7,59.50,144436-25G
CNC(CCC(=O)O)C(=O)C(C)C,CN[CH:1](CCC(=O)O)[C:2](=O)C(C)C,[C:1]-[C:2],"[1, 2]","[1, 2]",CN[CH2:1]CCC(=O)O,1,CC(C)[CH:2]=O,2,hydrogen,3,acid,4,CNCCCC(=O)O,1119-48-8,425,COM497523419-5G,CC(C)C(=O)C(=O)O,759-05-7,109.25,AC5372909395-1G
CNC(CCC(=O)O)C(=O)C(C)C,CN[CH:1](CCC(=O)O)[C:2](=O)C(C)C,[C:1]-[C:2],"[1, 2]","[1, 2]",CN[CH2:1]CCC(=O)O,1,CC(C)[CH:2]=O,2,hydrogen,3,chloride,4,CNCCCC(=O)O,1119-48-8,425,COM497523419-5G,CC(C)C(=O)Cl,79-30-1,31.80,139122-5G
CNC(CCC(=O)O)C(=O)C(C)C,CN[CH:1](CCC(=O)O)[C:2](=O)C(C)C,[C:1]-[C:2],"[1, 2]","[1, 2]",CN[CH2:1]CCC(=O)O,1,CC(C)[CH:2]=O,2,hydrogen,3,bromide,4,CNCCCC(=O)O,1119-48-8,425,COM497523419-5G,CC(C)C(=O)Br,2736-37-0,116.25,COM448665857-5G
CNC(CCC(=O)O)C(=O)C(C)C,CC(C)C(=O)[CH:1](CCC(=O)O)[NH:2]C,[C:1]-[N:2],"[1, 2]","[1, 2]",CC(C)C(=O)[CH2:1]CCC(=O)O,1,C[NH2:2],2,hydrogen,3,hydrogen,4,CC(C)C(=O)CCCC(=O)O,40564-61-2,1157,RIE156329891-5G,CN,74-89-5,40.10,534102-250ML
CNC(CCC(=O)O)C(=O)C(C)C,CC(C)C(=O)[CH:1](CCC(=O)O)[NH:2]C,[C:1]-[N:2],"[1, 2]","[1, 2]",CC(C)C(=O)[CH2:1]CCC(=O)O,1,C[NH2:2],2,hydrogen,3,amine,4,CC(C)C(=O)CCCC(=O)O,40564-61-2,1157,RIE156329891-5G,CNN,60-34-4,50.50,M50001-25G
CCN1CC2C3CCC(O3)C2C1,C[CH2:1][N:2]1CC2C3CCC(O3)C2C1,[C:1]-[N:2],"[1, 2]","[1, 2]",C[CH3:1],1,C1CC2OC1C1C[NH:2]CC21,2,hydrogen,3,hydrogen,4,CC,74-84-0,463.00,295302-110G,C1CC2OC1C1CNCC21,157182-65-5,180.6,ENA341296637-250MG
CCN1CC2C3CCC(O3)C2C1,C[CH2:1][N:2]1CC2C3CCC(O3)C2C1,[C:1]-[N:2],"[1, 2]","[1, 2]",C[CH3:1],1,C1CC2OC1C1C[NH:2]CC21,2,alcohol,3,hydrogen,4,CCO,64-17-5,74.00,2858-240ML,C1CC2OC1C1CNCC21,157182-65-5,180.6,ENA341296637-250MG
CCN1CC2C3CCC(O3)C2C1,C[CH2:1][N:2]1CC2C3CCC(O3)C2C1,[C:1]-[N:2],"[1, 2]","[1, 2]",C[CH3:1],1,C1CC2OC1C1C[NH:2]CC21,2,amine,3,hydrogen,4,CCN,75-04-7,20.70,471208-100ML,C1CC2OC1C1CNCC21,157182-65-5,180.6,ENA341296637-250MG
CCN1CC2C3CCC(O3)C2C1,C[CH2:1][N:2]1CC2C3CCC(O3)C2C1,[C:1]-[N:2],"[1, 2]","[1, 2]",C[CH3:1],1,C1CC2OC1C1C[NH:2]CC21,2,acid,3,hydrogen,4,CCC(=O)O,79-09-4,37.90,P5561-1L,C1CC2OC1C1CNCC21,157182-65-5,180.6,ENA341296637-250MG
CCN1CC2C3CCC(O3)C2C1,C[CH2:1][N:2]1CC2C3CCC(O3)C2C1,[C:1]-[N:2],"[1, 2]","[1, 2]",C[CH3:1],1,C1CC2OC1C1C[NH:2]CC21,2,chloride,3,hydrogen,4,CCCl,75-00-3,178.00,295310-1KG,C1CC2OC1C1CNCC21,157182-65-5,180.6,ENA341296637-250MG
CCN1CC2C3CCC(O3)C2C1,C[CH2:1][N:2]1CC2C3CCC(O3)C2C1,[C:1]-[N:2],"[1, 2]","[1, 2]",C[CH3:1],1,C1CC2OC1C1C[NH:2]CC21,2,bromide,3,hydrogen,4,CCBr,74-96-4,55.70,239607-50G,C1CC2OC1C1CNCC21,157182-65-5,180.6,ENA341296637-250MG
CCN1CC2C3CCC(O3)C2C1,C[CH2:1][N:2]1CC2C3CCC(O3)C2C1,[C:1]-[N:2],"[1, 2]","[1, 2]",C[CH3:1],1,C1CC2OC1C1C[NH:2]CC21,2,iodide,3,hydrogen,4,CCI,75-03-6,24.00,I7780-5G,C1CC2OC1C1CNCC21,157182-65-5,180.6,ENA341296637-250MG
CCN1CC2C3CCC(O3)C2C1,C[CH2:1][N:2]1CC2C3CCC(O3)C2C1,[C:1]-[N:2],"[1, 2]","[1, 2]",C[CH3:1],1,C1CC2OC1C1C[NH:2]CC21,2,boronate,3,hydrogen,4,CCB(O)O,,66.00,CDS003542-250MG,C1CC2OC1C1CNCC21,157182-65-5,180.6,ENA341296637-250MG
C=CCCCC=C,C=CCC[CH2:2][CH:1]=C,[C:1]-[C:2],"[1, 2]","[1, 2]",C=[CH2:1],1,C=CCC[CH3:2],2,hydrogen,3,hydrogen,4,C=C,74-85-1,875.00,536164-110G,C=CCCC,109-67-1,53.10,241997-25G
C=CCCCC=C,C=CCC[CH2:2][CH:1]=C,[C:1]-[C:2],"[1, 2]","[1, 2]",C=[CH2:1],1,C=CCC[CH3:2],2,hydrogen,3,alcohol,4,C=C,74-85-1,875.00,536164-110G,C=CCCCO,821-09-0,22.30,111279-1G
C=CCCCC=C,C=CCC[CH2:2][CH:1]=C,[C:1]-[C:2],"[1, 2]","[1, 2]",C=[CH2:1],1,C=CCC[CH3:2],2,hydrogen,3,amine,4,C=C,74-85-1,875.00,536164-110G,C=CCCCN,22537-07-1,358.00,JWP00285-1G
C=CCCCC=C,C=CCC[CH2:2][CH:1]=C,[C:1]-[C:2],"[1, 2]","[1, 2]",C=[CH2:1],1,C=CCC[CH3:2],2,hydrogen,3,acid,4,C=C,74-85-1,875.00,536164-110G,C=CCCCC(=O)O,1577-22-6,67.10,464929-1G
C=CCCCC=C,C=CCC[CH2:2][CH:1]=C,[C:1]-[C:2],"[1, 2]","[1, 2]",C=[CH2:1],1,C=CCC[CH3:2],2,hydrogen,3,chloride,4,C=C,74-85-1,875.00,536164-110G,C=CCCCCl,928-50-7,38.5,AMBH303C625D-5G
C=CCCCC=C,C=CCC[CH2:2][CH:1]=C,[C:1]-[C:2],"[1, 2]","[1, 2]",C=[CH2:1],1,C=CCC[CH3:2],2,hydrogen,3,bromide,4,C=C,74-85-1,875.00,536164-110G,C=CCCCBr,1119-51-3,58.50,253901-5G
C=CCCCC=C,C=CCC[CH2:2][CH:1]=C,[C:1]-[C:2],"[1, 2]","[1, 2]",C=[CH2:1],1,C=CCC[CH3:2],2,hydrogen,3,iodide,4,C=C,74-85-1,875.00,536164-110G,C=CCCCI,7766-48-5,313.95,ENAH0CD45AE4-1G
C=CCCCC=C,C=CCC[CH2:2][CH:1]=C,[C:1]-[C:2],"[1, 2]","[1, 2]",C=[CH2:1],1,C=CCC[CH3:2],2,hydrogen,3,boronate,4,C=C,74-85-1,875.00,536164-110G,C=CCCCB(O)O,886747-03-1,123.00,688304-1G
C=CCCCC=C,C=CCC[CH2:2][CH:1]=C,[C:1]-[C:2],"[1, 2]","[1, 2]",C=[CH2:1],1,C=CCC[CH3:2],2,acid,3,hydrogen,4,C=CC(=O)O,79-10-7,37.00,147230-5G,C=CCCC,109-67-1,53.10,241997-25G
C=CCCCC=C,C=CCC[CH2:2][CH:1]=C,[C:1]-[C:2],"[1, 2]","[1, 2]",C=[CH2:1],1,C=CCC[CH3:2],2,acid,3,alcohol,4,C=CC(=O)O,79-10-7,37.00,147230-5G,C=CCCCO,821-09-0,22.30,111279-1G
C=CCCCC=C,C=CCC[CH2:2][CH:1]=C,[C:1]-[C:2],"[1, 2]","[1, 2]",C=[CH2:1],1,C=CCC[CH3:2],2,acid,3,amine,4,C=CC(=O)O,79-10-7,37.00,147230-5G,C=CCCCN,22537-07-1,358.00,JWP00285-1G
C=CCCCC=C,C=CCC[CH2:2][CH:1]=C,[C:1]-[C:2],"[1, 2]","[1, 2]",C=[CH2:1],1,C=CCC[CH3:2],2,acid,3,acid,4,C=CC(=O)O,79-10-7,37.00,147230-5G,C=CCCCC(=O)O,1577-22-6,67.10,464929-1G
C=CCCCC=C,C=CCC[CH2:2][CH:1]=C,[C:1]-[C:2],"[1, 2]","[1, 2]",C=[CH2:1],1,C=CCC[CH3:2],2,acid,3,chloride,4,C=CC(=O)O,79-10-7,37.00,147230-5G,C=CCCCCl,928-50-7,38.5,AMBH303C625D-5G
C=CCCCC=C,C=CCC[CH2:2][CH:1]=C,[C:1]-[C:2],"[1, 2]","[1, 2]",C=[CH2:1],1,C=CCC[CH3:2],2,acid,3,bromide,4,C=CC(=O)O,79-10-7,37.00,147230-5G,C=CCCCBr,1119-51-3,58.50,253901-5G
C=CCCCC=C,C=CCC[CH2:2][CH:1]=C,[C:1]-[C:2],"[1, 2]","[1, 2]",C=[CH2:1],1,C=CCC[CH3:2],2,acid,3,iodide,4,C=CC(=O)O,79-10-7,37.00,147230-5G,C=CCCCI,7766-48-5,313.95,ENAH0CD45AE4-1G
C=CCCCC=C,C=CCC[CH2:2][CH:1]=C,[C:1]-[C:2],"[1, 2]","[1, 2]",C=[CH2:1],1,C=CCC[CH3:2],2,acid,3,boronate,4,C=CC(=O)O,79-10-7,37.00,147230-5G,C=CCCCB(O)O,886747-03-1,123.00,688304-1G
C=CCCCC=C,C=CCC[CH2:2][CH:1]=C,[C:1]-[C:2],"[1, 2]","[1, 2]",C=[CH2:1],1,C=CCC[CH3:2],2,bromide,3,hydrogen,4,C=CBr,593-60-2,81.60,434191-100ML,C=CCCC,109-67-1,53.10,241997-25G
C=CCCCC=C,C=CCC[CH2:2][CH:1]=C,[C:1]-[C:2],"[1, 2]","[1, 2]",C=[CH2:1],1,C=CCC[CH3:2],2,bromide,3,alcohol,4,C=CBr,593-60-2,81.60,434191-100ML,C=CCCCO,821-09-0,22.30,111279-1G
C=CCCCC=C,C=CCC[CH2:2][CH:1]=C,[C:1]-[C:2],"[1, 2]","[1, 2]",C=[CH2:1],1,C=CCC[CH3:2],2,bromide,3,amine,4,C=CBr,593-60-2,81.60,434191-100ML,C=CCCCN,22537-07-1,358.00,JWP00285-1G
C=CCCCC=C,C=CCC[CH2:2][CH:1]=C,[C:1]-[C:2],"[1, 2]","[1, 2]",C=[CH2:1],1,C=CCC[CH3:2],2,bromide,3,acid,4,C=CBr,593-60-2,81.60,434191-100ML,C=CCCCC(=O)O,1577-22-6,67.10,464929-1G
C=CCCCC=C,C=CCC[CH2:2][CH:1]=C,[C:1]-[C:2],"[1, 2]","[1, 2]",C=[CH2:1],1,C=CCC[CH3:2],2,bromide,3,chloride,4,C=CBr,593-60-2,81.60,434191-100ML,C=CCCCCl,928-50-7,38.5,AMBH303C625D-5G
C=CCCCC=C,C=CCC[CH2:2][CH:1]=C,[C:1]-[C:2],"[1, 2]","[1, 2]",C=[CH2:1],1,C=CCC[CH3:2],2,bromide,3,bromide,4,C=CBr,593-60-2,81.60,434191-100ML,C=CCCCBr,1119-51-3,58.50,253901-5G
C=CCCCC=C,C=CCC[CH2:2][CH:1]=C,[C:1]-[C:2],"[1, 2]","[1, 2]",C=[CH2:1],1,C=CCC[CH3:2],2,bromide,3,iodide,4,C=CBr,593-60-2,81.60,434191-100ML,C=CCCCI,7766-48-5,313.95,ENAH0CD45AE4-1G
C=CCCCC=C,C=CCC[CH2:2][CH:1]=C,[C:1]-[C:2],"[1, 2]","[1, 2]",C=[CH2:1],1,C=CCC[CH3:2],2,bromide,3,boronate,4,C=CBr,593-60-2,81.60,434191-100ML,C=CCCCB(O)O,886747-03-1,123.00,688304-1G
C=CCCCC=C,C=CCC[CH2:2][CH:1]=C,[C:1]-[C:2],"[1, 2]","[1, 2]",C=[CH2:1],1,C=CCC[CH3:2],2,iodide,3,hydrogen,4,C=CI,593-66-8,212.5,COMH93D65D78-1G,C=CCCC,109-67-1,53.10,241997-25G
C=CCCCC=C,C=CCC[CH2:2][CH:1]=C,[C:1]-[C:2],"[1, 2]","[1, 2]",C=[CH2:1],1,C=CCC[CH3:2],2,iodide,3,alcohol,4,C=CI,593-66-8,212.5,COMH93D65D78-1G,C=CCCCO,821-09-0,22.30,111279-1G
C=CCCCC=C,C=CCC[CH2:2][CH:1]=C,[C:1]-[C:2],"[1, 2]","[1, 2]",C=[CH2:1],1,C=CCC[CH3:2],2,iodide,3,amine,4,C=CI,593-66-8,212.5,COMH93D65D78-1G,C=CCCCN,22537-07-1,358.00,JWP00285-1G
C=CCCCC=C,C=CCC[CH2:2][CH:1]=C,[C:1]-[C:2],"[1, 2]","[1, 2]",C=[CH2:1],1,C=CCC[CH3:2],2,iodide,3,acid,4,C=CI,593-66-8,212.5,COMH93D65D78-1G,C=CCCCC(=O)O,1577-22-6,67.10,464929-1G
C=CCCCC=C,C=CCC[CH2:2][CH:1]=C,[C:1]-[C:2],"[1, 2]","[1, 2]",C=[CH2:1],1,C=CCC[CH3:2],2,iodide,3,chloride,4,C=CI,593-66-8,212.5,COMH93D65D78-1G,C=CCCCCl,928-50-7,38.5,AMBH303C625D-5G
C=CCCCC=C,C=CCC[CH2:2][CH:1]=C,[C:1]-[C:2],"[1, 2]","[1, 2]",C=[CH2:1],1,C=CCC[CH3:2],2,iodide,3,bromide,4,C=CI,593-66-8,212.5,COMH93D65D78-1G,C=CCCCBr,1119-51-3,58.50,253901-5G
C=CCCCC=C,C=CCC[CH2:2][CH:1]=C,[C:1]-[C:2],"[1, 2]","[1, 2]",C=[CH2:1],1,C=CCC[CH3:2],2,iodide,3,iodide,4,C=CI,593-66-8,212.5,COMH93D65D78-1G,C=CCCCI,7766-48-5,313.95,ENAH0CD45AE4-1G
C=CCCCC=C,C=CCC[CH2:2][CH:1]=C,[C:1]-[C:2],"[1, 2]","[1, 2]",C=[CH2:1],1,C=CCC[CH3:2],2,iodide,3,boronate,4,C=CI,593-66-8,212.5,COMH93D65D78-1G,C=CCCCB(O)O,886747-03-1,123.00,688304-1G
C=CCCCC=C,C=CCC[CH2:2][CH:1]=C,[C:1]-[C:2],"[1, 2]","[1, 2]",C=[CH2:1],1,C=CCC[CH3:2],2,boronate,3,hydrogen,4,C=CB(O)O,4363-34-2,1225,COM448616228-5G,C=CCCC,109-67-1,53.10,241997-25G
C=CCCCC=C,C=CCC[CH2:2][CH:1]=C,[C:1]-[C:2],"[1, 2]","[1, 2]",C=[CH2:1],1,C=CCC[CH3:2],2,boronate,3,alcohol,4,C=CB(O)O,4363-34-2,1225,COM448616228-5G,C=CCCCO,821-09-0,22.30,111279-1G
C=CCCCC=C,C=CCC[CH2:2][CH:1]=C,[C:1]-[C:2],"[1, 2]","[1, 2]",C=[CH2:1],1,C=CCC[CH3:2],2,boronate,3,amine,4,C=CB(O)O,4363-34-2,1225,COM448616228-5G,C=CCCCN,22537-07-1,358.00,JWP00285-1G
C=CCCCC=C,C=CCC[CH2:2][CH:1]=C,[C:1]-[C:2],"[1, 2]","[1, 2]",C=[CH2:1],1,C=CCC[CH3:2],2,boronate,3,acid,4,C=CB(O)O,4363-34-2,1225,COM448616228-5G,C=CCCCC(=O)O,1577-22-6,67.10,464929-1G
C=CCCCC=C,C=CCC[CH2:2][CH:1]=C,[C:1]-[C:2],"[1, 2]","[1, 2]",C=[CH2:1],1,C=CCC[CH3:2],2,boronate,3,chloride,4,C=CB(O)O,4363-34-2,1225,COM448616228-5G,C=CCCCCl,928-50-7,38.5,AMBH303C625D-5G
C=CCCCC=C,C=CCC[CH2:2][CH:1]=C,[C:1]-[C:2],"[1, 2]","[1, 2]",C=[CH2:1],1,C=CCC[CH3:2],2,boronate,3,bromide,4,C=CB(O)O,4363-34-2,1225,COM448616228-5G,C=CCCCBr,1119-51-3,58.50,253901-5G
C=CCCCC=C,C=CCC[CH2:2][CH:1]=C,[C:1]-[C:2],"[1, 2]","[1, 2]",C=[CH2:1],1,C=CCC[CH3:2],2,boronate,3,iodide,4,C=CB(O)O,4363-34-2,1225,COM448616228-5G,C=CCCCI,7766-48-5,313.95,ENAH0CD45AE4-1G
C=CCCCC=C,C=CCC[CH2:2][CH:1]=C,[C:1]-[C:2],"[1, 2]","[1, 2]",C=[CH2:1],1,C=CCC[CH3:2],2,boronate,3,boronate,4,C=CB(O)O,4363-34-2,1225,COM448616228-5G,C=CCCCB(O)O,886747-03-1,123.00,688304-1G
C=CCCCC=C,C=CC[CH2:2][CH2:1]C=C,[C:1]-[C:2],"[1, 2]","[1, 2]",C=C[CH3:1],1,C=CC[CH3:2],2,hydrogen,3,hydrogen,4,C=CC,115-07-1,165.00,295663-100G,C=CCC,106-98-9,164.00,295051-100G
C=CCCCC=C,C=CC[CH2:2][CH2:1]C=C,[C:1]-[C:2],"[1, 2]","[1, 2]",C=C[CH3:1],1,C=CC[CH3:2],2,hydrogen,3,alcohol,4,C=CC,115-07-1,165.00,295663-100G,C=CCCO,627-27-0,114.00,496839-25G
C=CCCCC=C,C=CC[CH2:2][CH2:1]C=C,[C:1]-[C:2],"[1, 2]","[1, 2]",C=C[CH3:1],1,C=CC[CH3:2],2,hydrogen,3,amine,4,C=CC,115-07-1,165.00,295663-100G,C=CCCN,,85.80,CDS021978-100MG
C=CCCCC=C,C=CC[CH2:2][CH2:1]C=C,[C:1]-[C:2],"[1, 2]","[1, 2]",C=C[CH3:1],1,C=CC[CH3:2],2,hydrogen,3,acid,4,C=CC,115-07-1,165.00,295663-100G,C=CCCC(=O)O,591-80-0,84.00,W284300-25G-K
C=CCCCC=C,C=CC[CH2:2][CH2:1]C=C,[C:1]-[C:2],"[1, 2]","[1, 2]",C=C[CH3:1],1,C=CC[CH3:2],2,hydrogen,3,chloride,4,C=CC,115-07-1,165.00,295663-100G,C=CCCCl,927-73-1,25.2,ENA497679671-250MG
C=CCCCC=C,C=CC[CH2:2][CH2:1]C=C,[C:1]-[C:2],"[1, 2]","[1, 2]",C=C[CH3:1],1,C=CC[CH3:2],2,hydrogen,3,bromide,4,C=CC,115-07-1,165.00,295663-100G,C=CCCBr,5162-44-7,24.00,167851-1G
C=CCCCC=C,C=CC[CH2:2][CH2:1]C=C,[C:1]-[C:2],"[1, 2]","[1, 2]",C=C[CH3:1],1,C=CC[CH3:2],2,hydrogen,3,iodide,4,C=CC,115-07-1,165.00,295663-100G,C=CCCI,7766-51-0,335,LIF491378851-2.5G
C=CCCCC=C,C=CC[CH2:2][CH2:1]C=C,[C:1]-[C:2],"[1, 2]","[1, 2]",C=C[CH3:1],1,C=CC[CH3:2],2,hydrogen,3,boronate,4,C=CC,115-07-1,165.00,295663-100G,C=CCCB(O)O,379669-72-4,132.00,687650-1G
C=CCCCC=C,C=CC[CH2:2][CH2:1]C=C,[C:1]-[C:2],"[1, 2]","[1, 2]",C=C[CH3:1],1,C=CC[CH3:2],2,alcohol,3,hydrogen,4,C=CCO,107-18-6,55.80,453021-1L,C=CCC,106-98-9,164.00,295051-100G
C=CCCCC=C,C=CC[CH2:2][CH2:1]C=C,[C:1]-[C:2],"[1, 2]","[1, 2]",C=C[CH3:1],1,C=CC[CH3:2],2,alcohol,3,alcohol,4,C=CCO,107-18-6,55.80,453021-1L,C=CCCO,627-27-0,114.00,496839-25G
C=CCCCC=C,C=CC[CH2:2][CH2:1]C=C,[C:1]-[C:2],"[1, 2]","[1, 2]",C=C[CH3:1],1,C=CC[CH3:2],2,alcohol,3,amine,4,C=CCO,107-18-6,55.80,453021-1L,C=CCCN,,85.80,CDS021978-100MG
C=CCCCC=C,C=CC[CH2:2][CH2:1]C=C,[C:1]-[C:2],"[1, 2]","[1, 2]",C=C[CH3:1],1,C=CC[CH3:2],2,alcohol,3,acid,4,C=CCO,107-18-6,55.80,453021-1L,C=CCCC(=O)O,591-80-0,84.00,W284300-25G-K
C=CCCCC=C,C=CC[CH2:2][CH2:1]C=C,[C:1]-[C:2],"[1, 2]","[1, 2]",C=C[CH3:1],1,C=CC[CH3:2],2,alcohol,3,chloride,4,C=CCO,107-18-6,55.80,453021-1L,C=CCCCl,927-73-1,25.2,ENA497679671-250MG
C=CCCCC=C,C=CC[CH2:2][CH2:1]C=C,[C:1]-[C:2],"[1, 2]","[1, 2]",C=C[CH3:1],1,C=CC[CH3:2],2,alcohol,3,bromide,4,C=CCO,107-18-6,55.80,453021-1L,C=CCCBr,5162-44-7,24.00,167851-1G
C=CCCCC=C,C=CC[CH2:2][CH2:1]C=C,[C:1]-[C:2],"[1, 2]","[1, 2]",C=C[CH3:1],1,C=CC[CH3:2],2,alcohol,3,iodide,4,C=CCO,107-18-6,55.80,453021-1L,C=CCCI,7766-51-0,335,LIF491378851-2.5G
C=CCCCC=C,C=CC[CH2:2][CH2:1]C=C,[C:1]-[C:2],"[1, 2]","[1, 2]",C=C[CH3:1],1,C=CC[CH3:2],2,alcohol,3,boronate,4,C=CCO,107-18-6,55.80,453021-1L,C=CCCB(O)O,379669-72-4,132.00,687650-1G
C=CCCCC=C,C=CC[CH2:2][CH2:1]C=C,[C:1]-[C:2],"[1, 2]","[1, 2]",C=C[CH3:1],1,C=CC[CH3:2],2,amine,3,hydrogen,4,C=CCN,107-11-9,61.10,145831-250ML,C=CCC,106-98-9,164.00,295051-100G
C=CCCCC=C,C=CC[CH2:2][CH2:1]C=C,[C:1]-[C:2],"[1, 2]","[1, 2]",C=C[CH3:1],1,C=CC[CH3:2],2,amine,3,alcohol,4,C=CCN,107-11-9,61.10,145831-250ML,C=CCCO,627-27-0,114.00,496839-25G
C=CCCCC=C,C=CC[CH2:2][CH2:1]C=C,[C:1]-[C:2],"[1, 2]","[1, 2]",C=C[CH3:1],1,C=CC[CH3:2],2,amine,3,amine,4,C=CCN,107-11-9,61.10,145831-250ML,C=CCCN,,85.80,CDS021978-100MG
C=CCCCC=C,C=CC[CH2:2][CH2:1]C=C,[C:1]-[C:2],"[1, 2]","[1, 2]",C=C[CH3:1],1,C=CC[CH3:2],2,amine,3,acid,4,C=CCN,107-11-9,61.10,145831-250ML,C=CCCC(=O)O,591-80-0,84.00,W284300-25G-K
C=CCCCC=C,C=CC[CH2:2][CH2:1]C=C,[C:1]-[C:2],"[1, 2]","[1, 2]",C=C[CH3:1],1,C=CC[CH3:2],2,amine,3,chloride,4,C=CCN,107-11-9,61.10,145831-250ML,C=CCCCl,927-73-1,25.2,ENA497679671-250MG
C=CCCCC=C,C=CC[CH2:2][CH2:1]C=C,[C:1]-[C:2],"[1, 2]","[1, 2]",C=C[CH3:1],1,C=CC[CH3:2],2,amine,3,bromide,4,C=CCN,107-11-9,61.10,145831-250ML,C=CCCBr,5162-44-7,24.00,167851-1G
C=CCCCC=C,C=CC[CH2:2][CH2:1]C=C,[C:1]-[C:2],"[1, 2]","[1, 2]",C=C[CH3:1],1,C=CC[CH3:2],2,amine,3,iodide,4,C=CCN,107-11-9,61.10,145831-250ML,C=CCCI,7766-51-0,335,LIF491378851-2.5G
C=CCCCC=C,C=CC[CH2:2][CH2:1]C=C,[C:1]-[C:2],"[1, 2]","[1, 2]",C=C[CH3:1],1,C=CC[CH3:2],2,amine,3,boronate,4,C=CCN,107-11-9,61.10,145831-250ML,C=CCCB(O)O,379669-72-4,132.00,687650-1G
C=CCCCC=C,C=CC[CH2:2][CH2:1]C=C,[C:1]-[C:2],"[1, 2]","[1, 2]",C=C[CH3:1],1,C=CC[CH3:2],2,acid,3,hydrogen,4,C=CCC(=O)O,625-38-7,92.10,134716-25G,C=CCC,106-98-9,164.00,295051-100G
C=CCCCC=C,C=CC[CH2:2][CH2:1]C=C,[C:1]-[C:2],"[1, 2]","[1, 2]",C=C[CH3:1],1,C=CC[CH3:2],2,acid,3,alcohol,4,C=CCC(=O)O,625-38-7,92.10,134716-25G,C=CCCO,627-27-0,114.00,496839-25G
C=CCCCC=C,C=CC[CH2:2][CH2:1]C=C,[C:1]-[C:2],"[1, 2]","[1, 2]",C=C[CH3:1],1,C=CC[CH3:2],2,acid,3,amine,4,C=CCC(=O)O,625-38-7,92.10,134716-25G,C=CCCN,,85.80,CDS021978-100MG
C=CCCCC=C,C=CC[CH2:2][CH2:1]C=C,[C:1]-[C:2],"[1, 2]","[1, 2]",C=C[CH3:1],1,C=CC[CH3:2],2,acid,3,acid,4,C=CCC(=O)O,625-38-7,92.10,134716-25G,C=CCCC(=O)O,591-80-0,84.00,W284300-25G-K
C=CCCCC=C,C=CC[CH2:2][CH2:1]C=C,[C:1]-[C:2],"[1, 2]","[1, 2]",C=C[CH3:1],1,C=CC[CH3:2],2,acid,3,chloride,4,C=CCC(=O)O,625-38-7,92.10,134716-25G,C=CCCCl,927-73-1,25.2,ENA497679671-250MG
C=CCCCC=C,C=CC[CH2:2][CH2:1]C=C,[C:1]-[C:2],"[1, 2]","[1, 2]",C=C[CH3:1],1,C=CC[CH3:2],2,acid,3,bromide,4,C=CCC(=O)O,625-38-7,92.10,134716-25G,C=CCCBr,5162-44-7,24.00,167851-1G
C=CCCCC=C,C=CC[CH2:2][CH2:1]C=C,[C:1]-[C:2],"[1, 2]","[1, 2]",C=C[CH3:1],1,C=CC[CH3:2],2,acid,3,iodide,4,C=CCC(=O)O,625-38-7,92.10,134716-25G,C=CCCI,7766-51-0,335,LIF491378851-2.5G
C=CCCCC=C,C=CC[CH2:2][CH2:1]C=C,[C:1]-[C:2],"[1, 2]","[1, 2]",C=C[CH3:1],1,C=CC[CH3:2],2,acid,3,boronate,4,C=CCC(=O)O,625-38-7,92.10,134716-25G,C=CCCB(O)O,379669-72-4,132.00,687650-1G
C=CCCCC=C,C=CC[CH2:2][CH2:1]C=C,[C:1]-[C:2],"[1, 2]","[1, 2]",C=C[CH3:1],1,C=CC[CH3:2],2,chloride,3,hydrogen,4,C=CCCl,107-05-1,1570.00,481378-180LB,C=CCC,106-98-9,164.00,295051-100G
C=CCCCC=C,C=CC[CH2:2][CH2:1]C=C,[C:1]-[C:2],"[1, 2]","[1, 2]",C=C[CH3:1],1,C=CC[CH3:2],2,chloride,3,alcohol,4,C=CCCl,107-05-1,1570.00,481378-180LB,C=CCCO,627-27-0,114.00,496839-25G
C=CCCCC=C,C=CC[CH2:2][CH2:1]C=C,[C:1]-[C:2],"[1, 2]","[1, 2]",C=C[CH3:1],1,C=CC[CH3:2],2,chloride,3,amine,4,C=CCCl,107-05-1,1570.00,481378-180LB,C=CCCN,,85.80,CDS021978-100MG
C=CCCCC=C,C=CC[CH2:2][CH2:1]C=C,[C:1]-[C:2],"[1, 2]","[1, 2]",C=C[CH3:1],1,C=CC[CH3:2],2,chloride,3,acid,4,C=CCCl,107-05-1,1570.00,481378-180LB,C=CCCC(=O)O,591-80-0,84.00,W284300-25G-K
C=CCCCC=C,C=CC[CH2:2][CH2:1]C=C,[C:1]-[C:2],"[1, 2]","[1, 2]",C=C[CH3:1],1,C=CC[CH3:2],2,chloride,3,chloride,4,C=CCCl,107-05-1,1570.00,481378-180LB,C=CCCCl,927-73-1,25.2,ENA497679671-250MG
C=CCCCC=C,C=CC[CH2:2][CH2:1]C=C,[C:1]-[C:2],"[1, 2]","[1, 2]",C=C[CH3:1],1,C=CC[CH3:2],2,chloride,3,bromide,4,C=CCCl,107-05-1,1570.00,481378-180LB,C=CCCBr,5162-44-7,24.00,167851-1G
C=CCCCC=C,C=CC[CH2:2][CH2:1]C=C,[C:1]-[C:2],"[1, 2]","[1, 2]",C=C[CH3:1],1,C=CC[CH3:2],2,chloride,3,iodide,4,C=CCCl,107-05-1,1570.00,481378-180LB,C=CCCI,7766-51-0,335,LIF491378851-2.5G
C=CCCCC=C,C=CC[CH2:2][CH2:1]C=C,[C:1]-[C:2],"[1, 2]","[1, 2]",C=C[CH3:1],1,C=CC[CH3:2],2,chloride,3,boronate,4,C=CCCl,107-05-1,1570.00,481378-180LB,C=CCCB(O)O,379669-72-4,132.00,687650-1G
C=CCCCC=C,C=CC[CH2:2][CH2:1]C=C,[C:1]-[C:2],"[1, 2]","[1, 2]",C=C[CH3:1],1,C=CC[CH3:2],2,bromide,3,hydrogen,4,C=CCBr,106-95-6,37.70,337528-250ML,C=CCC,106-98-9,164.00,295051-100G
C=CCCCC=C,C=CC[CH2:2][CH2:1]C=C,[C:1]-[C:2],"[1, 2]","[1, 2]",C=C[CH3:1],1,C=CC[CH3:2],2,bromide,3,alcohol,4,C=CCBr,106-95-6,37.70,337528-250ML,C=CCCO,627-27-0,114.00,496839-25G
C=CCCCC=C,C=CC[CH2:2][CH2:1]C=C,[C:1]-[C:2],"[1, 2]","[1, 2]",C=C[CH3:1],1,C=CC[CH3:2],2,bromide,3,amine,4,C=CCBr,106-95-6,37.70,337528-250ML,C=CCCN,,85.80,CDS021978-100MG
C=CCCCC=C,C=CC[CH2:2][CH2:1]C=C,[C:1]-[C:2],"[1, 2]","[1, 2]",C=C[CH3:1],1,C=CC[CH3:2],2,bromide,3,acid,4,C=CCBr,106-95-6,37.70,337528-250ML,C=CCCC(=O)O,591-80-0,84.00,W284300-25G-K
C=CCCCC=C,C=CC[CH2:2][CH2:1]C=C,[C:1]-[C:2],"[1, 2]","[1, 2]",C=C[CH3:1],1,C=CC[CH3:2],2,bromide,3,chloride,4,C=CCBr,106-95-6,37.70,337528-250ML,C=CCCCl,927-73-1,25.2,ENA497679671-250MG
C=CCCCC=C,C=CC[CH2:2][CH2:1]C=C,[C:1]-[C:2],"[1, 2]","[1, 2]",C=C[CH3:1],1,C=CC[CH3:2],2,bromide,3,bromide,4,C=CCBr,106-95-6,37.70,337528-250ML,C=CCCBr,5162-44-7,24.00,167851-1G
C=CCCCC=C,C=CC[CH2:2][CH2:1]C=C,[C:1]-[C:2],"[1, 2]","[1, 2]",C=C[CH3:1],1,C=CC[CH3:2],2,bromide,3,iodide,4,C=CCBr,106-95-6,37.70,337528-250ML,C=CCCI,7766-51-0,335,LIF491378851-2.5G
C=CCCCC=C,C=CC[CH2:2][CH2:1]C=C,[C:1]-[C:2],"[1, 2]","[1, 2]",C=C[CH3:1],1,C=CC[CH3:2],2,bromide,3,boronate,4,C=CCBr,106-95-6,37.70,337528-250ML,C=CCCB(O)O,379669-72-4,132.00,687650-1G
C=CCCCC=C,C=CC[CH2:2][CH2:1]C=C,[C:1]-[C:2],"[1, 2]","[1, 2]",C=C[CH3:1],1,C=CC[CH3:2],2,iodide,3,hydrogen,4,C=CCI,556-56-9,68.50,238325-25G,C=CCC,106-98-9,164.00,295051-100G
C=CCCCC=C,C=CC[CH2:2][CH2:1]C=C,[C:1]-[C:2],"[1, 2]","[1, 2]",C=C[CH3:1],1,C=CC[CH3:2],2,iodide,3,alcohol,4,C=CCI,556-56-9,68.50,238325-25G,C=CCCO,627-27-0,114.00,496839-25G
C=CCCCC=C,C=CC[CH2:2][CH2:1]C=C,[C:1]-[C:2],"[1, 2]","[1, 2]",C=C[CH3:1],1,C=CC[CH3:2],2,iodide,3,amine,4,C=CCI,556-56-9,68.50,238325-25G,C=CCCN,,85.80,CDS021978-100MG
C=CCCCC=C,C=CC[CH2:2][CH2:1]C=C,[C:1]-[C:2],"[1, 2]","[1, 2]",C=C[CH3:1],1,C=CC[CH3:2],2,iodide,3,acid,4,C=CCI,556-56-9,68.50,238325-25G,C=CCCC(=O)O,591-80-0,84.00,W284300-25G-K
C=CCCCC=C,C=CC[CH2:2][CH2:1]C=C,[C:1]-[C:2],"[1, 2]","[1, 2]",C=C[CH3:1],1,C=CC[CH3:2],2,iodide,3,chloride,4,C=CCI,556-56-9,68.50,238325-25G,C=CCCCl,927-73-1,25.2,ENA497679671-250MG
C=CCCCC=C,C=CC[CH2:2][CH2:1]C=C,[C:1]-[C:2],"[1, 2]","[1, 2]",C=C[CH3:1],1,C=CC[CH3:2],2,iodide,3,bromide,4,C=CCI,556-56-9,68.50,238325-25G,C=CCCBr,5162-44-7,24.00,167851-1G
C=CCCCC=C,C=CC[CH2:2][CH2:1]C=C,[C:1]-[C:2],"[1, 2]","[1, 2]",C=C[CH3:1],1,C=CC[CH3:2],2,iodide,3,iodide,4,C=CCI,556-56-9,68.50,238325-25G,C=CCCI,7766-51-0,335,LIF491378851-2.5G
C=CCCCC=C,C=CC[CH2:2][CH2:1]C=C,[C:1]-[C:2],"[1, 2]","[1, 2]",C=C[CH3:1],1,C=CC[CH3:2],2,iodide,3,boronate,4,C=CCI,556-56-9,68.50,238325-25G,C=CCCB(O)O,379669-72-4,132.00,687650-1G
C=CCCCC=C,C=CC[CH2:1][CH2:2]C=C,[C:1]-[C:2],"[1, 2]","[1, 2]",C=CC[CH3:1],1,C=C[CH3:2],2,hydrogen,3,hydrogen,4,C=CCC,106-98-9,164.00,295051-100G,C=CC,115-07-1,165.00,295663-100G
C=CCCCC=C,C=CC[CH2:1][CH2:2]C=C,[C:1]-[C:2],"[1, 2]","[1, 2]",C=CC[CH3:1],1,C=C[CH3:2],2,hydrogen,3,alcohol,4,C=CCC,106-98-9,164.00,295051-100G,C=CCO,107-18-6,55.80,453021-1L
C=CCCCC=C,C=CC[CH2:1][CH2:2]C=C,[C:1]-[C:2],"[1, 2]","[1, 2]",C=CC[CH3:1],1,C=C[CH3:2],2,hydrogen,3,amine,4,C=CCC,106-98-9,164.00,295051-100G,C=CCN,107-11-9,61.10,145831-250ML
C=CCCCC=C,C=CC[CH2:1][CH2:2]C=C,[C:1]-[C:2],"[1, 2]","[1, 2]",C=CC[CH3:1],1,C=C[CH3:2],2,hydrogen,3,acid,4,C=CCC,106-98-9,164.00,295051-100G,C=CCC(=O)O,625-38-7,92.10,134716-25G
C=CCCCC=C,C=CC[CH2:1][CH2:2]C=C,[C:1]-[C:2],"[1, 2]","[1, 2]",C=CC[CH3:1],1,C=C[CH3:2],2,hydrogen,3,chloride,4,C=CCC,106-98-9,164.00,295051-100G,C=CCCl,107-05-1,1570.00,481378-180LB
C=CCCCC=C,C=CC[CH2:1][CH2:2]C=C,[C:1]-[C:2],"[1, 2]","[1, 2]",C=CC[CH3:1],1,C=C[CH3:2],2,hydrogen,3,bromide,4,C=CCC,106-98-9,164.00,295051-100G,C=CCBr,106-95-6,37.70,337528-250ML
C=CCCCC=C,C=CC[CH2:1][CH2:2]C=C,[C:1]-[C:2],"[1, 2]","[1, 2]",C=CC[CH3:1],1,C=C[CH3:2],2,hydrogen,3,iodide,4,C=CCC,106-98-9,164.00,295051-100G,C=CCI,556-56-9,68.50,238325-25G
C=CCCCC=C,C=CC[CH2:1][CH2:2]C=C,[C:1]-[C:2],"[1, 2]","[1, 2]",C=CC[CH3:1],1,C=C[CH3:2],2,alcohol,3,hydrogen,4,C=CCCO,627-27-0,114.00,496839-25G,C=CC,115-07-1,165.00,295663-100G
C=CCCCC=C,C=CC[CH2:1][CH2:2]C=C,[C:1]-[C:2],"[1, 2]","[1, 2]",C=CC[CH3:1],1,C=C[CH3:2],2,alcohol,3,alcohol,4,C=CCCO,627-27-0,114.00,496839-25G,C=CCO,107-18-6,55.80,453021-1L
C=CCCCC=C,C=CC[CH2:1][CH2:2]C=C,[C:1]-[C:2],"[1, 2]","[1, 2]",C=CC[CH3:1],1,C=C[CH3:2],2,alcohol,3,amine,4,C=CCCO,627-27-0,114.00,496839-25G,C=CCN,107-11-9,61.10,145831-250ML
C=CCCCC=C,C=CC[CH2:1][CH2:2]C=C,[C:1]-[C:2],"[1, 2]","[1, 2]",C=CC[CH3:1],1,C=C[CH3:2],2,alcohol,3,acid,4,C=CCCO,627-27-0,114.00,496839-25G,C=CCC(=O)O,625-38-7,92.10,134716-25G
C=CCCCC=C,C=CC[CH2:1][CH2:2]C=C,[C:1]-[C:2],"[1, 2]","[1, 2]",C=CC[CH3:1],1,C=C[CH3:2],2,alcohol,3,chloride,4,C=CCCO,627-27-0,114.00,496839-25G,C=CCCl,107-05-1,1570.00,481378-180LB
C=CCCCC=C,C=CC[CH2:1][CH2:2]C=C,[C:1]-[C:2],"[1, 2]","[1, 2]",C=CC[CH3:1],1,C=C[CH3:2],2,alcohol,3,bromide,4,C=CCCO,627-27-0,114.00,496839-25G,C=CCBr,106-95-6,37.70,337528-250ML
C=CCCCC=C,C=CC[CH2:1][CH2:2]C=C,[C:1]-[C:2],"[1, 2]","[1, 2]",C=CC[CH3:1],1,C=C[CH3:2],2,alcohol,3,iodide,4,C=CCCO,627-27-0,114.00,496839-25G,C=CCI,556-56-9,68.50,238325-25G
C=CCCCC=C,C=CC[CH2:1][CH2:2]C=C,[C:1]-[C:2],"[1, 2]","[1, 2]",C=CC[CH3:1],1,C=C[CH3:2],2,amine,3,hydrogen,4,C=CCCN,,85.80,CDS021978-100MG,C=CC,115-07-1,165.00,295663-100G
C=CCCCC=C,C=CC[CH2:1][CH2:2]C=C,[C:1]-[C:2],"[1, 2]","[1, 2]",C=CC[CH3:1],1,C=C[CH3:2],2,amine,3,alcohol,4,C=CCCN,,85.80,CDS021978-100MG,C=CCO,107-18-6,55.80,453021-1L
C=CCCCC=C,C=CC[CH2:1][CH2:2]C=C,[C:1]-[C:2],"[1, 2]","[1, 2]",C=CC[CH3:1],1,C=C[CH3:2],2,amine,3,amine,4,C=CCCN,,85.80,CDS021978-100MG,C=CCN,107-11-9,61.10,145831-250ML
C=CCCCC=C,C=CC[CH2:1][CH2:2]C=C,[C:1]-[C:2],"[1, 2]","[1, 2]",C=CC[CH3:1],1,C=C[CH3:2],2,amine,3,acid,4,C=CCCN,,85.80,CDS021978-100MG,C=CCC(=O)O,625-38-7,92.10,134716-25G
C=CCCCC=C,C=CC[CH2:1][CH2:2]C=C,[C:1]-[C:2],"[1, 2]","[1, 2]",C=CC[CH3:1],1,C=C[CH3:2],2,amine,3,chloride,4,C=CCCN,,85.80,CDS021978-100MG,C=CCCl,107-05-1,1570.00,481378-180LB
C=CCCCC=C,C=CC[CH2:1][CH2:2]C=C,[C:1]-[C:2],"[1, 2]","[1, 2]",C=CC[CH3:1],1,C=C[CH3:2],2,amine,3,bromide,4,C=CCCN,,85.80,CDS021978-100MG,C=CCBr,106-95-6,37.70,337528-250ML
C=CCCCC=C,C=CC[CH2:1][CH2:2]C=C,[C:1]-[C:2],"[1, 2]","[1, 2]",C=CC[CH3:1],1,C=C[CH3:2],2,amine,3,iodide,4,C=CCCN,,85.80,CDS021978-100MG,C=CCI,556-56-9,68.50,238325-25G
C=CCCCC=C,C=CC[CH2:1][CH2:2]C=C,[C:1]-[C:2],"[1, 2]","[1, 2]",C=CC[CH3:1],1,C=C[CH3:2],2,acid,3,hydrogen,4,C=CCCC(=O)O,591-80-0,84.00,W284300-25G-K,C=CC,115-07-1,165.00,295663-100G
C=CCCCC=C,C=CC[CH2:1][CH2:2]C=C,[C:1]-[C:2],"[1, 2]","[1, 2]",C=CC[CH3:1],1,C=C[CH3:2],2,acid,3,alcohol,4,C=CCCC(=O)O,591-80-0,84.00,W284300-25G-K,C=CCO,107-18-6,55.80,453021-1L
C=CCCCC=C,C=CC[CH2:1][CH2:2]C=C,[C:1]-[C:2],"[1, 2]","[1, 2]",C=CC[CH3:1],1,C=C[CH3:2],2,acid,3,amine,4,C=CCCC(=O)O,591-80-0,84.00,W284300-25G-K,C=CCN,107-11-9,61.10,145831-250ML
C=CCCCC=C,C=CC[CH2:1][CH2:2]C=C,[C:1]-[C:2],"[1, 2]","[1, 2]",C=CC[CH3:1],1,C=C[CH3:2],2,acid,3,acid,4,C=CCCC(=O)O,591-80-0,84.00,W284300-25G-K,C=CCC(=O)O,625-38-7,92.10,134716-25G
C=CCCCC=C,C=CC[CH2:1][CH2:2]C=C,[C:1]-[C:2],"[1, 2]","[1, 2]",C=CC[CH3:1],1,C=C[CH3:2],2,acid,3,chloride,4,C=CCCC(=O)O,591-80-0,84.00,W284300-25G-K,C=CCCl,107-05-1,1570.00,481378-180LB
C=CCCCC=C,C=CC[CH2:1][CH2:2]C=C,[C:1]-[C:2],"[1, 2]","[1, 2]",C=CC[CH3:1],1,C=C[CH3:2],2,acid,3,bromide,4,C=CCCC(=O)O,591-80-0,84.00,W284300-25G-K,C=CCBr,106-95-6,37.70,337528-250ML
C=CCCCC=C,C=CC[CH2:1][CH2:2]C=C,[C:1]-[C:2],"[1, 2]","[1, 2]",C=CC[CH3:1],1,C=C[CH3:2],2,acid,3,iodide,4,C=CCCC(=O)O,591-80-0,84.00,W284300-25G-K,C=CCI,556-56-9,68.50,238325-25G
C=CCCCC=C,C=CC[CH2:1][CH2:2]C=C,[C:1]-[C:2],"[1, 2]","[1, 2]",C=CC[CH3:1],1,C=C[CH3:2],2,chloride,3,hydrogen,4,C=CCCCl,927-73-1,25.2,ENA497679671-250MG,C=CC,115-07-1,165.00,295663-100G
C=CCCCC=C,C=CC[CH2:1][CH2:2]C=C,[C:1]-[C:2],"[1, 2]","[1, 2]",C=CC[CH3:1],1,C=C[CH3:2],2,chloride,3,alcohol,4,C=CCCCl,927-73-1,25.2,ENA497679671-250MG,C=CCO,107-18-6,55.80,453021-1L
C=CCCCC=C,C=CC[CH2:1][CH2:2]C=C,[C:1]-[C:2],"[1, 2]","[1, 2]",C=CC[CH3:1],1,C=C[CH3:2],2,chloride,3,amine,4,C=CCCCl,927-73-1,25.2,ENA497679671-250MG,C=CCN,107-11-9,61.10,145831-250ML
C=CCCCC=C,C=CC[CH2:1][CH2:2]C=C,[C:1]-[C:2],"[1, 2]","[1, 2]",C=CC[CH3:1],1,C=C[CH3:2],2,chloride,3,acid,4,C=CCCCl,927-73-1,25.2,ENA497679671-250MG,C=CCC(=O)O,625-38-7,92.10,134716-25G
C=CCCCC=C,C=CC[CH2:1][CH2:2]C=C,[C:1]-[C:2],"[1, 2]","[1, 2]",C=CC[CH3:1],1,C=C[CH3:2],2,chloride,3,chloride,4,C=CCCCl,927-73-1,25.2,ENA497679671-250MG,C=CCCl,107-05-1,1570.00,481378-180LB
C=CCCCC=C,C=CC[CH2:1][CH2:2]C=C,[C:1]-[C:2],"[1, 2]","[1, 2]",C=CC[CH3:1],1,C=C[CH3:2],2,chloride,3,bromide,4,C=CCCCl,927-73-1,25.2,ENA497679671-250MG,C=CCBr,106-95-6,37.70,337528-250ML
C=CCCCC=C,C=CC[CH2:1][CH2:2]C=C,[C:1]-[C:2],"[1, 2]","[1, 2]",C=CC[CH3:1],1,C=C[CH3:2],2,chloride,3,iodide,4,C=CCCCl,927-73-1,25.2,ENA497679671-250MG,C=CCI,556-56-9,68.50,238325-25G
C=CCCCC=C,C=CC[CH2:1][CH2:2]C=C,[C:1]-[C:2],"[1, 2]","[1, 2]",C=CC[CH3:1],1,C=C[CH3:2],2,bromide,3,hydrogen,4,C=CCCBr,5162-44-7,24.00,167851-1G,C=CC,115-07-1,165.00,295663-100G
C=CCCCC=C,C=CC[CH2:1][CH2:2]C=C,[C:1]-[C:2],"[1, 2]","[1, 2]",C=CC[CH3:1],1,C=C[CH3:2],2,bromide,3,alcohol,4,C=CCCBr,5162-44-7,24.00,167851-1G,C=CCO,107-18-6,55.80,453021-1L
C=CCCCC=C,C=CC[CH2:1][CH2:2]C=C,[C:1]-[C:2],"[1, 2]","[1, 2]",C=CC[CH3:1],1,C=C[CH3:2],2,bromide,3,amine,4,C=CCCBr,5162-44-7,24.00,167851-1G,C=CCN,107-11-9,61.10,145831-250ML
C=CCCCC=C,C=CC[CH2:1][CH2:2]C=C,[C:1]-[C:2],"[1, 2]","[1, 2]",C=CC[CH3:1],1,C=C[CH3:2],2,bromide,3,acid,4,C=CCCBr,5162-44-7,24.00,167851-1G,C=CCC(=O)O,625-38-7,92.10,134716-25G
C=CCCCC=C,C=CC[CH2:1][CH2:2]C=C,[C:1]-[C:2],"[1, 2]","[1, 2]",C=CC[CH3:1],1,C=C[CH3:2],2,bromide,3,chloride,4,C=CCCBr,5162-44-7,24.00,167851-1G,C=CCCl,107-05-1,1570.00,481378-180LB
C=CCCCC=C,C=CC[CH2:1][CH2:2]C=C,[C:1]-[C:2],"[1, 2]","[1, 2]",C=CC[CH3:1],1,C=C[CH3:2],2,bromide,3,bromide,4,C=CCCBr,5162-44-7,24.00,167851-1G,C=CCBr,106-95-6,37.70,337528-250ML
C=CCCCC=C,C=CC[CH2:1][CH2:2]C=C,[C:1]-[C:2],"[1, 2]","[1, 2]",C=CC[CH3:1],1,C=C[CH3:2],2,bromide,3,iodide,4,C=CCCBr,5162-44-7,24.00,167851-1G,C=CCI,556-56-9,68.50,238325-25G
C=CCCCC=C,C=CC[CH2:1][CH2:2]C=C,[C:1]-[C:2],"[1, 2]","[1, 2]",C=CC[CH3:1],1,C=C[CH3:2],2,iodide,3,hydrogen,4,C=CCCI,7766-51-0,335,LIF491378851-2.5G,C=CC,115-07-1,165.00,295663-100G
C=CCCCC=C,C=CC[CH2:1][CH2:2]C=C,[C:1]-[C:2],"[1, 2]","[1, 2]",C=CC[CH3:1],1,C=C[CH3:2],2,iodide,3,alcohol,4,C=CCCI,7766-51-0,335,LIF491378851-2.5G,C=CCO,107-18-6,55.80,453021-1L
C=CCCCC=C,C=CC[CH2:1][CH2:2]C=C,[C:1]-[C:2],"[1, 2]","[1, 2]",C=CC[CH3:1],1,C=C[CH3:2],2,iodide,3,amine,4,C=CCCI,7766-51-0,335,LIF491378851-2.5G,C=CCN,107-11-9,61.10,145831-250ML
C=CCCCC=C,C=CC[CH2:1][CH2:2]C=C,[C:1]-[C:2],"[1, 2]","[1, 2]",C=CC[CH3:1],1,C=C[CH3:2],2,iodide,3,acid,4,C=CCCI,7766-51-0,335,LIF491378851-2.5G,C=CCC(=O)O,625-38-7,92.10,134716-25G
C=CCCCC=C,C=CC[CH2:1][CH2:2]C=C,[C:1]-[C:2],"[1, 2]","[1, 2]",C=CC[CH3:1],1,C=C[CH3:2],2,iodide,3,chloride,4,C=CCCI,7766-51-0,335,LIF491378851-2.5G,C=CCCl,107-05-1,1570.00,481378-180LB
C=CCCCC=C,C=CC[CH2:1][CH2:2]C=C,[C:1]-[C:2],"[1, 2]","[1, 2]",C=CC[CH3:1],1,C=C[CH3:2],2,iodide,3,bromide,4,C=CCCI,7766-51-0,335,LIF491378851-2.5G,C=CCBr,106-95-6,37.70,337528-250ML
C=CCCCC=C,C=CC[CH2:1][CH2:2]C=C,[C:1]-[C:2],"[1, 2]","[1, 2]",C=CC[CH3:1],1,C=C[CH3:2],2,iodide,3,iodide,4,C=CCCI,7766-51-0,335,LIF491378851-2.5G,C=CCI,556-56-9,68.50,238325-25G
C=CCCCC=C,C=CC[CH2:1][CH2:2]C=C,[C:1]-[C:2],"[1, 2]","[1, 2]",C=CC[CH3:1],1,C=C[CH3:2],2,boronate,3,hydrogen,4,C=CCCB(O)O,379669-72-4,132.00,687650-1G,C=CC,115-07-1,165.00,295663-100G
C=CCCCC=C,C=CC[CH2:1][CH2:2]C=C,[C:1]-[C:2],"[1, 2]","[1, 2]",C=CC[CH3:1],1,C=C[CH3:2],2,boronate,3,alcohol,4,C=CCCB(O)O,379669-72-4,132.00,687650-1G,C=CCO,107-18-6,55.80,453021-1L
C=CCCCC=C,C=CC[CH2:1][CH2:2]C=C,[C:1]-[C:2],"[1, 2]","[1, 2]",C=CC[CH3:1],1,C=C[CH3:2],2,boronate,3,amine,4,C=CCCB(O)O,379669-72-4,132.00,687650-1G,C=CCN,107-11-9,61.10,145831-250ML
C=CCCCC=C,C=CC[CH2:1][CH2:2]C=C,[C:1]-[C:2],"[1, 2]","[1, 2]",C=CC[CH3:1],1,C=C[CH3:2],2,boronate,3,acid,4,C=CCCB(O)O,379669-72-4,132.00,687650-1G,C=CCC(=O)O,625-38-7,92.10,134716-25G
C=CCCCC=C,C=CC[CH2:1][CH2:2]C=C,[C:1]-[C:2],"[1, 2]","[1, 2]",C=CC[CH3:1],1,C=C[CH3:2],2,boronate,3,chloride,4,C=CCCB(O)O,379669-72-4,132.00,687650-1G,C=CCCl,107-05-1,1570.00,481378-180LB
C=CCCCC=C,C=CC[CH2:1][CH2:2]C=C,[C:1]-[C:2],"[1, 2]","[1, 2]",C=CC[CH3:1],1,C=C[CH3:2],2,boronate,3,bromide,4,C=CCCB(O)O,379669-72-4,132.00,687650-1G,C=CCBr,106-95-6,37.70,337528-250ML
C=CCCCC=C,C=CC[CH2:1][CH2:2]C=C,[C:1]-[C:2],"[1, 2]","[1, 2]",C=CC[CH3:1],1,C=C[CH3:2],2,boronate,3,iodide,4,C=CCCB(O)O,379669-72-4,132.00,687650-1G,C=CCI,556-56-9,68.50,238325-25G
C=CCCCC=C,C=CCC[CH2:1][CH:2]=C,[C:1]-[C:2],"[1, 2]","[1, 2]",C=CCC[CH3:1],1,C=[CH2:2],2,hydrogen,3,hydrogen,4,C=CCCC,109-67-1,53.10,241997-25G,C=C,74-85-1,875.00,536164-110G
C=CCCCC=C,C=CCC[CH2:1][CH:2]=C,[C:1]-[C:2],"[1, 2]","[1, 2]",C=CCC[CH3:1],1,C=[CH2:2],2,hydrogen,3,acid,4,C=CCCC,109-67-1,53.10,241997-25G,C=CC(=O)O,79-10-7,37.00,147230-5G
C=CCCCC=C,C=CCC[CH2:1][CH:2]=C,[C:1]-[C:2],"[1, 2]","[1, 2]",C=CCC[CH3:1],1,C=[CH2:2],2,hydrogen,3,bromide,4,C=CCCC,109-67-1,53.10,241997-25G,C=CBr,593-60-2,81.60,434191-100ML
C=CCCCC=C,C=CCC[CH2:1][CH:2]=C,[C:1]-[C:2],"[1, 2]","[1, 2]",C=CCC[CH3:1],1,C=[CH2:2],2,hydrogen,3,iodide,4,C=CCCC,109-67-1,53.10,241997-25G,C=CI,593-66-8,212.5,COMH93D65D78-1G
C=CCCCC=C,C=CCC[CH2:1][CH:2]=C,[C:1]-[C:2],"[1, 2]","[1, 2]",C=CCC[CH3:1],1,C=[CH2:2],2,hydrogen,3,boronate,4,C=CCCC,109-67-1,53.10,241997-25G,C=CB(O)O,4363-34-2,1225,COM448616228-5G
C=CCCCC=C,C=CCC[CH2:1][CH:2]=C,[C:1]-[C:2],"[1, 2]","[1, 2]",C=CCC[CH3:1],1,C=[CH2:2],2,alcohol,3,hydrogen,4,C=CCCCO,821-09-0,22.30,111279-1G,C=C,74-85-1,875.00,536164-110G
C=CCCCC=C,C=CCC[CH2:1][CH:2]=C,[C:1]-[C:2],"[1, 2]","[1, 2]",C=CCC[CH3:1],1,C=[CH2:2],2,alcohol,3,acid,4,C=CCCCO,821-09-0,22.30,111279-1G,C=CC(=O)O,79-10-7,37.00,147230-5G
C=CCCCC=C,C=CCC[CH2:1][CH:2]=C,[C:1]-[C:2],"[1, 2]","[1, 2]",C=CCC[CH3:1],1,C=[CH2:2],2,alcohol,3,bromide,4,C=CCCCO,821-09-0,22.30,111279-1G,C=CBr,593-60-2,81.60,434191-100ML
C=CCCCC=C,C=CCC[CH2:1][CH:2]=C,[C:1]-[C:2],"[1, 2]","[1, 2]",C=CCC[CH3:1],1,C=[CH2:2],2,alcohol,3,iodide,4,C=CCCCO,821-09-0,22.30,111279-1G,C=CI,593-66-8,212.5,COMH93D65D78-1G
C=CCCCC=C,C=CCC[CH2:1][CH:2]=C,[C:1]-[C:2],"[1, 2]","[1, 2]",C=CCC[CH3:1],1,C=[CH2:2],2,alcohol,3,boronate,4,C=CCCCO,821-09-0,22.30,111279-1G,C=CB(O)O,4363-34-2,1225,COM448616228-5G
C=CCCCC=C,C=CCC[CH2:1][CH:2]=C,[C:1]-[C:2],"[1, 2]","[1, 2]",C=CCC[CH3:1],1,C=[CH2:2],2,amine,3,hydrogen,4,C=CCCCN,22537-07-1,358.00,JWP00285-1G,C=C,74-85-1,875.00,536164-110G
C=CCCCC=C,C=CCC[CH2:1][CH:2]=C,[C:1]-[C:2],"[1, 2]","[1, 2]",C=CCC[CH3:1],1,C=[CH2:2],2,amine,3,acid,4,C=CCCCN,22537-07-1,358.00,JWP00285-1G,C=CC(=O)O,79-10-7,37.00,147230-5G
C=CCCCC=C,C=CCC[CH2:1][CH:2]=C,[C:1]-[C:2],"[1, 2]","[1, 2]",C=CCC[CH3:1],1,C=[CH2:2],2,amine,3,bromide,4,C=CCCCN,22537-07-1,358.00,JWP00285-1G,C=CBr,593-60-2,81.60,434191-100ML
C=CCCCC=C,C=CCC[CH2:1][CH:2]=C,[C:1]-[C:2],"[1, 2]","[1, 2]",C=CCC[CH3:1],1,C=[CH2:2],2,amine,3,iodide,4,C=CCCCN,22537-07-1,358.00,JWP00285-1G,C=CI,593-66-8,212.5,COMH93D65D78-1G
C=CCCCC=C,C=CCC[CH2:1][CH:2]=C,[C:1]-[C:2],"[1, 2]","[1, 2]",C=CCC[CH3:1],1,C=[CH2:2],2,amine,3,boronate,4,C=CCCCN,22537-07-1,358.00,JWP00285-1G,C=CB(O)O,4363-34-2,1225,COM448616228-5G
C=CCCCC=C,C=CCC[CH2:1][CH:2]=C,[C:1]-[C:2],"[1, 2]","[1, 2]",C=CCC[CH3:1],1,C=[CH2:2],2,acid,3,hydrogen,4,C=CCCCC(=O)O,1577-22-6,67.10,464929-1G,C=C,74-85-1,875.00,536164-110G
C=CCCCC=C,C=CCC[CH2:1][CH:2]=C,[C:1]-[C:2],"[1, 2]","[1, 2]",C=CCC[CH3:1],1,C=[CH2:2],2,acid,3,acid,4,C=CCCCC(=O)O,1577-22-6,67.10,464929-1G,C=CC(=O)O,79-10-7,37.00,147230-5G
C=CCCCC=C,C=CCC[CH2:1][CH:2]=C,[C:1]-[C:2],"[1, 2]","[1, 2]",C=CCC[CH3:1],1,C=[CH2:2],2,acid,3,bromide,4,C=CCCCC(=O)O,1577-22-6,67.10,464929-1G,C=CBr,593-60-2,81.60,434191-100ML
C=CCCCC=C,C=CCC[CH2:1][CH:2]=C,[C:1]-[C:2],"[1, 2]","[1, 2]",C=CCC[CH3:1],1,C=[CH2:2],2,acid,3,iodide,4,C=CCCCC(=O)O,1577-22-6,67.10,464929-1G,C=CI,593-66-8,212.5,COMH93D65D78-1G
C=CCCCC=C,C=CCC[CH2:1][CH:2]=C,[C:1]-[C:2],"[1, 2]","[1, 2]",C=CCC[CH3:1],1,C=[CH2:2],2,acid,3,boronate,4,C=CCCCC(=O)O,1577-22-6,67.10,464929-1G,C=CB(O)O,4363-34-2,1225,COM448616228-5G
C=CCCCC=C,C=CCC[CH2:1][CH:2]=C,[C:1]-[C:2],"[1, 2]","[1, 2]",C=CCC[CH3:1],1,C=[CH2:2],2,chloride,3,hydrogen,4,C=CCCCCl,928-50-7,38.5,AMBH303C625D-5G,C=C,74-85-1,875.00,536164-110G
C=CCCCC=C,C=CCC[CH2:1][CH:2]=C,[C:1]-[C:2],"[1, 2]","[1, 2]",C=CCC[CH3:1],1,C=[CH2:2],2,chloride,3,acid,4,C=CCCCCl,928-50-7,38.5,AMBH303C625D-5G,C=CC(=O)O,79-10-7,37.00,147230-5G
C=CCCCC=C,C=CCC[CH2:1][CH:2]=C,[C:1]-[C:2],"[1, 2]","[1, 2]",C=CCC[CH3:1],1,C=[CH2:2],2,chloride,3,bromide,4,C=CCCCCl,928-50-7,38.5,AMBH303C625D-5G,C=CBr,593-60-2,81.60,434191-100ML
C=CCCCC=C,C=CCC[CH2:1][CH:2]=C,[C:1]-[C:2],"[1, 2]","[1, 2]",C=CCC[CH3:1],1,C=[CH2:2],2,chloride,3,iodide,4,C=CCCCCl,928-50-7,38.5,AMBH303C625D-5G,C=CI,593-66-8,212.5,COMH93D65D78-1G
C=CCCCC=C,C=CCC[CH2:1][CH:2]=C,[C:1]-[C:2],"[1, 2]","[1, 2]",C=CCC[CH3:1],1,C=[CH2:2],2,chloride,3,boronate,4,C=CCCCCl,928-50-7,38.5,AMBH303C625D-5G,C=CB(O)O,4363-34-2,1225,COM448616228-5G
C=CCCCC=C,C=CCC[CH2:1][CH:2]=C,[C:1]-[C:2],"[1, 2]","[1, 2]",C=CCC[CH3:1],1,C=[CH2:2],2,bromide,3,hydrogen,4,C=CCCCBr,1119-51-3,58.50,253901-5G,C=C,74-85-1,875.00,536164-110G
C=CCCCC=C,C=CCC[CH2:1][CH:2]=C,[C:1]-[C:2],"[1, 2]","[1, 2]",C=CCC[CH3:1],1,C=[CH2:2],2,bromide,3,acid,4,C=CCCCBr,1119-51-3,58.50,253901-5G,C=CC(=O)O,79-10-7,37.00,147230-5G
C=CCCCC=C,C=CCC[CH2:1][CH:2]=C,[C:1]-[C:2],"[1, 2]","[1, 2]",C=CCC[CH3:1],1,C=[CH2:2],2,bromide,3,bromide,4,C=CCCCBr,1119-51-3,58.50,253901-5G,C=CBr,593-60-2,81.60,434191-100ML
C=CCCCC=C,C=CCC[CH2:1][CH:2]=C,[C:1]-[C:2],"[1, 2]","[1, 2]",C=CCC[CH3:1],1,C=[CH2:2],2,bromide,3,iodide,4,C=CCCCBr,1119-51-3,58.50,253901-5G,C=CI,593-66-8,212.5,COMH93D65D78-1G
C=CCCCC=C,C=CCC[CH2:1][CH:2]=C,[C:1]-[C:2],"[1, 2]","[1, 2]",C=CCC[CH3:1],1,C=[CH2:2],2,bromide,3,boronate,4,C=CCCCBr,1119-51-3,58.50,253901-5G,C=CB(O)O,4363-34-2,1225,COM448616228-5G
C=CCCCC=C,C=CCC[CH2:1][CH:2]=C,[C:1]-[C:2],"[1, 2]","[1, 2]",C=CCC[CH3:1],1,C=[CH2:2],2,iodide,3,hydrogen,4,C=CCCCI,7766-48-5,313.95,ENAH0CD45AE4-1G,C=C,74-85-1,875.00,536164-110G
C=CCCCC=C,C=CCC[CH2:1][CH:2]=C,[C:1]-[C:2],"[1, 2]","[1, 2]",C=CCC[CH3:1],1,C=[CH2:2],2,iodide,3,acid,4,C=CCCCI,7766-48-5,313.95,ENAH0CD45AE4-1G,C=CC(=O)O,79-10-7,37.00,147230-5G
C=CCCCC=C,C=CCC[CH2:1][CH:2]=C,[C:1]-[C:2],"[1, 2]","[1, 2]",C=CCC[CH3:1],1,C=[CH2:2],2,iodide,3,bromide,4,C=CCCCI,7766-48-5,313.95,ENAH0CD45AE4-1G,C=CBr,593-60-2,81.60,434191-100ML
C=CCCCC=C,C=CCC[CH2:1][CH:2]=C,[C:1]-[C:2],"[1, 2]","[1, 2]",C=CCC[CH3:1],1,C=[CH2:2],2,iodide,3,iodide,4,C=CCCCI,7766-48-5,313.95,ENAH0CD45AE4-1G,C=CI,593-66-8,212.5,COMH93D65D78-1G
C=CCCCC=C,C=CCC[CH2:1][CH:2]=C,[C:1]-[C:2],"[1, 2]","[1, 2]",C=CCC[CH3:1],1,C=[CH2:2],2,iodide,3,boronate,4,C=CCCCI,7766-48-5,313.95,ENAH0CD45AE4-1G,C=CB(O)O,4363-34-2,1225,COM448616228-5G
C=CCCCC=C,C=CCC[CH2:1][CH:2]=C,[C:1]-[C:2],"[1, 2]","[1, 2]",C=CCC[CH3:1],1,C=[CH2:2],2,boronate,3,hydrogen,4,C=CCCCB(O)O,886747-03-1,123.00,688304-1G,C=C,74-85-1,875.00,536164-110G
C=CCCCC=C,C=CCC[CH2:1][CH:2]=C,[C:1]-[C:2],"[1, 2]","[1, 2]",C=CCC[CH3:1],1,C=[CH2:2],2,boronate,3,acid,4,C=CCCCB(O)O,886747-03-1,123.00,688304-1G,C=CC(=O)O,79-10-7,37.00,147230-5G
C=CCCCC=C,C=CCC[CH2:1][CH:2]=C,[C:1]-[C:2],"[1, 2]","[1, 2]",C=CCC[CH3:1],1,C=[CH2:2],2,boronate,3,bromide,4,C=CCCCB(O)O,886747-03-1,123.00,688304-1G,C=CBr,593-60-2,81.60,434191-100ML
C=CCCCC=C,C=CCC[CH2:1][CH:2]=C,[C:1]-[C:2],"[1, 2]","[1, 2]",C=CCC[CH3:1],1,C=[CH2:2],2,boronate,3,iodide,4,C=CCCCB(O)O,886747-03-1,123.00,688304-1G,C=CI,593-66-8,212.5,COMH93D65D78-1G
C=CCCCC=C,C=CCC[CH2:1][CH:2]=C,[C:1]-[C:2],"[1, 2]","[1, 2]",C=CCC[CH3:1],1,C=[CH2:2],2,boronate,3,boronate,4,C=CCCCB(O)O,886747-03-1,123.00,688304-1G,C=CB(O)O,4363-34-2,1225,COM448616228-5G
COC1=CC=C(NC2=NC(C3=CC=CC=C3)=C3C=C(C)C=CC3=N2)C(OC)=C1,COc1ccc([NH:2][c:1]2nc(-c3ccccc3)c3cc(C)ccc3n2)c(OC)c1,[c:1]-[N:2],"[1, 2]","[1, 2]",Cc1ccc2n[cH:1]nc(-c3ccccc3)c2c1,1,COc1ccc([NH2:2])c(OC)c1,2,chloride,3,hydrogen,4,Cc1ccc2nc(Cl)nc(-c3ccccc3)c2c1,5185-55-7,191.25,LIF007276562-250MG,COc1ccc(N)c(OC)c1,2735-04-8,69.00,D129801-100G
CCCC1=C(C)SC(C(=O)OCC(=O)NCC2=CC=C(N(C)C)C=C2)=C1,CCCc1cc(C(=O)[O:2][CH2:1]C(=O)NCc2ccc(N(C)C)cc2)sc1C,[C:1]-[O:2],"[1, 2]","[1, 2]",CN(C)c1ccc(CNC(=O)[CH3:1])cc1,1,CCCc1cc(C(=O)[OH:2])sc1C,2,bromide,3,hydrogen,4,CN(C)c1ccc(CNC(=O)CBr)cc1,1339403-46-1,225,COMH042396A7-1G,CCCc1cc(C(=O)O)sc1C,790263-47-7,1300.95,ENA024295828-5G
C=CCCC(N)=C[N+](=O)[O-],C=CC[CH2:1][C:2](N)=C[N+](=O)[O-],[C:1]-[C:2],"[1, 2]","[1, 2]",C=CC[CH3:1],1,N[CH:2]=C[N+](=O)[O-],2,hydrogen,3,amine,4,C=CCC,106-98-9,164.00,295051-100G,NC(N)=C[N+](=O)[O-],71090-35-2,70.4,CH4338629772-250MG
C=CCCC(N)=C[N+](=O)[O-],C=CC[CH2:1][C:2](N)=C[N+](=O)[O-],[C:1]-[C:2],"[1, 2]","[1, 2]",C=CC[CH3:1],1,N[CH:2]=C[N+](=O)[O-],2,alcohol,3,amine,4,C=CCCO,627-27-0,114.00,496839-25G,NC(N)=C[N+](=O)[O-],71090-35-2,70.4,CH4338629772-250MG
C=CCCC(N)=C[N+](=O)[O-],C=CC[CH2:1][C:2](N)=C[N+](=O)[O-],[C:1]-[C:2],"[1, 2]","[1, 2]",C=CC[CH3:1],1,N[CH:2]=C[N+](=O)[O-],2,amine,3,amine,4,C=CCCN,,85.80,CDS021978-100MG,NC(N)=C[N+](=O)[O-],71090-35-2,70.4,CH4338629772-250MG
C=CCCC(N)=C[N+](=O)[O-],C=CC[CH2:1][C:2](N)=C[N+](=O)[O-],[C:1]-[C:2],"[1, 2]","[1, 2]",C=CC[CH3:1],1,N[CH:2]=C[N+](=O)[O-],2,acid,3,amine,4,C=CCCC(=O)O,591-80-0,84.00,W284300-25G-K,NC(N)=C[N+](=O)[O-],71090-35-2,70.4,CH4338629772-250MG
C=CCCC(N)=C[N+](=O)[O-],C=CC[CH2:1][C:2](N)=C[N+](=O)[O-],[C:1]-[C:2],"[1, 2]","[1, 2]",C=CC[CH3:1],1,N[CH:2]=C[N+](=O)[O-],2,chloride,3,amine,4,C=CCCCl,927-73-1,25.2,ENA497679671-250MG,NC(N)=C[N+](=O)[O-],71090-35-2,70.4,CH4338629772-250MG
C=CCCC(N)=C[N+](=O)[O-],C=CC[CH2:1][C:2](N)=C[N+](=O)[O-],[C:1]-[C:2],"[1, 2]","[1, 2]",C=CC[CH3:1],1,N[CH:2]=C[N+](=O)[O-],2,bromide,3,amine,4,C=CCCBr,5162-44-7,24.00,167851-1G,NC(N)=C[N+](=O)[O-],71090-35-2,70.4,CH4338629772-250MG
C=CCCC(N)=C[N+](=O)[O-],C=CC[CH2:1][C:2](N)=C[N+](=O)[O-],[C:1]-[C:2],"[1, 2]","[1, 2]",C=CC[CH3:1],1,N[CH:2]=C[N+](=O)[O-],2,iodide,3,amine,4,C=CCCI,7766-51-0,335,LIF491378851-2.5G,NC(N)=C[N+](=O)[O-],71090-35-2,70.4,CH4338629772-250MG
C=CCCC(N)=C[N+](=O)[O-],C=CC[CH2:1][C:2](N)=C[N+](=O)[O-],[C:1]-[C:2],"[1, 2]","[1, 2]",C=CC[CH3:1],1,N[CH:2]=C[N+](=O)[O-],2,boronate,3,amine,4,C=CCCB(O)O,379669-72-4,132.00,687650-1G,NC(N)=C[N+](=O)[O-],71090-35-2,70.4,CH4338629772-250MG
NC1=CN(P)C=N1,Nc1c[n:1]([PH2:2])cn1,[n:1]-[P:2],"[1, 2]","[1, 2]",Nc1c[nH:1]cn1,1,[PH3:2],2,hydrogen,3,hydrogen,4,Nc1c[nH]cn1,,1949.25,ADVH49B8254D-5G,P,7803-51-2,1780.00,295647-10G
O=C(O)C1=CC=CC=C1C(=O)CCO,O=C(O)c1cccc[c:1]1[C:2](=O)CCO,[c:1]-[C:2],"[1, 2]","[1, 2]",O=C(O)c1cccc[cH:1]1,1,O=[CH:2]CCO,2,hydrogen,3,amine,4,O=C(O)c1ccccc1,65-85-0,148.00,427608-10G,NC(=O)CCO,2651-43-6,108.9,CH4415172978-250MG
O=C(O)C1=CC=CC=C1C(=O)CCO,O=C(O)c1cccc[c:1]1[C:2](=O)CCO,[c:1]-[C:2],"[1, 2]","[1, 2]",O=C(O)c1cccc[cH:1]1,1,O=[CH:2]CCO,2,amine,3,amine,4,Nc1ccccc1C(=O)O,118-92-3,83.10,10680-25G,NC(=O)CCO,2651-43-6,108.9,CH4415172978-250MG
O=C(O)C1=CC=CC=C1C(=O)CCO,O=C(O)c1cccc[c:1]1[C:2](=O)CCO,[c:1]-[C:2],"[1, 2]","[1, 2]",O=C(O)c1cccc[cH:1]1,1,O=[CH:2]CCO,2,acid,3,amine,4,O=C(O)c1ccccc1C(=O)O,88-99-3,29.90,P39303-100G,NC(=O)CCO,2651-43-6,108.9,CH4415172978-250MG
O=C(O)C1=CC=CC=C1C(=O)CCO,O=C(O)c1cccc[c:1]1[C:2](=O)CCO,[c:1]-[C:2],"[1, 2]","[1, 2]",O=C(O)c1cccc[cH:1]1,1,O=[CH:2]CCO,2,chloride,3,amine,4,O=C(O)c1ccccc1Cl,118-91-2,16.40,135577-5G,NC(=O)CCO,2651-43-6,108.9,CH4415172978-250MG
O=C(O)C1=CC=CC=C1C(=O)CCO,O=C(O)c1cccc[c:1]1[C:2](=O)CCO,[c:1]-[C:2],"[1, 2]","[1, 2]",O=C(O)c1cccc[cH:1]1,1,O=[CH:2]CCO,2,bromide,3,amine,4,O=C(O)c1ccccc1Br,88-65-3,32.30,137677-25G,NC(=O)CCO,2651-43-6,108.9,CH4415172978-250MG
O=C(O)C1=CC=CC=C1C(=O)CCO,O=C(O)c1cccc[c:1]1[C:2](=O)CCO,[c:1]-[C:2],"[1, 2]","[1, 2]",O=C(O)c1cccc[cH:1]1,1,O=[CH:2]CCO,2,iodide,3,amine,4,O=C(O)c1ccccc1I,88-67-5,25.60,418463-1G,NC(=O)CCO,2651-43-6,108.9,CH4415172978-250MG
O=C(O)C1=CC=CC=C1C(=O)CCO,O=C(O)c1cccc[c:1]1[C:2](=O)CCO,[c:1]-[C:2],"[1, 2]","[1, 2]",O=C(O)c1cccc[cH:1]1,1,O=[CH:2]CCO,2,boronate,3,amine,4,O=C(O)c1ccccc1B(O)O,,55.10,CDS004617-100MG,NC(=O)CCO,2651-43-6,108.9,CH4415172978-250MG
O=C(O)C1=CC=CC=C1C(=O)CCO,O=C(O)c1ccccc1[C:1](=O)[CH2:2]CO,[C:1]-[C:2],"[1, 2]","[1, 2]",O=C(O)c1ccccc1[CH:1]=O,1,OC[CH3:2],2,hydrogen,3,hydrogen,4,O=Cc1ccccc1C(=O)O,119-67-5,32.90,116017-25G,CCO,64-17-5,74.00,2858-240ML
O=C(O)C1=CC=CC=C1C(=O)CCO,O=C(O)c1ccccc1[C:1](=O)[CH2:2]CO,[C:1]-[C:2],"[1, 2]","[1, 2]",O=C(O)c1ccccc1[CH:1]=O,1,OC[CH3:2],2,hydrogen,3,alcohol,4,O=Cc1ccccc1C(=O)O,119-67-5,32.90,116017-25G,OCCO,107-21-1,48.20,324558-100ML
O=C(O)C1=CC=CC=C1C(=O)CCO,O=C(O)c1ccccc1[C:1](=O)[CH2:2]CO,[C:1]-[C:2],"[1, 2]","[1, 2]",O=C(O)c1ccccc1[CH:1]=O,1,OC[CH3:2],2,hydrogen,3,amine,4,O=Cc1ccccc1C(=O)O,119-67-5,32.90,116017-25G,NCCO,141-43-5,42.90,E0135-100ML
O=C(O)C1=CC=CC=C1C(=O)CCO,O=C(O)c1ccccc1[C:1](=O)[CH2:2]CO,[C:1]-[C:2],"[1, 2]","[1, 2]",O=C(O)c1ccccc1[CH:1]=O,1,OC[CH3:2],2,hydrogen,3,acid,4,O=Cc1ccccc1C(=O)O,119-67-5,32.90,116017-25G,O=C(O)CCO,,53.10,792659-1G
O=C(O)C1=CC=CC=C1C(=O)CCO,O=C(O)c1ccccc1[C:1](=O)[CH2:2]CO,[C:1]-[C:2],"[1, 2]","[1, 2]",O=C(O)c1ccccc1[CH:1]=O,1,OC[CH3:2],2,hydrogen,3,chloride,4,O=Cc1ccccc1C(=O)O,119-67-5,32.90,116017-25G,OCCCl,107-07-3,30.70,185744-50G
O=C(O)C1=CC=CC=C1C(=O)CCO,O=C(O)c1ccccc1[C:1](=O)[CH2:2]CO,[C:1]-[C:2],"[1, 2]","[1, 2]",O=C(O)c1ccccc1[CH:1]=O,1,OC[CH3:2],2,hydrogen,3,bromide,4,O=Cc1ccccc1C(=O)O,119-67-5,32.90,116017-25G,OCCBr,540-51-2,44.20,B65586-5G
O=C(O)C1=CC=CC=C1C(=O)CCO,O=C(O)c1ccccc1[C:1](=O)[CH2:2]CO,[C:1]-[C:2],"[1, 2]","[1, 2]",O=C(O)c1ccccc1[CH:1]=O,1,OC[CH3:2],2,hydrogen,3,iodide,4,O=Cc1ccccc1C(=O)O,119-67-5,32.90,116017-25G,OCCI,624-76-0,33.80,176850-5G
O=C(O)C1=CC=CC=C1C(=O)CCO,O=C(O)c1ccccc1[C:1](=O)[CH2:2]CO,[C:1]-[C:2],"[1, 2]","[1, 2]",O=C(O)c1ccccc1[CH:1]=O,1,OC[CH3:2],2,amine,3,hydrogen,4,NC(=O)c1ccccc1C(=O)O,88-97-1,57.30,556998-5G,CCO,64-17-5,74.00,2858-240ML
O=C(O)C1=CC=CC=C1C(=O)CCO,O=C(O)c1ccccc1[C:1](=O)[CH2:2]CO,[C:1]-[C:2],"[1, 2]","[1, 2]",O=C(O)c1ccccc1[CH:1]=O,1,OC[CH3:2],2,amine,3,alcohol,4,NC(=O)c1ccccc1C(=O)O,88-97-1,57.30,556998-5G,OCCO,107-21-1,48.20,324558-100ML
O=C(O)C1=CC=CC=C1C(=O)CCO,O=C(O)c1ccccc1[C:1](=O)[CH2:2]CO,[C:1]-[C:2],"[1, 2]","[1, 2]",O=C(O)c1ccccc1[CH:1]=O,1,OC[CH3:2],2,amine,3,amine,4,NC(=O)c1ccccc1C(=O)O,88-97-1,57.30,556998-5G,NCCO,141-43-5,42.90,E0135-100ML
O=C(O)C1=CC=CC=C1C(=O)CCO,O=C(O)c1ccccc1[C:1](=O)[CH2:2]CO,[C:1]-[C:2],"[1, 2]","[1, 2]",O=C(O)c1ccccc1[CH:1]=O,1,OC[CH3:2],2,amine,3,acid,4,NC(=O)c1ccccc1C(=O)O,88-97-1,57.30,556998-5G,O=C(O)CCO,,53.10,792659-1G
O=C(O)C1=CC=CC=C1C(=O)CCO,O=C(O)c1ccccc1[C:1](=O)[CH2:2]CO,[C:1]-[C:2],"[1, 2]","[1, 2]",O=C(O)c1ccccc1[CH:1]=O,1,OC[CH3:2],2,amine,3,chloride,4,NC(=O)c1ccccc1C(=O)O,88-97-1,57.30,556998-5G,OCCCl,107-07-3,30.70,185744-50G
O=C(O)C1=CC=CC=C1C(=O)CCO,O=C(O)c1ccccc1[C:1](=O)[CH2:2]CO,[C:1]-[C:2],"[1, 2]","[1, 2]",O=C(O)c1ccccc1[CH:1]=O,1,OC[CH3:2],2,amine,3,bromide,4,NC(=O)c1ccccc1C(=O)O,88-97-1,57.30,556998-5G,OCCBr,540-51-2,44.20,B65586-5G
O=C(O)C1=CC=CC=C1C(=O)CCO,O=C(O)c1ccccc1[C:1](=O)[CH2:2]CO,[C:1]-[C:2],"[1, 2]","[1, 2]",O=C(O)c1ccccc1[CH:1]=O,1,OC[CH3:2],2,amine,3,iodide,4,NC(=O)c1ccccc1C(=O)O,88-97-1,57.30,556998-5G,OCCI,624-76-0,33.80,176850-5G
O=C(O)C1=CC=CC=C1C(=O)CCO,O=C(O)c1ccccc1C(=O)[CH2:1][CH2:2]O,[C:1]-[C:2],"[1, 2]","[1, 2]",O=C(O)c1ccccc1C(=O)[CH3:1],1,O[CH3:2],2,hydrogen,3,hydrogen,4,CC(=O)c1ccccc1C(=O)O,577-56-0,34.80,A12801-5G,CO,67-56-1,30.20,M3641-500ML
O=C(O)C1=CC=CC=C1C(=O)CCO,O=C(O)c1ccccc1C(=O)[CH2:1][CH2:2]O,[C:1]-[C:2],"[1, 2]","[1, 2]",O=C(O)c1ccccc1C(=O)[CH3:1],1,O[CH3:2],2,hydrogen,3,acid,4,CC(=O)c1ccccc1C(=O)O,577-56-0,34.80,A12801-5G,O=C(O)CO,79-14-1,27.00,G8284-10MG
O=C(O)C1=CC=CC=C1C(=O)CCO,O=C(O)c1ccccc1C(=O)C[CH2:1][OH:2],[C:1]-[O:2],"[1, 2]","[1, 2]",O=C(O)c1ccccc1C(=O)C[CH3:1],1,[OH2:2],2,hydrogen,3,hydrogen,4,CCC(=O)c1ccccc1C(=O)O,2360-45-4,1800,COMH042351B3-10G,O,7732-18-5,12.30,W3500-100ML
O=C(O)C1=CC=CC=C1C(=O)CCO,O=C(O)c1ccccc1C(=O)C[CH2:1][OH:2],[C:1]-[O:2],"[1, 2]","[1, 2]",O=C(O)c1ccccc1C(=O)C[CH3:1],1,[OH2:2],2,hydrogen,3,alcohol,4,CCC(=O)c1ccccc1C(=O)O,2360-45-4,1800,COMH042351B3-10G,OO,7722-84-1,45.20,H1009-5ML
O=C(O)C1=CC=CC=C1C(=O)CCO,O=C(O)c1ccccc1C(=O)C[CH2:1][OH:2],[C:1]-[O:2],"[1, 2]","[1, 2]",O=C(O)c1ccccc1C(=O)C[CH3:1],1,[OH2:2],2,hydrogen,3,amine,4,CCC(=O)c1ccccc1C(=O)O,2360-45-4,1800,COMH042351B3-10G,NO,7803-49-8,42.80,467804-10ML
O=C(O)C1=CC=CC=C1C(=O)CCO,O=C(O)c1ccccc1C(=O)C[CH2:1][OH:2],[C:1]-[O:2],"[1, 2]","[1, 2]",O=C(O)c1ccccc1C(=O)C[CH3:1],1,[OH2:2],2,hydrogen,3,boronate,4,CCC(=O)c1ccccc1C(=O)O,2360-45-4,1800,COMH042351B3-10G,OB(O)O,10043-35-3,55.30,B6768-500G
[C-]#[N+]C1(CCOS(C)(=O)=O)CCN(C(=O)OC(C)(C)C)CC1,[C-]#[N+][C:1]1([CH2:2]COS(C)(=O)=O)CCN(C(=O)OC(C)(C)C)CC1,[C:1]-[C:2],"[1, 2]","[1, 2]",[C-]#[N+][CH:1]1CCN(C(=O)OC(C)(C)C)CC1,1,CS(=O)(=O)OC[CH3:2],2,hydrogen,3,hydrogen,4,[C-]#[N+]C1CCN(C(=O)OC(C)(C)C)CC1,1239619-31-8,259.35,ENAH11E0C29B-100MG,CCOS(C)(=O)=O,62-50-0,99.60,72945-120MG
[C-]#[N+]C1(CCOS(C)(=O)=O)CCN(C(=O)OC(C)(C)C)CC1,[C-]#[N+][C:1]1([CH2:2]COS(C)(=O)=O)CCN(C(=O)OC(C)(C)C)CC1,[C:1]-[C:2],"[1, 2]","[1, 2]",[C-]#[N+][CH:1]1CCN(C(=O)OC(C)(C)C)CC1,1,CS(=O)(=O)OC[CH3:2],2,hydrogen,3,chloride,4,[C-]#[N+]C1CCN(C(=O)OC(C)(C)C)CC1,1239619-31-8,259.35,ENAH11E0C29B-100MG,CS(=O)(=O)OCCCl,3570-58-9,76.40,C41703-10G
CN1CCC[C@@](N)(C2=CC=CC=C2)C1,CN1CCC[C@@:2](N)([c:1]2ccccc2)C1,[c:1]-[C:2],"[1, 2]","[1, 2]",c1cc[cH:1]cc1,1,CN1CCC[C@@H:2](N)C1,2,hydrogen,3,hydrogen,4,c1ccccc1,71-43-2,49.30,401765-100ML,CN1CCC[C@@H](N)C1,1001353-92-9,533.5,AMBH2D6F8787-5G
CN1CCC[C@@](N)(C2=CC=CC=C2)C1,CN1CCC[C@@:2](N)([c:1]2ccccc2)C1,[c:1]-[C:2],"[1, 2]","[1, 2]",c1cc[cH:1]cc1,1,CN1CCC[C@@H:2](N)C1,2,alcohol,3,hydrogen,4,Oc1ccccc1,108-95-2,66.00,901590-25ML,CN1CCC[C@@H](N)C1,1001353-92-9,533.5,AMBH2D6F8787-5G
CN1CCC[C@@](N)(C2=CC=CC=C2)C1,CN1CCC[C@@:2](N)([c:1]2ccccc2)C1,[c:1]-[C:2],"[1, 2]","[1, 2]",c1cc[cH:1]cc1,1,CN1CCC[C@@H:2](N)C1,2,amine,3,hydrogen,4,Nc1ccccc1,62-53-3,29.60,242284-5ML,CN1CCC[C@@H](N)C1,1001353-92-9,533.5,AMBH2D6F8787-5G
CN1CCC[C@@](N)(C2=CC=CC=C2)C1,CN1CCC[C@@:2](N)([c:1]2ccccc2)C1,[c:1]-[C:2],"[1, 2]","[1, 2]",c1cc[cH:1]cc1,1,CN1CCC[C@@H:2](N)C1,2,acid,3,hydrogen,4,O=C(O)c1ccccc1,65-85-0,148.00,427608-10G,CN1CCC[C@@H](N)C1,1001353-92-9,533.5,AMBH2D6F8787-5G
CN1CCC[C@@](N)(C2=CC=CC=C2)C1,CN1CCC[C@@:2](N)([c:1]2ccccc2)C1,[c:1]-[C:2],"[1, 2]","[1, 2]",c1cc[cH:1]cc1,1,CN1CCC[C@@H:2](N)C1,2,chloride,3,hydrogen,4,Clc1ccccc1,108-90-7,66.00,284513-100ML,CN1CCC[C@@H](N)C1,1001353-92-9,533.5,AMBH2D6F8787-5G
CN1CCC[C@@](N)(C2=CC=CC=C2)C1,CN1CCC[C@@:2](N)([c:1]2ccccc2)C1,[c:1]-[C:2],"[1, 2]","[1, 2]",c1cc[cH:1]cc1,1,CN1CCC[C@@H:2](N)C1,2,bromide,3,hydrogen,4,Brc1ccccc1,108-86-1,32.40,16350-100ML,CN1CCC[C@@H](N)C1,1001353-92-9,533.5,AMBH2D6F8787-5G
CN1CCC[C@@](N)(C2=CC=CC=C2)C1,CN1CCC[C@@:2](N)([c:1]2ccccc2)C1,[c:1]-[C:2],"[1, 2]","[1, 2]",c1cc[cH:1]cc1,1,CN1CCC[C@@H:2](N)C1,2,iodide,3,hydrogen,4,Ic1ccccc1,591-50-4,28.20,I7632-5G-A,CN1CCC[C@@H](N)C1,1001353-92-9,533.5,AMBH2D6F8787-5G
CN1CCC[C@@](N)(C2=CC=CC=C2)C1,CN1CCC[C@@:2](N)([c:1]2ccccc2)C1,[c:1]-[C:2],"[1, 2]","[1, 2]",c1cc[cH:1]cc1,1,CN1CCC[C@@H:2](N)C1,2,boronate,3,hydrogen,4,OB(O)c1ccccc1,98-80-6,37.40,P20009-10G,CN1CCC[C@@H](N)C1,1001353-92-9,533.5,AMBH2D6F8787-5G
CC1C2=CC=C(Cl)C=C2C1C,CC1c2ccc(Cl)c[c:1]2[CH:2]1C,[c:1]-[C:2],"[1, 2]","[1, 2]",CC(c1ccc(Cl)c[cH:1]1)[CH2:2]C,1,CC(c1ccc(Cl)c[cH:1]1)[CH2:2]C,2,hydrogen,3,hydrogen,4,CCC(C)c1ccc(Cl)cc1,36383-14-9,437.5,COM490023443-1G,CCC(C)c1ccc(Cl)cc1,36383-14-9,437.5,COM490023443-1G
CCC(C)(CC(C)(C)C1CO1)C(=O)OC,CC[C:1](C)(C(=O)OC)[CH2:2]C(C)(C)C1CO1,[C:1]-[C:2],"[1, 2]","[1, 2]",CC[CH:1](C)C(=O)OC,1,CC(C)(C1CO1)[CH3:2],2,hydrogen,3,hydrogen,4,CCC(C)C(=O)OC,868-57-5,65.20,277452-50ML,CC(C)(C)C1CO1,,55.10,CDS001448-1G
CCC(C)(CC(C)(C)C1CO1)C(=O)OC,CC[C:1](C)(C(=O)OC)[CH2:2]C(C)(C)C1CO1,[C:1]-[C:2],"[1, 2]","[1, 2]",CC[CH:1](C)C(=O)OC,1,CC(C)(C1CO1)[CH3:2],2,amine,3,hydrogen,4,CCC(C)(N)C(=O)OC,87162-70-7,1500,COM448686696-5G,CC(C)(C)C1CO1,,55.10,CDS001448-1G
CCC(C)(CC(C)(C)C1CO1)C(=O)OC,CCC(C)(C(=O)OC)[CH2:1][C:2](C)(C)C1CO1,[C:1]-[C:2],"[1, 2]","[1, 2]",CCC(C)(C(=O)OC)[CH3:1],1,C[CH:2](C)C1CO1,2,hydrogen,3,hydrogen,4,CCC(C)(C)C(=O)OC,813-67-2,985,LIF945291664-2.5G,CC(C)C1CO1,1438-14-8,612,MAT491659766-5G
CCC(C)(CC(C)(C)C1CO1)C(=O)OC,CCC(C)(C(=O)OC)[CH2:1][C:2](C)(C)C1CO1,[C:1]-[C:2],"[1, 2]","[1, 2]",CCC(C)(C(=O)OC)[CH3:1],1,C[CH:2](C)C1CO1,2,hydrogen,3,alcohol,4,CCC(C)(C)C(=O)OC,813-67-2,985,LIF945291664-2.5G,CC(C)(O)C1CO1,19482-44-1,163.8,ENAH0424BD02-100MG
COC(=O)C1=CC=CC=C1OCC(=O)NCC1=CC=CC=C1C,COC(=O)c1ccccc1[O:2][CH2:1]C(=O)NCc1ccccc1C,[C:1]-[O:2],"[1, 2]","[1, 2]",Cc1ccccc1CNC(=O)[CH3:1],1,COC(=O)c1ccccc1[OH:2],2,bromide,3,hydrogen,4,Cc1ccccc1CNC(=O)CBr,1226029-96-4,225,COMH042366A7-1G,COC(=O)c1ccccc1O,119-36-8,29.30,M2047-100ML
CCC(CO)(CO)NC(=O)CCC(C)(C)C,CCC(CO)(CO)[NH:2][C:1](=O)CCC(C)(C)C,[C:1]-[N:2],"[1, 2]","[1, 2]",CC(C)(C)CC[CH:1]=O,1,CCC(CO)(CO)[NH2:2],2,hydrogen,3,hydrogen,4,CC(C)(C)CCC=O,926-36-3,619.5,ENA580349110-500MG,CCC(N)(CO)CO,115-70-8,12.1,AMBH2D700702-25G
CCC(CO)(CO)NC(=O)CCC(C)(C)C,CCC(CO)(CO)[NH:2][C:1](=O)CCC(C)(C)C,[C:1]-[N:2],"[1, 2]","[1, 2]",CC(C)(C)CC[CH:1]=O,1,CCC(CO)(CO)[NH2:2],2,acid,3,hydrogen,4,CC(C)(C)CCC(=O)C(=O)O,107872-85-5,2909.55,ENA432539684-2.5G,CCC(N)(CO)CO,115-70-8,12.1,AMBH2D700702-25G
CCOC=CC(=O)C=O,CCOC=[CH:1][C:2](=O)C=O,[C:1]-[C:2],"[1, 2]","[1, 2]",CCOC=[CH2:1],1,O=C[CH:2]=O,2,hydrogen,3,hydrogen,4,C=COCC,109-92-2,36.80,422177-250ML,O=CC=O,107-22-2,40.00,128465-5G
CCOC=CC(=O)C=O,CCOC=[CH:1][C:2](=O)C=O,[C:1]-[C:2],"[1, 2]","[1, 2]",CCOC=[CH2:1],1,O=C[CH:2]=O,2,acid,3,hydrogen,4,CCOC=CC(=O)O,,44,SY3H3D67D1A5-10G,O=CC=O,107-22-2,40.00,128465-5G
CC(=O)C1=CC=C(OCC(=O)NC(C)(C)CC(C)(C)C)C=C1,CC(=O)c1ccc(O[CH2:1][C:2](=O)NC(C)(C)CC(C)(C)C)cc1,[C:1]-[C:2],"[1, 2]","[1, 2]",CC(=O)c1ccc(O[CH3:1])cc1,1,CC(C)(C)CC(C)(C)N[CH:2]=O,2,hydrogen,3,hydrogen,4,COc1ccc(C(C)=O)cc1,100-06-1,26.40,117374-5G,CC(C)(C)CC(C)(C)NC=O,10151-02-7,178.75,COM448666036-5G
CC(=O)C1=CC=C(OCC(=O)NC(C)(C)CC(C)(C)C)C=C1,CC(=O)c1ccc(O[CH2:1][C:2](=O)NC(C)(C)CC(C)(C)C)cc1,[C:1]-[C:2],"[1, 2]","[1, 2]",CC(=O)c1ccc(O[CH3:1])cc1,1,CC(C)(C)CC(C)(C)N[CH:2]=O,2,acid,3,hydrogen,4,CC(=O)c1ccc(OCC(=O)O)cc1,1878-81-5,50.40,393819-5G,CC(C)(C)CC(C)(C)NC=O,10151-02-7,178.75,COM448666036-5G
CC(=O)C1=CC=C(OCC(=O)NC(C)(C)CC(C)(C)C)C=C1,CC(=O)c1ccc(OC[C:1](=O)[NH:2]C(C)(C)CC(C)(C)C)cc1,[C:1]-[N:2],"[1, 2]","[1, 2]",CC(=O)c1ccc(OC[CH:1]=O)cc1,1,CC(C)(C)CC(C)(C)[NH2:2],2,amine,3,hydrogen,4,CC(=O)c1ccc(OCC(N)=O)cc1,42017-88-9,225.5,CH4017936708-5G,CC(C)(C)CC(C)(C)N,107-45-9,39.40,O6000-100G
CC(=O)C1=CC=C(OCC(=O)NC(C)(C)CC(C)(C)C)C=C1,CC(=O)c1ccc(OCC(=O)[NH:2][C:1](C)(C)CC(C)(C)C)cc1,[C:1]-[N:2],"[1, 2]","[1, 2]",CC(C)(C)C[CH:1](C)C,1,CC(=O)c1ccc(OCC(=O)[NH2:2])cc1,2,hydrogen,3,hydrogen,4,CC(C)CC(C)(C)C,540-84-1,200.00,44964-10ML-F,CC(=O)c1ccc(OCC(N)=O)cc1,42017-88-9,225.5,CH4017936708-5G
CC(=O)C1=CC=C(OCC(=O)NC(C)(C)CC(C)(C)C)C=C1,CC(=O)c1ccc(OCC(=O)[NH:2][C:1](C)(C)CC(C)(C)C)cc1,[C:1]-[N:2],"[1, 2]","[1, 2]",CC(C)(C)C[CH:1](C)C,1,CC(=O)c1ccc(OCC(=O)[NH2:2])cc1,2,alcohol,3,hydrogen,4,CC(C)(C)CC(C)(C)O,690-37-9,467.5,COM448667043-5G,CC(=O)c1ccc(OCC(N)=O)cc1,42017-88-9,225.5,CH4017936708-5G
CC(=O)C1=CC=C(OCC(=O)NC(C)(C)CC(C)(C)C)C=C1,CC(=O)c1ccc(OCC(=O)[NH:2][C:1](C)(C)CC(C)(C)C)cc1,[C:1]-[N:2],"[1, 2]","[1, 2]",CC(C)(C)C[CH:1](C)C,1,CC(=O)c1ccc(OCC(=O)[NH2:2])cc1,2,amine,3,hydrogen,4,CC(C)(C)CC(C)(C)N,107-45-9,39.40,O6000-100G,CC(=O)c1ccc(OCC(N)=O)cc1,42017-88-9,225.5,CH4017936708-5G
CC(=O)C1=CC=C(OCC(=O)NC(C)(C)CC(C)(C)C)C=C1,CC(=O)c1ccc(OCC(=O)[NH:2][C:1](C)(C)CC(C)(C)C)cc1,[C:1]-[N:2],"[1, 2]","[1, 2]",CC(C)(C)C[CH:1](C)C,1,CC(=O)c1ccc(OCC(=O)[NH2:2])cc1,2,acid,3,hydrogen,4,CC(C)(C)CC(C)(C)C(=O)O,3302-12-3,239.4,ENA964485263-100MG,CC(=O)c1ccc(OCC(N)=O)cc1,42017-88-9,225.5,CH4017936708-5G
CC(=O)C1=CC=C(OCC(=O)NC(C)(C)CC(C)(C)C)C=C1,CC(=O)c1ccc(OCC(=O)[NH:2][C:1](C)(C)CC(C)(C)C)cc1,[C:1]-[N:2],"[1, 2]","[1, 2]",CC(C)(C)C[CH:1](C)C,1,CC(=O)c1ccc(OCC(=O)[NH2:2])cc1,2,chloride,3,hydrogen,4,CC(C)(C)CC(C)(C)Cl,6111-88-2,481.2,MAT379360030-500MG,CC(=O)c1ccc(OCC(N)=O)cc1,42017-88-9,225.5,CH4017936708-5G
CC(=O)C1=CC=C(OCC(=O)NC(C)(C)CC(C)(C)C)C=C1,CC(=O)c1ccc([O:2][CH2:1]C(=O)NC(C)(C)CC(C)(C)C)cc1,[C:1]-[O:2],"[1, 2]","[1, 2]",CC(C)(C)CC(C)(C)NC(=O)[CH3:1],1,CC(=O)c1ccc([OH:2])cc1,2,chloride,3,hydrogen,4,CC(C)(C)CC(C)(C)NC(=O)CCl,,108.00,PH015372-1G,CC(=O)c1ccc(O)cc1,99-93-4,37.20,278564-5G
CN(C)C1=CC=C(CNC(=O)COC2=CC=CC=C2Br)C=C1,CN(C)c1cc[c:1]([CH2:2]NC(=O)COc2ccccc2Br)cc1,[c:1]-[C:2],"[1, 2]","[1, 2]",CN(C)c1cc[cH:1]cc1,1,O=C(COc1ccccc1Br)N[CH3:2],2,hydrogen,3,hydrogen,4,CN(C)c1ccccc1,121-69-7,69.50,407275-100ML,CNC(=O)COc1ccccc1Br,,55.10,CDS005859-100MG
CN(C)C1=CC=C(CNC(=O)COC2=CC=CC=C2Br)C=C1,CN(C)c1cc[c:1]([CH2:2]NC(=O)COc2ccccc2Br)cc1,[c:1]-[C:2],"[1, 2]","[1, 2]",CN(C)c1cc[cH:1]cc1,1,O=C(COc1ccccc1Br)N[CH3:2],2,alcohol,3,hydrogen,4,CN(C)c1ccc(O)cc1,619-60-3,63.8,AMBH2D6F42E4-10G,CNC(=O)COc1ccccc1Br,,55.10,CDS005859-100MG
CN(C)C1=CC=C(CNC(=O)COC2=CC=CC=C2Br)C=C1,CN(C)c1cc[c:1]([CH2:2]NC(=O)COc2ccccc2Br)cc1,[c:1]-[C:2],"[1, 2]","[1, 2]",CN(C)c1cc[cH:1]cc1,1,O=C(COc1ccccc1Br)N[CH3:2],2,amine,3,hydrogen,4,CN(C)c1ccc(N)cc1,99-98-9,58.30,07750-25G,CNC(=O)COc1ccccc1Br,,55.10,CDS005859-100MG
CN(C)C1=CC=C(CNC(=O)COC2=CC=CC=C2Br)C=C1,CN(C)c1cc[c:1]([CH2:2]NC(=O)COc2ccccc2Br)cc1,[c:1]-[C:2],"[1, 2]","[1, 2]",CN(C)c1cc[cH:1]cc1,1,O=C(COc1ccccc1Br)N[CH3:2],2,acid,3,hydrogen,4,CN(C)c1ccc(C(=O)O)cc1,619-84-1,38.10,D139459-25G,CNC(=O)COc1ccccc1Br,,55.10,CDS005859-100MG
CN(C)C1=CC=C(CNC(=O)COC2=CC=CC=C2Br)C=C1,CN(C)c1cc[c:1]([CH2:2]NC(=O)COc2ccccc2Br)cc1,[c:1]-[C:2],"[1, 2]","[1, 2]",CN(C)c1cc[cH:1]cc1,1,O=C(COc1ccccc1Br)N[CH3:2],2,chloride,3,hydrogen,4,CN(C)c1ccc(Cl)cc1,698-69-1,171.6,AMBH2D6F88CC-5G,CNC(=O)COc1ccccc1Br,,55.10,CDS005859-100MG
CN(C)C1=CC=C(CNC(=O)COC2=CC=CC=C2Br)C=C1,CN(C)c1cc[c:1]([CH2:2]NC(=O)COc2ccccc2Br)cc1,[c:1]-[C:2],"[1, 2]","[1, 2]",CN(C)c1cc[cH:1]cc1,1,O=C(COc1ccccc1Br)N[CH3:2],2,bromide,3,hydrogen,4,CN(C)c1ccc(Br)cc1,586-77-6,37.90,242950-25G,CNC(=O)COc1ccccc1Br,,55.10,CDS005859-100MG
CN(C)C1=CC=C(CNC(=O)COC2=CC=CC=C2Br)C=C1,CN(C)c1cc[c:1]([CH2:2]NC(=O)COc2ccccc2Br)cc1,[c:1]-[C:2],"[1, 2]","[1, 2]",CN(C)c1cc[cH:1]cc1,1,O=C(COc1ccccc1Br)N[CH3:2],2,iodide,3,hydrogen,4,CN(C)c1ccc(I)cc1,698-70-4,328.9,AMBH2D6F6E53-5G,CNC(=O)COc1ccccc1Br,,55.10,CDS005859-100MG
CN(C)C1=CC=C(CNC(=O)COC2=CC=CC=C2Br)C=C1,CN(C)c1cc[c:1]([CH2:2]NC(=O)COc2ccccc2Br)cc1,[c:1]-[C:2],"[1, 2]","[1, 2]",CN(C)c1cc[cH:1]cc1,1,O=C(COc1ccccc1Br)N[CH3:2],2,boronate,3,hydrogen,4,CN(C)c1ccc(B(O)O)cc1,28611-39-4,47.10,483532-1G,CNC(=O)COc1ccccc1Br,,55.10,CDS005859-100MG
CN(C)C1=CC=C(CNC(=O)COC2=CC=CC=C2Br)C=C1,CN(C)c1ccc([CH2:1][NH:2]C(=O)COc2ccccc2Br)cc1,[C:1]-[N:2],"[1, 2]","[1, 2]",CN(C)c1ccc([CH3:1])cc1,1,O=C(COc1ccccc1Br)[NH2:2],2,hydrogen,3,amine,4,Cc1ccc(N(C)C)cc1,99-97-8,48.90,41690-100ML,NNC(=O)COc1ccccc1Br,328085-17-2,107.8,CH4017936575-1G
CN(C)C1=CC=C(CNC(=O)COC2=CC=CC=C2Br)C=C1,CN(C)c1ccc([CH2:1][NH:2]C(=O)COc2ccccc2Br)cc1,[C:1]-[N:2],"[1, 2]","[1, 2]",CN(C)c1ccc([CH3:1])cc1,1,O=C(COc1ccccc1Br)[NH2:2],2,alcohol,3,amine,4,CN(C)c1ccc(CO)cc1,1703-46-4,319,SY3H6E412121-5G,NNC(=O)COc1ccccc1Br,328085-17-2,107.8,CH4017936575-1G
CN(C)C1=CC=C(CNC(=O)COC2=CC=CC=C2Br)C=C1,CN(C)c1ccc([CH2:1][NH:2]C(=O)COc2ccccc2Br)cc1,[C:1]-[N:2],"[1, 2]","[1, 2]",CN(C)c1ccc([CH3:1])cc1,1,O=C(COc1ccccc1Br)[NH2:2],2,amine,3,amine,4,CN(C)c1ccc(CN)cc1,19293-58-4,16.5,APO455832970-250MG,NNC(=O)COc1ccccc1Br,328085-17-2,107.8,CH4017936575-1G
CN(C)C1=CC=C(CNC(=O)COC2=CC=CC=C2Br)C=C1,CN(C)c1ccc([CH2:1][NH:2]C(=O)COc2ccccc2Br)cc1,[C:1]-[N:2],"[1, 2]","[1, 2]",CN(C)c1ccc([CH3:1])cc1,1,O=C(COc1ccccc1Br)[NH2:2],2,acid,3,amine,4,CN(C)c1ccc(CC(=O)O)cc1,17078-28-3,152.00,374032-5G,NNC(=O)COc1ccccc1Br,328085-17-2,107.8,CH4017936575-1G
CN(C)C1=CC=C(CNC(=O)COC2=CC=CC=C2Br)C=C1,CN(C)c1ccc(C[NH:2][C:1](=O)COc2ccccc2Br)cc1,[C:1]-[N:2],"[1, 2]","[1, 2]",O=[CH:1]COc1ccccc1Br,1,CN(C)c1ccc(C[NH2:2])cc1,2,chloride,3,hydrogen,4,O=C(Cl)COc1ccccc1Br,39784-10-6,181.25,COMH0423886E-500MG,CN(C)c1ccc(CN)cc1,19293-58-4,16.5,APO455832970-250MG
CN(C)C1=CC=C(CNC(=O)COC2=CC=CC=C2Br)C=C1,CN(C)c1ccc(CNC(=O)[CH2:1][O:2]c2ccccc2Br)cc1,[C:1]-[O:2],"[1, 2]","[1, 2]",CN(C)c1ccc(CNC(=O)[CH3:1])cc1,1,Brc1ccccc1[OH:2],2,bromide,3,hydrogen,4,CN(C)c1ccc(CNC(=O)CBr)cc1,1339403-46-1,225,COMH042396A7-1G,Oc1ccccc1Br,95-56-7,57.50,130915-10G
CC1CCC(C(C)(C)C2CCC(C3CO3)CC2)CC1,CC1CCC([C:1](C)(C)[CH:2]2CCC(C3CO3)CC2)CC1,[C:1]-[C:2],"[1, 2]","[1, 2]",CC1CCC([CH:1](C)C)CC1,1,C1C[CH2:2]CCC1C1CO1,2,alcohol,3,hydrogen,4,CC1CCC(C(C)(C)O)CC1,498-81-7,56.25,COM448624533-5G,C1CCC(C2CO2)CC1,3483-39-4,118.65,ENA424045436-100MG
CC1=NN=C(CC2=CC=C(F)C=C2)O1,Fc1ccc(Cc2nn[c:1]([CH3:2])o2)cc1,[c:1]-[C:2],"[1, 2]","[1, 2]",Fc1ccc(Cc2nn[cH:1]o2)cc1,1,[CH4:2],2,amine,3,hydrogen,4,Nc1nnc(Cc2ccc(F)cc2)o1,,162.00,JRD0690-1G,C,74-82-8,1610.00,463035-24L
CC1=NN=C(CC2=CC=C(F)C=C2)O1,Fc1ccc(Cc2nn[c:1]([CH3:2])o2)cc1,[c:1]-[C:2],"[1, 2]","[1, 2]",Fc1ccc(Cc2nn[cH:1]o2)cc1,1,[CH4:2],2,amine,3,alcohol,4,Nc1nnc(Cc2ccc(F)cc2)o1,,162.00,JRD0690-1G,CO,67-56-1,30.20,M3641-500ML
CC1=NN=C(CC2=CC=C(F)C=C2)O1,Fc1ccc(Cc2nn[c:1]([CH3:2])o2)cc1,[c:1]-[C:2],"[1, 2]","[1, 2]",Fc1ccc(Cc2nn[cH:1]o2)cc1,1,[CH4:2],2,amine,3,amine,4,Nc1nnc(Cc2ccc(F)cc2)o1,,162.00,JRD0690-1G,CN,74-89-5,40.10,534102-250ML
CC1=NN=C(CC2=CC=C(F)C=C2)O1,Fc1ccc(Cc2nn[c:1]([CH3:2])o2)cc1,[c:1]-[C:2],"[1, 2]","[1, 2]",Fc1ccc(Cc2nn[cH:1]o2)cc1,1,[CH4:2],2,amine,3,acid,4,Nc1nnc(Cc2ccc(F)cc2)o1,,162.00,JRD0690-1G,CC(=O)O,64-19-7,67.00,W200611-1KG-K
CC1=NN=C(CC2=CC=C(F)C=C2)O1,Fc1ccc(Cc2nn[c:1]([CH3:2])o2)cc1,[c:1]-[C:2],"[1, 2]","[1, 2]",Fc1ccc(Cc2nn[cH:1]o2)cc1,1,[CH4:2],2,amine,3,chloride,4,Nc1nnc(Cc2ccc(F)cc2)o1,,162.00,JRD0690-1G,CCl,74-87-3,252.00,294799-200ML
CC1=NN=C(CC2=CC=C(F)C=C2)O1,Fc1ccc(Cc2nn[c:1]([CH3:2])o2)cc1,[c:1]-[C:2],"[1, 2]","[1, 2]",Fc1ccc(Cc2nn[cH:1]o2)cc1,1,[CH4:2],2,amine,3,bromide,4,Nc1nnc(Cc2ccc(F)cc2)o1,,162.00,JRD0690-1G,CBr,74-83-9,24.10,48624
CC1=NN=C(CC2=CC=C(F)C=C2)O1,Fc1ccc(Cc2nn[c:1]([CH3:2])o2)cc1,[c:1]-[C:2],"[1, 2]","[1, 2]",Fc1ccc(Cc2nn[cH:1]o2)cc1,1,[CH4:2],2,amine,3,iodide,4,Nc1nnc(Cc2ccc(F)cc2)o1,,162.00,JRD0690-1G,CI,74-88-4,112.00,456756-100ML
CC1=NN=C(CC2=CC=C(F)C=C2)O1,Fc1ccc(Cc2nn[c:1]([CH3:2])o2)cc1,[c:1]-[C:2],"[1, 2]","[1, 2]",Fc1ccc(Cc2nn[cH:1]o2)cc1,1,[CH4:2],2,amine,3,boronate,4,Nc1nnc(Cc2ccc(F)cc2)o1,,162.00,JRD0690-1G,CB(O)O,13061-96-6,43.80,165336-1G
CC1=NN=C(CC2=CC=C(F)C=C2)O1,Fc1ccc(Cc2nn[c:1]([CH3:2])o2)cc1,[c:1]-[C:2],"[1, 2]","[1, 2]",Fc1ccc(Cc2nn[cH:1]o2)cc1,1,[CH4:2],2,chloride,3,hydrogen,4,Fc1ccc(Cc2nnc(Cl)o2)cc1,1368427-75-1,359.1,ENA465562202-100MG,C,74-82-8,1610.00,463035-24L
CC1=NN=C(CC2=CC=C(F)C=C2)O1,Fc1ccc(Cc2nn[c:1]([CH3:2])o2)cc1,[c:1]-[C:2],"[1, 2]","[1, 2]",Fc1ccc(Cc2nn[cH:1]o2)cc1,1,[CH4:2],2,chloride,3,alcohol,4,Fc1ccc(Cc2nnc(Cl)o2)cc1,1368427-75-1,359.1,ENA465562202-100MG,CO,67-56-1,30.20,M3641-500ML
CC1=NN=C(CC2=CC=C(F)C=C2)O1,Fc1ccc(Cc2nn[c:1]([CH3:2])o2)cc1,[c:1]-[C:2],"[1, 2]","[1, 2]",Fc1ccc(Cc2nn[cH:1]o2)cc1,1,[CH4:2],2,chloride,3,amine,4,Fc1ccc(Cc2nnc(Cl)o2)cc1,1368427-75-1,359.1,ENA465562202-100MG,CN,74-89-5,40.10,534102-250ML
CC1=NN=C(CC2=CC=C(F)C=C2)O1,Fc1ccc(Cc2nn[c:1]([CH3:2])o2)cc1,[c:1]-[C:2],"[1, 2]","[1, 2]",Fc1ccc(Cc2nn[cH:1]o2)cc1,1,[CH4:2],2,chloride,3,acid,4,Fc1ccc(Cc2nnc(Cl)o2)cc1,1368427-75-1,359.1,ENA465562202-100MG,CC(=O)O,64-19-7,67.00,W200611-1KG-K
CC1=NN=C(CC2=CC=C(F)C=C2)O1,Fc1ccc(Cc2nn[c:1]([CH3:2])o2)cc1,[c:1]-[C:2],"[1, 2]","[1, 2]",Fc1ccc(Cc2nn[cH:1]o2)cc1,1,[CH4:2],2,chloride,3,chloride,4,Fc1ccc(Cc2nnc(Cl)o2)cc1,1368427-75-1,359.1,ENA465562202-100MG,CCl,74-87-3,252.00,294799-200ML
CC1=NN=C(CC2=CC=C(F)C=C2)O1,Fc1ccc(Cc2nn[c:1]([CH3:2])o2)cc1,[c:1]-[C:2],"[1, 2]","[1, 2]",Fc1ccc(Cc2nn[cH:1]o2)cc1,1,[CH4:2],2,chloride,3,bromide,4,Fc1ccc(Cc2nnc(Cl)o2)cc1,1368427-75-1,359.1,ENA465562202-100MG,CBr,74-83-9,24.10,48624
CC1=NN=C(CC2=CC=C(F)C=C2)O1,Fc1ccc(Cc2nn[c:1]([CH3:2])o2)cc1,[c:1]-[C:2],"[1, 2]","[1, 2]",Fc1ccc(Cc2nn[cH:1]o2)cc1,1,[CH4:2],2,chloride,3,iodide,4,Fc1ccc(Cc2nnc(Cl)o2)cc1,1368427-75-1,359.1,ENA465562202-100MG,CI,74-88-4,112.00,456756-100ML
CC1=NN=C(CC2=CC=C(F)C=C2)O1,Fc1ccc(Cc2nn[c:1]([CH3:2])o2)cc1,[c:1]-[C:2],"[1, 2]","[1, 2]",Fc1ccc(Cc2nn[cH:1]o2)cc1,1,[CH4:2],2,chloride,3,boronate,4,Fc1ccc(Cc2nnc(Cl)o2)cc1,1368427-75-1,359.1,ENA465562202-100MG,CB(O)O,13061-96-6,43.80,165336-1G
CC1=NN=C(CC2=CC=C(F)C=C2)O1,Cc1nn[c:1]([CH2:2]c2ccc(F)cc2)o1,[c:1]-[C:2],"[1, 2]","[1, 2]",Cc1nn[cH:1]o1,1,Fc1ccc([CH3:2])cc1,2,hydrogen,3,hydrogen,4,Cc1nnco1,3451-51-2,58.3,AMBH2D6F0DFF-250MG,Cc1ccc(F)cc1,352-32-9,34.10,F15331-100G
CC1=NN=C(CC2=CC=C(F)C=C2)O1,Cc1nn[c:1]([CH2:2]c2ccc(F)cc2)o1,[c:1]-[C:2],"[1, 2]","[1, 2]",Cc1nn[cH:1]o1,1,Fc1ccc([CH3:2])cc1,2,hydrogen,3,alcohol,4,Cc1nnco1,3451-51-2,58.3,AMBH2D6F0DFF-250MG,OCc1ccc(F)cc1,459-56-3,40.60,F7407-5G
CC1=NN=C(CC2=CC=C(F)C=C2)O1,Cc1nn[c:1]([CH2:2]c2ccc(F)cc2)o1,[c:1]-[C:2],"[1, 2]","[1, 2]",Cc1nn[cH:1]o1,1,Fc1ccc([CH3:2])cc1,2,hydrogen,3,amine,4,Cc1nnco1,3451-51-2,58.3,AMBH2D6F0DFF-250MG,NCc1ccc(F)cc1,140-75-0,19.70,162493-5G
CC1=NN=C(CC2=CC=C(F)C=C2)O1,Cc1nn[c:1]([CH2:2]c2ccc(F)cc2)o1,[c:1]-[C:2],"[1, 2]","[1, 2]",Cc1nn[cH:1]o1,1,Fc1ccc([CH3:2])cc1,2,hydrogen,3,acid,4,Cc1nnco1,3451-51-2,58.3,AMBH2D6F0DFF-250MG,O=C(O)Cc1ccc(F)cc1,405-50-5,72.70,F13304-25G
CC1=NN=C(CC2=CC=C(F)C=C2)O1,Cc1nn[c:1]([CH2:2]c2ccc(F)cc2)o1,[c:1]-[C:2],"[1, 2]","[1, 2]",Cc1nn[cH:1]o1,1,Fc1ccc([CH3:2])cc1,2,hydrogen,3,chloride,4,Cc1nnco1,3451-51-2,58.3,AMBH2D6F0DFF-250MG,Fc1ccc(CCl)cc1,352-11-4,34.30,F8004-25G-A
CC1=NN=C(CC2=CC=C(F)C=C2)O1,Cc1nn[c:1]([CH2:2]c2ccc(F)cc2)o1,[c:1]-[C:2],"[1, 2]","[1, 2]",Cc1nn[cH:1]o1,1,Fc1ccc([CH3:2])cc1,2,hydrogen,3,bromide,4,Cc1nnco1,3451-51-2,58.3,AMBH2D6F0DFF-250MG,Fc1ccc(CBr)cc1,459-46-1,34.50,209538-5G
CC1=NN=C(CC2=CC=C(F)C=C2)O1,Cc1nn[c:1]([CH2:2]c2ccc(F)cc2)o1,[c:1]-[C:2],"[1, 2]","[1, 2]",Cc1nn[cH:1]o1,1,Fc1ccc([CH3:2])cc1,2,hydrogen,3,iodide,4,Cc1nnco1,3451-51-2,58.3,AMBH2D6F0DFF-250MG,Fc1ccc(CI)cc1,3831-29-6,417.9,ENA402267469-1G
CC1=NN=C(CC2=CC=C(F)C=C2)O1,Cc1nn[c:1]([CH2:2]c2ccc(F)cc2)o1,[c:1]-[C:2],"[1, 2]","[1, 2]",Cc1nn[cH:1]o1,1,Fc1ccc([CH3:2])cc1,2,alcohol,3,hydrogen,4,Cc1nnc(O)o1,3069-67-8,533.5,CH4309656862-10G,Cc1ccc(F)cc1,352-32-9,34.10,F15331-100G
CC1=NN=C(CC2=CC=C(F)C=C2)O1,Cc1nn[c:1]([CH2:2]c2ccc(F)cc2)o1,[c:1]-[C:2],"[1, 2]","[1, 2]",Cc1nn[cH:1]o1,1,Fc1ccc([CH3:2])cc1,2,alcohol,3,alcohol,4,Cc1nnc(O)o1,3069-67-8,533.5,CH4309656862-10G,OCc1ccc(F)cc1,459-56-3,40.60,F7407-5G
CC1=NN=C(CC2=CC=C(F)C=C2)O1,Cc1nn[c:1]([CH2:2]c2ccc(F)cc2)o1,[c:1]-[C:2],"[1, 2]","[1, 2]",Cc1nn[cH:1]o1,1,Fc1ccc([CH3:2])cc1,2,alcohol,3,amine,4,Cc1nnc(O)o1,3069-67-8,533.5,CH4309656862-10G,NCc1ccc(F)cc1,140-75-0,19.70,162493-5G
CC1=NN=C(CC2=CC=C(F)C=C2)O1,Cc1nn[c:1]([CH2:2]c2ccc(F)cc2)o1,[c:1]-[C:2],"[1, 2]","[1, 2]",Cc1nn[cH:1]o1,1,Fc1ccc([CH3:2])cc1,2,alcohol,3,acid,4,Cc1nnc(O)o1,3069-67-8,533.5,CH4309656862-10G,O=C(O)Cc1ccc(F)cc1,405-50-5,72.70,F13304-25G
CC1=NN=C(CC2=CC=C(F)C=C2)O1,Cc1nn[c:1]([CH2:2]c2ccc(F)cc2)o1,[c:1]-[C:2],"[1, 2]","[1, 2]",Cc1nn[cH:1]o1,1,Fc1ccc([CH3:2])cc1,2,alcohol,3,chloride,4,Cc1nnc(O)o1,3069-67-8,533.5,CH4309656862-10G,Fc1ccc(CCl)cc1,352-11-4,34.30,F8004-25G-A
CC1=NN=C(CC2=CC=C(F)C=C2)O1,Cc1nn[c:1]([CH2:2]c2ccc(F)cc2)o1,[c:1]-[C:2],"[1, 2]","[1, 2]",Cc1nn[cH:1]o1,1,Fc1ccc([CH3:2])cc1,2,alcohol,3,bromide,4,Cc1nnc(O)o1,3069-67-8,533.5,CH4309656862-10G,Fc1ccc(CBr)cc1,459-46-1,34.50,209538-5G
CC1=NN=C(CC2=CC=C(F)C=C2)O1,Cc1nn[c:1]([CH2:2]c2ccc(F)cc2)o1,[c:1]-[C:2],"[1, 2]","[1, 2]",Cc1nn[cH:1]o1,1,Fc1ccc([CH3:2])cc1,2,alcohol,3,iodide,4,Cc1nnc(O)o1,3069-67-8,533.5,CH4309656862-10G,Fc1ccc(CI)cc1,3831-29-6,417.9,ENA402267469-1G
CC1=NN=C(CC2=CC=C(F)C=C2)O1,Cc1nn[c:1]([CH2:2]c2ccc(F)cc2)o1,[c:1]-[C:2],"[1, 2]","[1, 2]",Cc1nn[cH:1]o1,1,Fc1ccc([CH3:2])cc1,2,amine,3,hydrogen,4,Cc1nnc(N)o1,52838-39-8,22,SY3371478633-250MG,Cc1ccc(F)cc1,352-32-9,34.10,F15331-100G
CC1=NN=C(CC2=CC=C(F)C=C2)O1,Cc1nn[c:1]([CH2:2]c2ccc(F)cc2)o1,[c:1]-[C:2],"[1, 2]","[1, 2]",Cc1nn[cH:1]o1,1,Fc1ccc([CH3:2])cc1,2,amine,3,alcohol,4,Cc1nnc(N)o1,52838-39-8,22,SY3371478633-250MG,OCc1ccc(F)cc1,459-56-3,40.60,F7407-5G
CC1=NN=C(CC2=CC=C(F)C=C2)O1,Cc1nn[c:1]([CH2:2]c2ccc(F)cc2)o1,[c:1]-[C:2],"[1, 2]","[1, 2]",Cc1nn[cH:1]o1,1,Fc1ccc([CH3:2])cc1,2,amine,3,amine,4,Cc1nnc(N)o1,52838-39-8,22,SY3371478633-250MG,NCc1ccc(F)cc1,140-75-0,19.70,162493-5G
CC1=NN=C(CC2=CC=C(F)C=C2)O1,Cc1nn[c:1]([CH2:2]c2ccc(F)cc2)o1,[c:1]-[C:2],"[1, 2]","[1, 2]",Cc1nn[cH:1]o1,1,Fc1ccc([CH3:2])cc1,2,amine,3,acid,4,Cc1nnc(N)o1,52838-39-8,22,SY3371478633-250MG,O=C(O)Cc1ccc(F)cc1,405-50-5,72.70,F13304-25G
CC1=NN=C(CC2=CC=C(F)C=C2)O1,Cc1nn[c:1]([CH2:2]c2ccc(F)cc2)o1,[c:1]-[C:2],"[1, 2]","[1, 2]",Cc1nn[cH:1]o1,1,Fc1ccc([CH3:2])cc1,2,amine,3,chloride,4,Cc1nnc(N)o1,52838-39-8,22,SY3371478633-250MG,Fc1ccc(CCl)cc1,352-11-4,34.30,F8004-25G-A
CC1=NN=C(CC2=CC=C(F)C=C2)O1,Cc1nn[c:1]([CH2:2]c2ccc(F)cc2)o1,[c:1]-[C:2],"[1, 2]","[1, 2]",Cc1nn[cH:1]o1,1,Fc1ccc([CH3:2])cc1,2,amine,3,bromide,4,Cc1nnc(N)o1,52838-39-8,22,SY3371478633-250MG,Fc1ccc(CBr)cc1,459-46-1,34.50,209538-5G
CC1=NN=C(CC2=CC=C(F)C=C2)O1,Cc1nn[c:1]([CH2:2]c2ccc(F)cc2)o1,[c:1]-[C:2],"[1, 2]","[1, 2]",Cc1nn[cH:1]o1,1,Fc1ccc([CH3:2])cc1,2,amine,3,iodide,4,Cc1nnc(N)o1,52838-39-8,22,SY3371478633-250MG,Fc1ccc(CI)cc1,3831-29-6,417.9,ENA402267469-1G
CC1=NN=C(CC2=CC=C(F)C=C2)O1,Cc1nn[c:1]([CH2:2]c2ccc(F)cc2)o1,[c:1]-[C:2],"[1, 2]","[1, 2]",Cc1nn[cH:1]o1,1,Fc1ccc([CH3:2])cc1,2,chloride,3,hydrogen,4,Cc1nnc(Cl)o1,98321-75-6,2129.4,ENA444723218-5G,Cc1ccc(F)cc1,352-32-9,34.10,F15331-100G
CC1=NN=C(CC2=CC=C(F)C=C2)O1,Cc1nn[c:1]([CH2:2]c2ccc(F)cc2)o1,[c:1]-[C:2],"[1, 2]","[1, 2]",Cc1nn[cH:1]o1,1,Fc1ccc([CH3:2])cc1,2,chloride,3,alcohol,4,Cc1nnc(Cl)o1,98321-75-6,2129.4,ENA444723218-5G,OCc1ccc(F)cc1,459-56-3,40.60,F7407-5G
CC1=NN=C(CC2=CC=C(F)C=C2)O1,Cc1nn[c:1]([CH2:2]c2ccc(F)cc2)o1,[c:1]-[C:2],"[1, 2]","[1, 2]",Cc1nn[cH:1]o1,1,Fc1ccc([CH3:2])cc1,2,chloride,3,amine,4,Cc1nnc(Cl)o1,98321-75-6,2129.4,ENA444723218-5G,NCc1ccc(F)cc1,140-75-0,19.70,162493-5G
CC1=NN=C(CC2=CC=C(F)C=C2)O1,Cc1nn[c:1]([CH2:2]c2ccc(F)cc2)o1,[c:1]-[C:2],"[1, 2]","[1, 2]",Cc1nn[cH:1]o1,1,Fc1ccc([CH3:2])cc1,2,chloride,3,acid,4,Cc1nnc(Cl)o1,98321-75-6,2129.4,ENA444723218-5G,O=C(O)Cc1ccc(F)cc1,405-50-5,72.70,F13304-25G
CC1=NN=C(CC2=CC=C(F)C=C2)O1,Cc1nn[c:1]([CH2:2]c2ccc(F)cc2)o1,[c:1]-[C:2],"[1, 2]","[1, 2]",Cc1nn[cH:1]o1,1,Fc1ccc([CH3:2])cc1,2,chloride,3,chloride,4,Cc1nnc(Cl)o1,98321-75-6,2129.4,ENA444723218-5G,Fc1ccc(CCl)cc1,352-11-4,34.30,F8004-25G-A
CC1=NN=C(CC2=CC=C(F)C=C2)O1,Cc1nn[c:1]([CH2:2]c2ccc(F)cc2)o1,[c:1]-[C:2],"[1, 2]","[1, 2]",Cc1nn[cH:1]o1,1,Fc1ccc([CH3:2])cc1,2,chloride,3,bromide,4,Cc1nnc(Cl)o1,98321-75-6,2129.4,ENA444723218-5G,Fc1ccc(CBr)cc1,459-46-1,34.50,209538-5G
CC1=NN=C(CC2=CC=C(F)C=C2)O1,Cc1nn[c:1]([CH2:2]c2ccc(F)cc2)o1,[c:1]-[C:2],"[1, 2]","[1, 2]",Cc1nn[cH:1]o1,1,Fc1ccc([CH3:2])cc1,2,chloride,3,iodide,4,Cc1nnc(Cl)o1,98321-75-6,2129.4,ENA444723218-5G,Fc1ccc(CI)cc1,3831-29-6,417.9,ENA402267469-1G
CC1=NN=C(CC2=CC=C(F)C=C2)O1,Cc1nn[c:1]([CH2:2]c2ccc(F)cc2)o1,[c:1]-[C:2],"[1, 2]","[1, 2]",Cc1nn[cH:1]o1,1,Fc1ccc([CH3:2])cc1,2,bromide,3,hydrogen,4,Cc1nnc(Br)o1,864750-58-3,77,SY3H6E40FA7F-100MG,Cc1ccc(F)cc1,352-32-9,34.10,F15331-100G
CC1=NN=C(CC2=CC=C(F)C=C2)O1,Cc1nn[c:1]([CH2:2]c2ccc(F)cc2)o1,[c:1]-[C:2],"[1, 2]","[1, 2]",Cc1nn[cH:1]o1,1,Fc1ccc([CH3:2])cc1,2,bromide,3,alcohol,4,Cc1nnc(Br)o1,864750-58-3,77,SY3H6E40FA7F-100MG,OCc1ccc(F)cc1,459-56-3,40.60,F7407-5G
CC1=NN=C(CC2=CC=C(F)C=C2)O1,Cc1nn[c:1]([CH2:2]c2ccc(F)cc2)o1,[c:1]-[C:2],"[1, 2]","[1, 2]",Cc1nn[cH:1]o1,1,Fc1ccc([CH3:2])cc1,2,bromide,3,amine,4,Cc1nnc(Br)o1,864750-58-3,77,SY3H6E40FA7F-100MG,NCc1ccc(F)cc1,140-75-0,19.70,162493-5G
CC1=NN=C(CC2=CC=C(F)C=C2)O1,Cc1nn[c:1]([CH2:2]c2ccc(F)cc2)o1,[c:1]-[C:2],"[1, 2]","[1, 2]",Cc1nn[cH:1]o1,1,Fc1ccc([CH3:2])cc1,2,bromide,3,acid,4,Cc1nnc(Br)o1,864750-58-3,77,SY3H6E40FA7F-100MG,O=C(O)Cc1ccc(F)cc1,405-50-5,72.70,F13304-25G
CC1=NN=C(CC2=CC=C(F)C=C2)O1,Cc1nn[c:1]([CH2:2]c2ccc(F)cc2)o1,[c:1]-[C:2],"[1, 2]","[1, 2]",Cc1nn[cH:1]o1,1,Fc1ccc([CH3:2])cc1,2,bromide,3,chloride,4,Cc1nnc(Br)o1,864750-58-3,77,SY3H6E40FA7F-100MG,Fc1ccc(CCl)cc1,352-11-4,34.30,F8004-25G-A
CC1=NN=C(CC2=CC=C(F)C=C2)O1,Cc1nn[c:1]([CH2:2]c2ccc(F)cc2)o1,[c:1]-[C:2],"[1, 2]","[1, 2]",Cc1nn[cH:1]o1,1,Fc1ccc([CH3:2])cc1,2,bromide,3,bromide,4,Cc1nnc(Br)o1,864750-58-3,77,SY3H6E40FA7F-100MG,Fc1ccc(CBr)cc1,459-46-1,34.50,209538-5G
CC1=NN=C(CC2=CC=C(F)C=C2)O1,Cc1nn[c:1]([CH2:2]c2ccc(F)cc2)o1,[c:1]-[C:2],"[1, 2]","[1, 2]",Cc1nn[cH:1]o1,1,Fc1ccc([CH3:2])cc1,2,bromide,3,iodide,4,Cc1nnc(Br)o1,864750-58-3,77,SY3H6E40FA7F-100MG,Fc1ccc(CI)cc1,3831-29-6,417.9,ENA402267469-1G
CC1=NN=C(CC2=CC=C(F)C=C2)O1,Cc1nn[c:1]([CH2:2]c2ccc(F)cc2)o1,[c:1]-[C:2],"[1, 2]","[1, 2]",Cc1nn[cH:1]o1,1,Fc1ccc([CH3:2])cc1,2,iodide,3,hydrogen,4,Cc1nnc(I)o1,1592334-67-2,370.65,ENA432539718-250MG,Cc1ccc(F)cc1,352-32-9,34.10,F15331-100G
CC1=NN=C(CC2=CC=C(F)C=C2)O1,Cc1nn[c:1]([CH2:2]c2ccc(F)cc2)o1,[c:1]-[C:2],"[1, 2]","[1, 2]",Cc1nn[cH:1]o1,1,Fc1ccc([CH3:2])cc1,2,iodide,3,alcohol,4,Cc1nnc(I)o1,1592334-67-2,370.65,ENA432539718-250MG,OCc1ccc(F)cc1,459-56-3,40.60,F7407-5G
CC1=NN=C(CC2=CC=C(F)C=C2)O1,Cc1nn[c:1]([CH2:2]c2ccc(F)cc2)o1,[c:1]-[C:2],"[1, 2]","[1, 2]",Cc1nn[cH:1]o1,1,Fc1ccc([CH3:2])cc1,2,iodide,3,amine,4,Cc1nnc(I)o1,1592334-67-2,370.65,ENA432539718-250MG,NCc1ccc(F)cc1,140-75-0,19.70,162493-5G
CC1=NN=C(CC2=CC=C(F)C=C2)O1,Cc1nn[c:1]([CH2:2]c2ccc(F)cc2)o1,[c:1]-[C:2],"[1, 2]","[1, 2]",Cc1nn[cH:1]o1,1,Fc1ccc([CH3:2])cc1,2,iodide,3,acid,4,Cc1nnc(I)o1,1592334-67-2,370.65,ENA432539718-250MG,O=C(O)Cc1ccc(F)cc1,405-50-5,72.70,F13304-25G
CC1=NN=C(CC2=CC=C(F)C=C2)O1,Cc1nn[c:1]([CH2:2]c2ccc(F)cc2)o1,[c:1]-[C:2],"[1, 2]","[1, 2]",Cc1nn[cH:1]o1,1,Fc1ccc([CH3:2])cc1,2,iodide,3,chloride,4,Cc1nnc(I)o1,1592334-67-2,370.65,ENA432539718-250MG,Fc1ccc(CCl)cc1,352-11-4,34.30,F8004-25G-A
CC1=NN=C(CC2=CC=C(F)C=C2)O1,Cc1nn[c:1]([CH2:2]c2ccc(F)cc2)o1,[c:1]-[C:2],"[1, 2]","[1, 2]",Cc1nn[cH:1]o1,1,Fc1ccc([CH3:2])cc1,2,iodide,3,bromide,4,Cc1nnc(I)o1,1592334-67-2,370.65,ENA432539718-250MG,Fc1ccc(CBr)cc1,459-46-1,34.50,209538-5G
CC1=NN=C(CC2=CC=C(F)C=C2)O1,Cc1nn[c:1]([CH2:2]c2ccc(F)cc2)o1,[c:1]-[C:2],"[1, 2]","[1, 2]",Cc1nn[cH:1]o1,1,Fc1ccc([CH3:2])cc1,2,iodide,3,iodide,4,Cc1nnc(I)o1,1592334-67-2,370.65,ENA432539718-250MG,Fc1ccc(CI)cc1,3831-29-6,417.9,ENA402267469-1G
CC1=NN=C(CC2=CC=C(F)C=C2)O1,Cc1nnc([CH2:2][c:1]2ccc(F)cc2)o1,[c:1]-[C:2],"[1, 2]","[1, 2]",Fc1cc[cH:1]cc1,1,Cc1nnc([CH3:2])o1,2,hydrogen,3,hydrogen,4,Fc1ccccc1,462-06-6,24.40,F6001-5G-A,Cc1nnc(C)o1,13148-65-7,133.1,AMBH303C6109-1G
CC1=NN=C(CC2=CC=C(F)C=C2)O1,Cc1nnc([CH2:2][c:1]2ccc(F)cc2)o1,[c:1]-[C:2],"[1, 2]","[1, 2]",Fc1cc[cH:1]cc1,1,Cc1nnc([CH3:2])o1,2,hydrogen,3,alcohol,4,Fc1ccccc1,462-06-6,24.40,F6001-5G-A,Cc1nnc(CO)o1,,304.00,CBR01937-1G
CC1=NN=C(CC2=CC=C(F)C=C2)O1,Cc1nnc([CH2:2][c:1]2ccc(F)cc2)o1,[c:1]-[C:2],"[1, 2]","[1, 2]",Fc1cc[cH:1]cc1,1,Cc1nnc([CH3:2])o1,2,hydrogen,3,amine,4,Fc1ccccc1,462-06-6,24.40,F6001-5G-A,Cc1nnc(CN)o1,125295-22-9,213.6,MAT370170860-250MG
CC1=NN=C(CC2=CC=C(F)C=C2)O1,Cc1nnc([CH2:2][c:1]2ccc(F)cc2)o1,[c:1]-[C:2],"[1, 2]","[1, 2]",Fc1cc[cH:1]cc1,1,Cc1nnc([CH3:2])o1,2,hydrogen,3,acid,4,Fc1ccccc1,462-06-6,24.40,F6001-5G-A,Cc1nnc(CC(=O)O)o1,937684-91-8,298.8,JWPH3249D8FF-500MG
CC1=NN=C(CC2=CC=C(F)C=C2)O1,Cc1nnc([CH2:2][c:1]2ccc(F)cc2)o1,[c:1]-[C:2],"[1, 2]","[1, 2]",Fc1cc[cH:1]cc1,1,Cc1nnc([CH3:2])o1,2,hydrogen,3,chloride,4,Fc1ccccc1,462-06-6,24.40,F6001-5G-A,Cc1nnc(CCl)o1,,55.10,CDS022277-50MG
CC1=NN=C(CC2=CC=C(F)C=C2)O1,Cc1nnc([CH2:2][c:1]2ccc(F)cc2)o1,[c:1]-[C:2],"[1, 2]","[1, 2]",Fc1cc[cH:1]cc1,1,Cc1nnc([CH3:2])o1,2,hydrogen,3,bromide,4,Fc1ccccc1,462-06-6,24.40,F6001-5G-A,Cc1nnc(CBr)o1,944059-14-7,2576.7,ENA429361252-10G
CC1=NN=C(CC2=CC=C(F)C=C2)O1,Cc1nnc([CH2:2][c:1]2ccc(F)cc2)o1,[c:1]-[C:2],"[1, 2]","[1, 2]",Fc1cc[cH:1]cc1,1,Cc1nnc([CH3:2])o1,2,alcohol,3,hydrogen,4,Oc1ccc(F)cc1,371-41-5,35.60,F13207-25G,Cc1nnc(C)o1,13148-65-7,133.1,AMBH303C6109-1G
CC1=NN=C(CC2=CC=C(F)C=C2)O1,Cc1nnc([CH2:2][c:1]2ccc(F)cc2)o1,[c:1]-[C:2],"[1, 2]","[1, 2]",Fc1cc[cH:1]cc1,1,Cc1nnc([CH3:2])o1,2,alcohol,3,alcohol,4,Oc1ccc(F)cc1,371-41-5,35.60,F13207-25G,Cc1nnc(CO)o1,,304.00,CBR01937-1G
CC1=NN=C(CC2=CC=C(F)C=C2)O1,Cc1nnc([CH2:2][c:1]2ccc(F)cc2)o1,[c:1]-[C:2],"[1, 2]","[1, 2]",Fc1cc[cH:1]cc1,1,Cc1nnc([CH3:2])o1,2,alcohol,3,amine,4,Oc1ccc(F)cc1,371-41-5,35.60,F13207-25G,Cc1nnc(CN)o1,125295-22-9,213.6,MAT370170860-250MG
CC1=NN=C(CC2=CC=C(F)C=C2)O1,Cc1nnc([CH2:2][c:1]2ccc(F)cc2)o1,[c:1]-[C:2],"[1, 2]","[1, 2]",Fc1cc[cH:1]cc1,1,Cc1nnc([CH3:2])o1,2,alcohol,3,acid,4,Oc1ccc(F)cc1,371-41-5,35.60,F13207-25G,Cc1nnc(CC(=O)O)o1,937684-91-8,298.8,JWPH3249D8FF-500MG
CC1=NN=C(CC2=CC=C(F)C=C2)O1,Cc1nnc([CH2:2][c:1]2ccc(F)cc2)o1,[c:1]-[C:2],"[1, 2]","[1, 2]",Fc1cc[cH:1]cc1,1,Cc1nnc([CH3:2])o1,2,alcohol,3,chloride,4,Oc1ccc(F)cc1,371-41-5,35.60,F13207-25G,Cc1nnc(CCl)o1,,55.10,CDS022277-50MG
CC1=NN=C(CC2=CC=C(F)C=C2)O1,Cc1nnc([CH2:2][c:1]2ccc(F)cc2)o1,[c:1]-[C:2],"[1, 2]","[1, 2]",Fc1cc[cH:1]cc1,1,Cc1nnc([CH3:2])o1,2,alcohol,3,bromide,4,Oc1ccc(F)cc1,371-41-5,35.60,F13207-25G,Cc1nnc(CBr)o1,944059-14-7,2576.7,ENA429361252-10G
CC1=NN=C(CC2=CC=C(F)C=C2)O1,Cc1nnc([CH2:2][c:1]2ccc(F)cc2)o1,[c:1]-[C:2],"[1, 2]","[1, 2]",Fc1cc[cH:1]cc1,1,Cc1nnc([CH3:2])o1,2,amine,3,hydrogen,4,Nc1ccc(F)cc1,371-40-4,20.10,F3800-25G,Cc1nnc(C)o1,13148-65-7,133.1,AMBH303C6109-1G
CC1=NN=C(CC2=CC=C(F)C=C2)O1,Cc1nnc([CH2:2][c:1]2ccc(F)cc2)o1,[c:1]-[C:2],"[1, 2]","[1, 2]",Fc1cc[cH:1]cc1,1,Cc1nnc([CH3:2])o1,2,amine,3,alcohol,4,Nc1ccc(F)cc1,371-40-4,20.10,F3800-25G,Cc1nnc(CO)o1,,304.00,CBR01937-1G
CC1=NN=C(CC2=CC=C(F)C=C2)O1,Cc1nnc([CH2:2][c:1]2ccc(F)cc2)o1,[c:1]-[C:2],"[1, 2]","[1, 2]",Fc1cc[cH:1]cc1,1,Cc1nnc([CH3:2])o1,2,amine,3,amine,4,Nc1ccc(F)cc1,371-40-4,20.10,F3800-25G,Cc1nnc(CN)o1,125295-22-9,213.6,MAT370170860-250MG
CC1=NN=C(CC2=CC=C(F)C=C2)O1,Cc1nnc([CH2:2][c:1]2ccc(F)cc2)o1,[c:1]-[C:2],"[1, 2]","[1, 2]",Fc1cc[cH:1]cc1,1,Cc1nnc([CH3:2])o1,2,amine,3,acid,4,Nc1ccc(F)cc1,371-40-4,20.10,F3800-25G,Cc1nnc(CC(=O)O)o1,937684-91-8,298.8,JWPH3249D8FF-500MG
CC1=NN=C(CC2=CC=C(F)C=C2)O1,Cc1nnc([CH2:2][c:1]2ccc(F)cc2)o1,[c:1]-[C:2],"[1, 2]","[1, 2]",Fc1cc[cH:1]cc1,1,Cc1nnc([CH3:2])o1,2,amine,3,chloride,4,Nc1ccc(F)cc1,371-40-4,20.10,F3800-25G,Cc1nnc(CCl)o1,,55.10,CDS022277-50MG
CC1=NN=C(CC2=CC=C(F)C=C2)O1,Cc1nnc([CH2:2][c:1]2ccc(F)cc2)o1,[c:1]-[C:2],"[1, 2]","[1, 2]",Fc1cc[cH:1]cc1,1,Cc1nnc([CH3:2])o1,2,amine,3,bromide,4,Nc1ccc(F)cc1,371-40-4,20.10,F3800-25G,Cc1nnc(CBr)o1,944059-14-7,2576.7,ENA429361252-10G
CC1=NN=C(CC2=CC=C(F)C=C2)O1,Cc1nnc([CH2:2][c:1]2ccc(F)cc2)o1,[c:1]-[C:2],"[1, 2]","[1, 2]",Fc1cc[cH:1]cc1,1,Cc1nnc([CH3:2])o1,2,acid,3,hydrogen,4,O=C(O)c1ccc(F)cc1,456-22-4,14.10,128384-5G,Cc1nnc(C)o1,13148-65-7,133.1,AMBH303C6109-1G
CC1=NN=C(CC2=CC=C(F)C=C2)O1,Cc1nnc([CH2:2][c:1]2ccc(F)cc2)o1,[c:1]-[C:2],"[1, 2]","[1, 2]",Fc1cc[cH:1]cc1,1,Cc1nnc([CH3:2])o1,2,acid,3,alcohol,4,O=C(O)c1ccc(F)cc1,456-22-4,14.10,128384-5G,Cc1nnc(CO)o1,,304.00,CBR01937-1G
CC1=NN=C(CC2=CC=C(F)C=C2)O1,Cc1nnc([CH2:2][c:1]2ccc(F)cc2)o1,[c:1]-[C:2],"[1, 2]","[1, 2]",Fc1cc[cH:1]cc1,1,Cc1nnc([CH3:2])o1,2,acid,3,amine,4,O=C(O)c1ccc(F)cc1,456-22-4,14.10,128384-5G,Cc1nnc(CN)o1,125295-22-9,213.6,MAT370170860-250MG
CC1=NN=C(CC2=CC=C(F)C=C2)O1,Cc1nnc([CH2:2][c:1]2ccc(F)cc2)o1,[c:1]-[C:2],"[1, 2]","[1, 2]",Fc1cc[cH:1]cc1,1,Cc1nnc([CH3:2])o1,2,acid,3,acid,4,O=C(O)c1ccc(F)cc1,456-22-4,14.10,128384-5G,Cc1nnc(CC(=O)O)o1,937684-91-8,298.8,JWPH3249D8FF-500MG
CC1=NN=C(CC2=CC=C(F)C=C2)O1,Cc1nnc([CH2:2][c:1]2ccc(F)cc2)o1,[c:1]-[C:2],"[1, 2]","[1, 2]",Fc1cc[cH:1]cc1,1,Cc1nnc([CH3:2])o1,2,acid,3,chloride,4,O=C(O)c1ccc(F)cc1,456-22-4,14.10,128384-5G,Cc1nnc(CCl)o1,,55.10,CDS022277-50MG
CC1=NN=C(CC2=CC=C(F)C=C2)O1,Cc1nnc([CH2:2][c:1]2ccc(F)cc2)o1,[c:1]-[C:2],"[1, 2]","[1, 2]",Fc1cc[cH:1]cc1,1,Cc1nnc([CH3:2])o1,2,acid,3,bromide,4,O=C(O)c1ccc(F)cc1,456-22-4,14.10,128384-5G,Cc1nnc(CBr)o1,944059-14-7,2576.7,ENA429361252-10G
CC1=NN=C(CC2=CC=C(F)C=C2)O1,Cc1nnc([CH2:2][c:1]2ccc(F)cc2)o1,[c:1]-[C:2],"[1, 2]","[1, 2]",Fc1cc[cH:1]cc1,1,Cc1nnc([CH3:2])o1,2,chloride,3,hydrogen,4,Fc1ccc(Cl)cc1,352-33-0,49.00,224057-25G,Cc1nnc(C)o1,13148-65-7,133.1,AMBH303C6109-1G
CC1=NN=C(CC2=CC=C(F)C=C2)O1,Cc1nnc([CH2:2][c:1]2ccc(F)cc2)o1,[c:1]-[C:2],"[1, 2]","[1, 2]",Fc1cc[cH:1]cc1,1,Cc1nnc([CH3:2])o1,2,chloride,3,alcohol,4,Fc1ccc(Cl)cc1,352-33-0,49.00,224057-25G,Cc1nnc(CO)o1,,304.00,CBR01937-1G
CC1=NN=C(CC2=CC=C(F)C=C2)O1,Cc1nnc([CH2:2][c:1]2ccc(F)cc2)o1,[c:1]-[C:2],"[1, 2]","[1, 2]",Fc1cc[cH:1]cc1,1,Cc1nnc([CH3:2])o1,2,chloride,3,amine,4,Fc1ccc(Cl)cc1,352-33-0,49.00,224057-25G,Cc1nnc(CN)o1,125295-22-9,213.6,MAT370170860-250MG
CC1=NN=C(CC2=CC=C(F)C=C2)O1,Cc1nnc([CH2:2][c:1]2ccc(F)cc2)o1,[c:1]-[C:2],"[1, 2]","[1, 2]",Fc1cc[cH:1]cc1,1,Cc1nnc([CH3:2])o1,2,chloride,3,acid,4,Fc1ccc(Cl)cc1,352-33-0,49.00,224057-25G,Cc1nnc(CC(=O)O)o1,937684-91-8,298.8,JWPH3249D8FF-500MG
CC1=NN=C(CC2=CC=C(F)C=C2)O1,Cc1nnc([CH2:2][c:1]2ccc(F)cc2)o1,[c:1]-[C:2],"[1, 2]","[1, 2]",Fc1cc[cH:1]cc1,1,Cc1nnc([CH3:2])o1,2,chloride,3,chloride,4,Fc1ccc(Cl)cc1,352-33-0,49.00,224057-25G,Cc1nnc(CCl)o1,,55.10,CDS022277-50MG
CC1=NN=C(CC2=CC=C(F)C=C2)O1,Cc1nnc([CH2:2][c:1]2ccc(F)cc2)o1,[c:1]-[C:2],"[1, 2]","[1, 2]",Fc1cc[cH:1]cc1,1,Cc1nnc([CH3:2])o1,2,chloride,3,bromide,4,Fc1ccc(Cl)cc1,352-33-0,49.00,224057-25G,Cc1nnc(CBr)o1,944059-14-7,2576.7,ENA429361252-10G
CC1=NN=C(CC2=CC=C(F)C=C2)O1,Cc1nnc([CH2:2][c:1]2ccc(F)cc2)o1,[c:1]-[C:2],"[1, 2]","[1, 2]",Fc1cc[cH:1]cc1,1,Cc1nnc([CH3:2])o1,2,bromide,3,hydrogen,4,Fc1ccc(Br)cc1,460-00-4,22.30,B67201-25G,Cc1nnc(C)o1,13148-65-7,133.1,AMBH303C6109-1G
CC1=NN=C(CC2=CC=C(F)C=C2)O1,Cc1nnc([CH2:2][c:1]2ccc(F)cc2)o1,[c:1]-[C:2],"[1, 2]","[1, 2]",Fc1cc[cH:1]cc1,1,Cc1nnc([CH3:2])o1,2,bromide,3,alcohol,4,Fc1ccc(Br)cc1,460-00-4,22.30,B67201-25G,Cc1nnc(CO)o1,,304.00,CBR01937-1G
CC1=NN=C(CC2=CC=C(F)C=C2)O1,Cc1nnc([CH2:2][c:1]2ccc(F)cc2)o1,[c:1]-[C:2],"[1, 2]","[1, 2]",Fc1cc[cH:1]cc1,1,Cc1nnc([CH3:2])o1,2,bromide,3,amine,4,Fc1ccc(Br)cc1,460-00-4,22.30,B67201-25G,Cc1nnc(CN)o1,125295-22-9,213.6,MAT370170860-250MG
CC1=NN=C(CC2=CC=C(F)C=C2)O1,Cc1nnc([CH2:2][c:1]2ccc(F)cc2)o1,[c:1]-[C:2],"[1, 2]","[1, 2]",Fc1cc[cH:1]cc1,1,Cc1nnc([CH3:2])o1,2,bromide,3,acid,4,Fc1ccc(Br)cc1,460-00-4,22.30,B67201-25G,Cc1nnc(CC(=O)O)o1,937684-91-8,298.8,JWPH3249D8FF-500MG
CC1=NN=C(CC2=CC=C(F)C=C2)O1,Cc1nnc([CH2:2][c:1]2ccc(F)cc2)o1,[c:1]-[C:2],"[1, 2]","[1, 2]",Fc1cc[cH:1]cc1,1,Cc1nnc([CH3:2])o1,2,bromide,3,chloride,4,Fc1ccc(Br)cc1,460-00-4,22.30,B67201-25G,Cc1nnc(CCl)o1,,55.10,CDS022277-50MG
CC1=NN=C(CC2=CC=C(F)C=C2)O1,Cc1nnc([CH2:2][c:1]2ccc(F)cc2)o1,[c:1]-[C:2],"[1, 2]","[1, 2]",Fc1cc[cH:1]cc1,1,Cc1nnc([CH3:2])o1,2,bromide,3,bromide,4,Fc1ccc(Br)cc1,460-00-4,22.30,B67201-25G,Cc1nnc(CBr)o1,944059-14-7,2576.7,ENA429361252-10G
CC1=NN=C(CC2=CC=C(F)C=C2)O1,Cc1nnc([CH2:2][c:1]2ccc(F)cc2)o1,[c:1]-[C:2],"[1, 2]","[1, 2]",Fc1cc[cH:1]cc1,1,Cc1nnc([CH3:2])o1,2,iodide,3,hydrogen,4,Fc1ccc(I)cc1,352-34-1,23.90,219428-5G,Cc1nnc(C)o1,13148-65-7,133.1,AMBH303C6109-1G
CC1=NN=C(CC2=CC=C(F)C=C2)O1,Cc1nnc([CH2:2][c:1]2ccc(F)cc2)o1,[c:1]-[C:2],"[1, 2]","[1, 2]",Fc1cc[cH:1]cc1,1,Cc1nnc([CH3:2])o1,2,iodide,3,alcohol,4,Fc1ccc(I)cc1,352-34-1,23.90,219428-5G,Cc1nnc(CO)o1,,304.00,CBR01937-1G
CC1=NN=C(CC2=CC=C(F)C=C2)O1,Cc1nnc([CH2:2][c:1]2ccc(F)cc2)o1,[c:1]-[C:2],"[1, 2]","[1, 2]",Fc1cc[cH:1]cc1,1,Cc1nnc([CH3:2])o1,2,iodide,3,amine,4,Fc1ccc(I)cc1,352-34-1,23.90,219428-5G,Cc1nnc(CN)o1,125295-22-9,213.6,MAT370170860-250MG
CC1=NN=C(CC2=CC=C(F)C=C2)O1,Cc1nnc([CH2:2][c:1]2ccc(F)cc2)o1,[c:1]-[C:2],"[1, 2]","[1, 2]",Fc1cc[cH:1]cc1,1,Cc1nnc([CH3:2])o1,2,iodide,3,acid,4,Fc1ccc(I)cc1,352-34-1,23.90,219428-5G,Cc1nnc(CC(=O)O)o1,937684-91-8,298.8,JWPH3249D8FF-500MG
CC1=NN=C(CC2=CC=C(F)C=C2)O1,Cc1nnc([CH2:2][c:1]2ccc(F)cc2)o1,[c:1]-[C:2],"[1, 2]","[1, 2]",Fc1cc[cH:1]cc1,1,Cc1nnc([CH3:2])o1,2,iodide,3,chloride,4,Fc1ccc(I)cc1,352-34-1,23.90,219428-5G,Cc1nnc(CCl)o1,,55.10,CDS022277-50MG
CC1=NN=C(CC2=CC=C(F)C=C2)O1,Cc1nnc([CH2:2][c:1]2ccc(F)cc2)o1,[c:1]-[C:2],"[1, 2]","[1, 2]",Fc1cc[cH:1]cc1,1,Cc1nnc([CH3:2])o1,2,iodide,3,bromide,4,Fc1ccc(I)cc1,352-34-1,23.90,219428-5G,Cc1nnc(CBr)o1,944059-14-7,2576.7,ENA429361252-10G
CC1=NN=C(CC2=CC=C(F)C=C2)O1,Cc1nnc([CH2:2][c:1]2ccc(F)cc2)o1,[c:1]-[C:2],"[1, 2]","[1, 2]",Fc1cc[cH:1]cc1,1,Cc1nnc([CH3:2])o1,2,boronate,3,hydrogen,4,OB(O)c1ccc(F)cc1,1765-93-1,21.80,417556-1G,Cc1nnc(C)o1,13148-65-7,133.1,AMBH303C6109-1G
CC1=NN=C(CC2=CC=C(F)C=C2)O1,Cc1nnc([CH2:2][c:1]2ccc(F)cc2)o1,[c:1]-[C:2],"[1, 2]","[1, 2]",Fc1cc[cH:1]cc1,1,Cc1nnc([CH3:2])o1,2,boronate,3,alcohol,4,OB(O)c1ccc(F)cc1,1765-93-1,21.80,417556-1G,Cc1nnc(CO)o1,,304.00,CBR01937-1G
CC1=NN=C(CC2=CC=C(F)C=C2)O1,Cc1nnc([CH2:2][c:1]2ccc(F)cc2)o1,[c:1]-[C:2],"[1, 2]","[1, 2]",Fc1cc[cH:1]cc1,1,Cc1nnc([CH3:2])o1,2,boronate,3,amine,4,OB(O)c1ccc(F)cc1,1765-93-1,21.80,417556-1G,Cc1nnc(CN)o1,125295-22-9,213.6,MAT370170860-250MG
CC1=NN=C(CC2=CC=C(F)C=C2)O1,Cc1nnc([CH2:2][c:1]2ccc(F)cc2)o1,[c:1]-[C:2],"[1, 2]","[1, 2]",Fc1cc[cH:1]cc1,1,Cc1nnc([CH3:2])o1,2,boronate,3,acid,4,OB(O)c1ccc(F)cc1,1765-93-1,21.80,417556-1G,Cc1nnc(CC(=O)O)o1,937684-91-8,298.8,JWPH3249D8FF-500MG
CC1=NN=C(CC2=CC=C(F)C=C2)O1,Cc1nnc([CH2:2][c:1]2ccc(F)cc2)o1,[c:1]-[C:2],"[1, 2]","[1, 2]",Fc1cc[cH:1]cc1,1,Cc1nnc([CH3:2])o1,2,boronate,3,chloride,4,OB(O)c1ccc(F)cc1,1765-93-1,21.80,417556-1G,Cc1nnc(CCl)o1,,55.10,CDS022277-50MG
CC1=NN=C(CC2=CC=C(F)C=C2)O1,Cc1nnc([CH2:2][c:1]2ccc(F)cc2)o1,[c:1]-[C:2],"[1, 2]","[1, 2]",Fc1cc[cH:1]cc1,1,Cc1nnc([CH3:2])o1,2,boronate,3,bromide,4,OB(O)c1ccc(F)cc1,1765-93-1,21.80,417556-1G,Cc1nnc(CBr)o1,944059-14-7,2576.7,ENA429361252-10G
CCCC1=C(C(F)(F)F)OC(C)=C1,CC[CH2:2][c:1]1cc(C)oc1C(F)(F)F,[c:1]-[C:2],"[1, 2]","[1, 2]",Cc1c[cH:1]c(C(F)(F)F)o1,1,CC[CH3:2],2,hydrogen,3,hydrogen,4,Cc1ccc(C(F)(F)F)o1,,129.58,MAN412113396-1G,CCC,74-98-6,360.00,536172-145G
CCCC1=C(C(F)(F)F)OC(C)=C1,CC[CH2:2][c:1]1cc(C)oc1C(F)(F)F,[c:1]-[C:2],"[1, 2]","[1, 2]",Cc1c[cH:1]c(C(F)(F)F)o1,1,CC[CH3:2],2,hydrogen,3,alcohol,4,Cc1ccc(C(F)(F)F)o1,,129.58,MAN412113396-1G,CCCO,71-23-8,189.00,W292826-1KG-K
CCCC1=C(C(F)(F)F)OC(C)=C1,CC[CH2:2][c:1]1cc(C)oc1C(F)(F)F,[c:1]-[C:2],"[1, 2]","[1, 2]",Cc1c[cH:1]c(C(F)(F)F)o1,1,CC[CH3:2],2,hydrogen,3,amine,4,Cc1ccc(C(F)(F)F)o1,,129.58,MAN412113396-1G,CCCN,107-10-8,22.30,109819-250ML
CCCC1=C(C(F)(F)F)OC(C)=C1,CC[CH2:2][c:1]1cc(C)oc1C(F)(F)F,[c:1]-[C:2],"[1, 2]","[1, 2]",Cc1c[cH:1]c(C(F)(F)F)o1,1,CC[CH3:2],2,hydrogen,3,acid,4,Cc1ccc(C(F)(F)F)o1,,129.58,MAN412113396-1G,CCCC(=O)O,107-92-6,66.00,W222100-1KG-K
CCCC1=C(C(F)(F)F)OC(C)=C1,CC[CH2:2][c:1]1cc(C)oc1C(F)(F)F,[c:1]-[C:2],"[1, 2]","[1, 2]",Cc1c[cH:1]c(C(F)(F)F)o1,1,CC[CH3:2],2,hydrogen,3,chloride,4,Cc1ccc(C(F)(F)F)o1,,129.58,MAN412113396-1G,CCCCl,540-54-5,72.60,C68555-100ML
CCCC1=C(C(F)(F)F)OC(C)=C1,CC[CH2:2][c:1]1cc(C)oc1C(F)(F)F,[c:1]-[C:2],"[1, 2]","[1, 2]",Cc1c[cH:1]c(C(F)(F)F)o1,1,CC[CH3:2],2,hydrogen,3,bromide,4,Cc1ccc(C(F)(F)F)o1,,129.58,MAN412113396-1G,CCCBr,106-94-5,26.40,B78106-5ML
CCCC1=C(C(F)(F)F)OC(C)=C1,CC[CH2:2][c:1]1cc(C)oc1C(F)(F)F,[c:1]-[C:2],"[1, 2]","[1, 2]",Cc1c[cH:1]c(C(F)(F)F)o1,1,CC[CH3:2],2,hydrogen,3,iodide,4,Cc1ccc(C(F)(F)F)o1,,129.58,MAN412113396-1G,CCCI,107-08-4,25.80,171883-5G
CCCC1=C(C(F)(F)F)OC(C)=C1,CC[CH2:2][c:1]1cc(C)oc1C(F)(F)F,[c:1]-[C:2],"[1, 2]","[1, 2]",Cc1c[cH:1]c(C(F)(F)F)o1,1,CC[CH3:2],2,hydrogen,3,boronate,4,Cc1ccc(C(F)(F)F)o1,,129.58,MAN412113396-1G,CCCB(O)O,17745-45-8,55,SY3371478948-25G
CCCC1=C(C(F)(F)F)OC(C)=C1,CC[CH2:2][c:1]1cc(C)oc1C(F)(F)F,[c:1]-[C:2],"[1, 2]","[1, 2]",Cc1c[cH:1]c(C(F)(F)F)o1,1,CC[CH3:2],2,acid,3,hydrogen,4,Cc1cc(C(=O)O)c(C(F)(F)F)o1,17515-74-1,15.6,ATC413215763-250MG,CCC,74-98-6,360.00,536172-145G
CCCC1=C(C(F)(F)F)OC(C)=C1,CC[CH2:2][c:1]1cc(C)oc1C(F)(F)F,[c:1]-[C:2],"[1, 2]","[1, 2]",Cc1c[cH:1]c(C(F)(F)F)o1,1,CC[CH3:2],2,acid,3,alcohol,4,Cc1cc(C(=O)O)c(C(F)(F)F)o1,17515-74-1,15.6,ATC413215763-250MG,CCCO,71-23-8,189.00,W292826-1KG-K
CCCC1=C(C(F)(F)F)OC(C)=C1,CC[CH2:2][c:1]1cc(C)oc1C(F)(F)F,[c:1]-[C:2],"[1, 2]","[1, 2]",Cc1c[cH:1]c(C(F)(F)F)o1,1,CC[CH3:2],2,acid,3,amine,4,Cc1cc(C(=O)O)c(C(F)(F)F)o1,17515-74-1,15.6,ATC413215763-250MG,CCCN,107-10-8,22.30,109819-250ML
CCCC1=C(C(F)(F)F)OC(C)=C1,CC[CH2:2][c:1]1cc(C)oc1C(F)(F)F,[c:1]-[C:2],"[1, 2]","[1, 2]",Cc1c[cH:1]c(C(F)(F)F)o1,1,CC[CH3:2],2,acid,3,acid,4,Cc1cc(C(=O)O)c(C(F)(F)F)o1,17515-74-1,15.6,ATC413215763-250MG,CCCC(=O)O,107-92-6,66.00,W222100-1KG-K
CCCC1=C(C(F)(F)F)OC(C)=C1,CC[CH2:2][c:1]1cc(C)oc1C(F)(F)F,[c:1]-[C:2],"[1, 2]","[1, 2]",Cc1c[cH:1]c(C(F)(F)F)o1,1,CC[CH3:2],2,acid,3,chloride,4,Cc1cc(C(=O)O)c(C(F)(F)F)o1,17515-74-1,15.6,ATC413215763-250MG,CCCCl,540-54-5,72.60,C68555-100ML
CCCC1=C(C(F)(F)F)OC(C)=C1,CC[CH2:2][c:1]1cc(C)oc1C(F)(F)F,[c:1]-[C:2],"[1, 2]","[1, 2]",Cc1c[cH:1]c(C(F)(F)F)o1,1,CC[CH3:2],2,acid,3,bromide,4,Cc1cc(C(=O)O)c(C(F)(F)F)o1,17515-74-1,15.6,ATC413215763-250MG,CCCBr,106-94-5,26.40,B78106-5ML
CCCC1=C(C(F)(F)F)OC(C)=C1,CC[CH2:2][c:1]1cc(C)oc1C(F)(F)F,[c:1]-[C:2],"[1, 2]","[1, 2]",Cc1c[cH:1]c(C(F)(F)F)o1,1,CC[CH3:2],2,acid,3,iodide,4,Cc1cc(C(=O)O)c(C(F)(F)F)o1,17515-74-1,15.6,ATC413215763-250MG,CCCI,107-08-4,25.80,171883-5G
CCCC1=C(C(F)(F)F)OC(C)=C1,CC[CH2:2][c:1]1cc(C)oc1C(F)(F)F,[c:1]-[C:2],"[1, 2]","[1, 2]",Cc1c[cH:1]c(C(F)(F)F)o1,1,CC[CH3:2],2,acid,3,boronate,4,Cc1cc(C(=O)O)c(C(F)(F)F)o1,17515-74-1,15.6,ATC413215763-250MG,CCCB(O)O,17745-45-8,55,SY3371478948-25G
CCCC1=C(C(F)(F)F)OC(C)=C1,Cc1cc([CH2:2][CH2:1]C)c(C(F)(F)F)o1,[C:1]-[C:2],"[1, 2]","[1, 2]",C[CH3:1],1,Cc1cc([CH3:2])c(C(F)(F)F)o1,2,hydrogen,3,alcohol,4,CC,74-84-0,463.00,295302-110G,Cc1cc(CO)c(C(F)(F)F)o1,306935-04-6,163.8,ENAH65919953-100MG
CCCC1=C(C(F)(F)F)OC(C)=C1,Cc1cc([CH2:2][CH2:1]C)c(C(F)(F)F)o1,[C:1]-[C:2],"[1, 2]","[1, 2]",C[CH3:1],1,Cc1cc([CH3:2])c(C(F)(F)F)o1,2,hydrogen,3,amine,4,CC,74-84-0,463.00,295302-110G,Cc1cc(CN)c(C(F)(F)F)o1,,108.00,PH014457-100MG
CCCC1=C(C(F)(F)F)OC(C)=C1,Cc1cc([CH2:2][CH2:1]C)c(C(F)(F)F)o1,[C:1]-[C:2],"[1, 2]","[1, 2]",C[CH3:1],1,Cc1cc([CH3:2])c(C(F)(F)F)o1,2,alcohol,3,alcohol,4,CCO,64-17-5,74.00,2858-240ML,Cc1cc(CO)c(C(F)(F)F)o1,306935-04-6,163.8,ENAH65919953-100MG
CCCC1=C(C(F)(F)F)OC(C)=C1,Cc1cc([CH2:2][CH2:1]C)c(C(F)(F)F)o1,[C:1]-[C:2],"[1, 2]","[1, 2]",C[CH3:1],1,Cc1cc([CH3:2])c(C(F)(F)F)o1,2,alcohol,3,amine,4,CCO,64-17-5,74.00,2858-240ML,Cc1cc(CN)c(C(F)(F)F)o1,,108.00,PH014457-100MG
CCCC1=C(C(F)(F)F)OC(C)=C1,Cc1cc([CH2:2][CH2:1]C)c(C(F)(F)F)o1,[C:1]-[C:2],"[1, 2]","[1, 2]",C[CH3:1],1,Cc1cc([CH3:2])c(C(F)(F)F)o1,2,amine,3,alcohol,4,CCN,75-04-7,20.70,471208-100ML,Cc1cc(CO)c(C(F)(F)F)o1,306935-04-6,163.8,ENAH65919953-100MG
CCCC1=C(C(F)(F)F)OC(C)=C1,Cc1cc([CH2:2][CH2:1]C)c(C(F)(F)F)o1,[C:1]-[C:2],"[1, 2]","[1, 2]",C[CH3:1],1,Cc1cc([CH3:2])c(C(F)(F)F)o1,2,amine,3,amine,4,CCN,75-04-7,20.70,471208-100ML,Cc1cc(CN)c(C(F)(F)F)o1,,108.00,PH014457-100MG
CCCC1=C(C(F)(F)F)OC(C)=C1,Cc1cc([CH2:2][CH2:1]C)c(C(F)(F)F)o1,[C:1]-[C:2],"[1, 2]","[1, 2]",C[CH3:1],1,Cc1cc([CH3:2])c(C(F)(F)F)o1,2,acid,3,alcohol,4,CCC(=O)O,79-09-4,37.90,P5561-1L,Cc1cc(CO)c(C(F)(F)F)o1,306935-04-6,163.8,ENAH65919953-100MG
CCCC1=C(C(F)(F)F)OC(C)=C1,Cc1cc([CH2:2][CH2:1]C)c(C(F)(F)F)o1,[C:1]-[C:2],"[1, 2]","[1, 2]",C[CH3:1],1,Cc1cc([CH3:2])c(C(F)(F)F)o1,2,acid,3,amine,4,CCC(=O)O,79-09-4,37.90,P5561-1L,Cc1cc(CN)c(C(F)(F)F)o1,,108.00,PH014457-100MG
CCCC1=C(C(F)(F)F)OC(C)=C1,Cc1cc([CH2:2][CH2:1]C)c(C(F)(F)F)o1,[C:1]-[C:2],"[1, 2]","[1, 2]",C[CH3:1],1,Cc1cc([CH3:2])c(C(F)(F)F)o1,2,chloride,3,alcohol,4,CCCl,75-00-3,178.00,295310-1KG,Cc1cc(CO)c(C(F)(F)F)o1,306935-04-6,163.8,ENAH65919953-100MG
CCCC1=C(C(F)(F)F)OC(C)=C1,Cc1cc([CH2:2][CH2:1]C)c(C(F)(F)F)o1,[C:1]-[C:2],"[1, 2]","[1, 2]",C[CH3:1],1,Cc1cc([CH3:2])c(C(F)(F)F)o1,2,chloride,3,amine,4,CCCl,75-00-3,178.00,295310-1KG,Cc1cc(CN)c(C(F)(F)F)o1,,108.00,PH014457-100MG
CCCC1=C(C(F)(F)F)OC(C)=C1,Cc1cc([CH2:2][CH2:1]C)c(C(F)(F)F)o1,[C:1]-[C:2],"[1, 2]","[1, 2]",C[CH3:1],1,Cc1cc([CH3:2])c(C(F)(F)F)o1,2,bromide,3,alcohol,4,CCBr,74-96-4,55.70,239607-50G,Cc1cc(CO)c(C(F)(F)F)o1,306935-04-6,163.8,ENAH65919953-100MG
CCCC1=C(C(F)(F)F)OC(C)=C1,Cc1cc([CH2:2][CH2:1]C)c(C(F)(F)F)o1,[C:1]-[C:2],"[1, 2]","[1, 2]",C[CH3:1],1,Cc1cc([CH3:2])c(C(F)(F)F)o1,2,bromide,3,amine,4,CCBr,74-96-4,55.70,239607-50G,Cc1cc(CN)c(C(F)(F)F)o1,,108.00,PH014457-100MG
CCCC1=C(C(F)(F)F)OC(C)=C1,Cc1cc([CH2:2][CH2:1]C)c(C(F)(F)F)o1,[C:1]-[C:2],"[1, 2]","[1, 2]",C[CH3:1],1,Cc1cc([CH3:2])c(C(F)(F)F)o1,2,iodide,3,alcohol,4,CCI,75-03-6,24.00,I7780-5G,Cc1cc(CO)c(C(F)(F)F)o1,306935-04-6,163.8,ENAH65919953-100MG
CCCC1=C(C(F)(F)F)OC(C)=C1,Cc1cc([CH2:2][CH2:1]C)c(C(F)(F)F)o1,[C:1]-[C:2],"[1, 2]","[1, 2]",C[CH3:1],1,Cc1cc([CH3:2])c(C(F)(F)F)o1,2,iodide,3,amine,4,CCI,75-03-6,24.00,I7780-5G,Cc1cc(CN)c(C(F)(F)F)o1,,108.00,PH014457-100MG
CCCC1=C(C(F)(F)F)OC(C)=C1,Cc1cc([CH2:2][CH2:1]C)c(C(F)(F)F)o1,[C:1]-[C:2],"[1, 2]","[1, 2]",C[CH3:1],1,Cc1cc([CH3:2])c(C(F)(F)F)o1,2,boronate,3,alcohol,4,CCB(O)O,,66.00,CDS003542-250MG,Cc1cc(CO)c(C(F)(F)F)o1,306935-04-6,163.8,ENAH65919953-100MG
CCCC1=C(C(F)(F)F)OC(C)=C1,Cc1cc([CH2:2][CH2:1]C)c(C(F)(F)F)o1,[C:1]-[C:2],"[1, 2]","[1, 2]",C[CH3:1],1,Cc1cc([CH3:2])c(C(F)(F)F)o1,2,boronate,3,amine,4,CCB(O)O,,66.00,CDS003542-250MG,Cc1cc(CN)c(C(F)(F)F)o1,,108.00,PH014457-100MG
CN1N=CC(CS)=C(Cl)C1=O,Cn1nc[c:1]([CH2:2]S)c(Cl)c1=O,[c:1]-[C:2],"[1, 2]","[1, 2]",Cn1nc[cH:1]c(Cl)c1=O,1,S[CH3:2],2,amine,3,hydrogen,4,Cn1ncc(N)c(Cl)c1=O,17254-80-7,1026.9,ENA580354729-2.5G,CS,74-93-1,969.00,295515-227G
CN1N=CC(CS)=C(Cl)C1=O,Cn1nc[c:1]([CH2:2]S)c(Cl)c1=O,[c:1]-[C:2],"[1, 2]","[1, 2]",Cn1nc[cH:1]c(Cl)c1=O,1,S[CH3:2],2,amine,3,acid,4,Cn1ncc(N)c(Cl)c1=O,17254-80-7,1026.9,ENA580354729-2.5G,O=C(O)CS,68-11-1,33.00,T6750-50ML
CN1N=CC(CS)=C(Cl)C1=O,Cn1nc[c:1]([CH2:2]S)c(Cl)c1=O,[c:1]-[C:2],"[1, 2]","[1, 2]",Cn1nc[cH:1]c(Cl)c1=O,1,S[CH3:2],2,chloride,3,hydrogen,4,Cn1ncc(Cl)c(Cl)c1=O,933-76-6,111.00,597716-5G,CS,74-93-1,969.00,295515-227G
CN1N=CC(CS)=C(Cl)C1=O,Cn1nc[c:1]([CH2:2]S)c(Cl)c1=O,[c:1]-[C:2],"[1, 2]","[1, 2]",Cn1nc[cH:1]c(Cl)c1=O,1,S[CH3:2],2,chloride,3,acid,4,Cn1ncc(Cl)c(Cl)c1=O,933-76-6,111.00,597716-5G,O=C(O)CS,68-11-1,33.00,T6750-50ML
CCC(C)(CC(C)(C)C1CO1)C(=O)OC,CC[C:1](C)(C(=O)OC)[CH2:2]C(C)(C)C1CO1,[C:1]-[C:2],"[1, 2]","[1, 2]",CC[CH:1](C)C(=O)OC,1,CC(C)(C1CO1)[CH3:2],2,hydrogen,3,hydrogen,4,CCC(C)C(=O)OC,868-57-5,65.20,277452-50ML,CC(C)(C)C1CO1,,55.10,CDS001448-1G
CCC(C)(CC(C)(C)C1CO1)C(=O)OC,CC[C:1](C)(C(=O)OC)[CH2:2]C(C)(C)C1CO1,[C:1]-[C:2],"[1, 2]","[1, 2]",CC[CH:1](C)C(=O)OC,1,CC(C)(C1CO1)[CH3:2],2,amine,3,hydrogen,4,CCC(C)(N)C(=O)OC,87162-70-7,1500,COM448686696-5G,CC(C)(C)C1CO1,,55.10,CDS001448-1G
CCC(C)(CC(C)(C)C1CO1)C(=O)OC,CCC(C)(C(=O)OC)[CH2:1][C:2](C)(C)C1CO1,[C:1]-[C:2],"[1, 2]","[1, 2]",CCC(C)(C(=O)OC)[CH3:1],1,C[CH:2](C)C1CO1,2,hydrogen,3,hydrogen,4,CCC(C)(C)C(=O)OC,813-67-2,985,LIF945291664-2.5G,CC(C)C1CO1,1438-14-8,612,MAT491659766-5G
CCC(C)(CC(C)(C)C1CO1)C(=O)OC,CCC(C)(C(=O)OC)[CH2:1][C:2](C)(C)C1CO1,[C:1]-[C:2],"[1, 2]","[1, 2]",CCC(C)(C(=O)OC)[CH3:1],1,C[CH:2](C)C1CO1,2,hydrogen,3,alcohol,4,CCC(C)(C)C(=O)OC,813-67-2,985,LIF945291664-2.5G,CC(C)(O)C1CO1,19482-44-1,163.8,ENAH0424BD02-100MG
CN(CC(=O)NC(C)(C)C)C(=O)COC(=O)C1=CC([N+](=O)[O-])=CC=C1N(C)C,CN(CC(=O)NC(C)(C)C)C(=O)[CH2:1][O:2]C(=O)c1cc([N+](=O)[O-])ccc1N(C)C,[C:1]-[O:2],"[1, 2]","[1, 2]",CN(CC(=O)NC(C)(C)C)C(=O)[CH3:1],1,CN(C)c1ccc([N+](=O)[O-])cc1C(=O)[OH:2],2,chloride,3,hydrogen,4,CN(CC(=O)NC(C)(C)C)C(=O)CCl,923225-28-9,80.85,ENA100801471-250MG,CN(C)c1ccc([N+](=O)[O-])cc1C(=O)O,4405-28-1,404.25,ENA024295884-1G
CC1=NC=C(CC2=CC=C(F)C=C2)O1,Cc1nc[c:1]([CH2:2]c2ccc(F)cc2)o1,[c:1]-[C:2],"[1, 2]","[1, 2]",Cc1nc[cH:1]o1,1,Fc1ccc([CH3:2])cc1,2,hydrogen,3,hydrogen,4,Cc1ncco1,23012-10-4,166.1,AMBH303C614B-250MG,Cc1ccc(F)cc1,352-32-9,34.10,F15331-100G
CC1=NC=C(CC2=CC=C(F)C=C2)O1,Cc1nc[c:1]([CH2:2]c2ccc(F)cc2)o1,[c:1]-[C:2],"[1, 2]","[1, 2]",Cc1nc[cH:1]o1,1,Fc1ccc([CH3:2])cc1,2,hydrogen,3,alcohol,4,Cc1ncco1,23012-10-4,166.1,AMBH303C614B-250MG,OCc1ccc(F)cc1,459-56-3,40.60,F7407-5G
CC1=NC=C(CC2=CC=C(F)C=C2)O1,Cc1nc[c:1]([CH2:2]c2ccc(F)cc2)o1,[c:1]-[C:2],"[1, 2]","[1, 2]",Cc1nc[cH:1]o1,1,Fc1ccc([CH3:2])cc1,2,hydrogen,3,amine,4,Cc1ncco1,23012-10-4,166.1,AMBH303C614B-250MG,NCc1ccc(F)cc1,140-75-0,19.70,162493-5G
CC1=NC=C(CC2=CC=C(F)C=C2)O1,Cc1nc[c:1]([CH2:2]c2ccc(F)cc2)o1,[c:1]-[C:2],"[1, 2]","[1, 2]",Cc1nc[cH:1]o1,1,Fc1ccc([CH3:2])cc1,2,hydrogen,3,acid,4,Cc1ncco1,23012-10-4,166.1,AMBH303C614B-250MG,O=C(O)Cc1ccc(F)cc1,405-50-5,72.70,F13304-25G
CC1=NC=C(CC2=CC=C(F)C=C2)O1,Cc1nc[c:1]([CH2:2]c2ccc(F)cc2)o1,[c:1]-[C:2],"[1, 2]","[1, 2]",Cc1nc[cH:1]o1,1,Fc1ccc([CH3:2])cc1,2,hydrogen,3,chloride,4,Cc1ncco1,23012-10-4,166.1,AMBH303C614B-250MG,Fc1ccc(CCl)cc1,352-11-4,34.30,F8004-25G-A
CC1=NC=C(CC2=CC=C(F)C=C2)O1,Cc1nc[c:1]([CH2:2]c2ccc(F)cc2)o1,[c:1]-[C:2],"[1, 2]","[1, 2]",Cc1nc[cH:1]o1,1,Fc1ccc([CH3:2])cc1,2,hydrogen,3,bromide,4,Cc1ncco1,23012-10-4,166.1,AMBH303C614B-250MG,Fc1ccc(CBr)cc1,459-46-1,34.50,209538-5G
CC1=NC=C(CC2=CC=C(F)C=C2)O1,Cc1nc[c:1]([CH2:2]c2ccc(F)cc2)o1,[c:1]-[C:2],"[1, 2]","[1, 2]",Cc1nc[cH:1]o1,1,Fc1ccc([CH3:2])cc1,2,hydrogen,3,iodide,4,Cc1ncco1,23012-10-4,166.1,AMBH303C614B-250MG,Fc1ccc(CI)cc1,3831-29-6,417.9,ENA402267469-1G
CC1=NC=C(CC2=CC=C(F)C=C2)O1,Cc1nc[c:1]([CH2:2]c2ccc(F)cc2)o1,[c:1]-[C:2],"[1, 2]","[1, 2]",Cc1nc[cH:1]o1,1,Fc1ccc([CH3:2])cc1,2,alcohol,3,hydrogen,4,Cc1ncc(O)o1,936332-31-9,256.2,ENA947427024-50MG,Cc1ccc(F)cc1,352-32-9,34.10,F15331-100G
CC1=NC=C(CC2=CC=C(F)C=C2)O1,Cc1nc[c:1]([CH2:2]c2ccc(F)cc2)o1,[c:1]-[C:2],"[1, 2]","[1, 2]",Cc1nc[cH:1]o1,1,Fc1ccc([CH3:2])cc1,2,alcohol,3,alcohol,4,Cc1ncc(O)o1,936332-31-9,256.2,ENA947427024-50MG,OCc1ccc(F)cc1,459-56-3,40.60,F7407-5G
CC1=NC=C(CC2=CC=C(F)C=C2)O1,Cc1nc[c:1]([CH2:2]c2ccc(F)cc2)o1,[c:1]-[C:2],"[1, 2]","[1, 2]",Cc1nc[cH:1]o1,1,Fc1ccc([CH3:2])cc1,2,alcohol,3,amine,4,Cc1ncc(O)o1,936332-31-9,256.2,ENA947427024-50MG,NCc1ccc(F)cc1,140-75-0,19.70,162493-5G
CC1=NC=C(CC2=CC=C(F)C=C2)O1,Cc1nc[c:1]([CH2:2]c2ccc(F)cc2)o1,[c:1]-[C:2],"[1, 2]","[1, 2]",Cc1nc[cH:1]o1,1,Fc1ccc([CH3:2])cc1,2,alcohol,3,acid,4,Cc1ncc(O)o1,936332-31-9,256.2,ENA947427024-50MG,O=C(O)Cc1ccc(F)cc1,405-50-5,72.70,F13304-25G
CC1=NC=C(CC2=CC=C(F)C=C2)O1,Cc1nc[c:1]([CH2:2]c2ccc(F)cc2)o1,[c:1]-[C:2],"[1, 2]","[1, 2]",Cc1nc[cH:1]o1,1,Fc1ccc([CH3:2])cc1,2,alcohol,3,chloride,4,Cc1ncc(O)o1,936332-31-9,256.2,ENA947427024-50MG,Fc1ccc(CCl)cc1,352-11-4,34.30,F8004-25G-A
CC1=NC=C(CC2=CC=C(F)C=C2)O1,Cc1nc[c:1]([CH2:2]c2ccc(F)cc2)o1,[c:1]-[C:2],"[1, 2]","[1, 2]",Cc1nc[cH:1]o1,1,Fc1ccc([CH3:2])cc1,2,alcohol,3,bromide,4,Cc1ncc(O)o1,936332-31-9,256.2,ENA947427024-50MG,Fc1ccc(CBr)cc1,459-46-1,34.50,209538-5G
CC1=NC=C(CC2=CC=C(F)C=C2)O1,Cc1nc[c:1]([CH2:2]c2ccc(F)cc2)o1,[c:1]-[C:2],"[1, 2]","[1, 2]",Cc1nc[cH:1]o1,1,Fc1ccc([CH3:2])cc1,2,alcohol,3,iodide,4,Cc1ncc(O)o1,936332-31-9,256.2,ENA947427024-50MG,Fc1ccc(CI)cc1,3831-29-6,417.9,ENA402267469-1G
CC1=NC=C(CC2=CC=C(F)C=C2)O1,Cc1nc[c:1]([CH2:2]c2ccc(F)cc2)o1,[c:1]-[C:2],"[1, 2]","[1, 2]",Cc1nc[cH:1]o1,1,Fc1ccc([CH3:2])cc1,2,acid,3,hydrogen,4,Cc1ncc(C(=O)O)o1,1216012-87-1,176,AMBH2D6F3FDF-250MG,Cc1ccc(F)cc1,352-32-9,34.10,F15331-100G
CC1=NC=C(CC2=CC=C(F)C=C2)O1,Cc1nc[c:1]([CH2:2]c2ccc(F)cc2)o1,[c:1]-[C:2],"[1, 2]","[1, 2]",Cc1nc[cH:1]o1,1,Fc1ccc([CH3:2])cc1,2,acid,3,alcohol,4,Cc1ncc(C(=O)O)o1,1216012-87-1,176,AMBH2D6F3FDF-250MG,OCc1ccc(F)cc1,459-56-3,40.60,F7407-5G
CC1=NC=C(CC2=CC=C(F)C=C2)O1,Cc1nc[c:1]([CH2:2]c2ccc(F)cc2)o1,[c:1]-[C:2],"[1, 2]","[1, 2]",Cc1nc[cH:1]o1,1,Fc1ccc([CH3:2])cc1,2,acid,3,amine,4,Cc1ncc(C(=O)O)o1,1216012-87-1,176,AMBH2D6F3FDF-250MG,NCc1ccc(F)cc1,140-75-0,19.70,162493-5G
CC1=NC=C(CC2=CC=C(F)C=C2)O1,Cc1nc[c:1]([CH2:2]c2ccc(F)cc2)o1,[c:1]-[C:2],"[1, 2]","[1, 2]",Cc1nc[cH:1]o1,1,Fc1ccc([CH3:2])cc1,2,acid,3,acid,4,Cc1ncc(C(=O)O)o1,1216012-87-1,176,AMBH2D6F3FDF-250MG,O=C(O)Cc1ccc(F)cc1,405-50-5,72.70,F13304-25G
CC1=NC=C(CC2=CC=C(F)C=C2)O1,Cc1nc[c:1]([CH2:2]c2ccc(F)cc2)o1,[c:1]-[C:2],"[1, 2]","[1, 2]",Cc1nc[cH:1]o1,1,Fc1ccc([CH3:2])cc1,2,acid,3,chloride,4,Cc1ncc(C(=O)O)o1,1216012-87-1,176,AMBH2D6F3FDF-250MG,Fc1ccc(CCl)cc1,352-11-4,34.30,F8004-25G-A
CC1=NC=C(CC2=CC=C(F)C=C2)O1,Cc1nc[c:1]([CH2:2]c2ccc(F)cc2)o1,[c:1]-[C:2],"[1, 2]","[1, 2]",Cc1nc[cH:1]o1,1,Fc1ccc([CH3:2])cc1,2,acid,3,bromide,4,Cc1ncc(C(=O)O)o1,1216012-87-1,176,AMBH2D6F3FDF-250MG,Fc1ccc(CBr)cc1,459-46-1,34.50,209538-5G
CC1=NC=C(CC2=CC=C(F)C=C2)O1,Cc1nc[c:1]([CH2:2]c2ccc(F)cc2)o1,[c:1]-[C:2],"[1, 2]","[1, 2]",Cc1nc[cH:1]o1,1,Fc1ccc([CH3:2])cc1,2,acid,3,iodide,4,Cc1ncc(C(=O)O)o1,1216012-87-1,176,AMBH2D6F3FDF-250MG,Fc1ccc(CI)cc1,3831-29-6,417.9,ENA402267469-1G
CC1=NC=C(CC2=CC=C(F)C=C2)O1,Cc1nc[c:1]([CH2:2]c2ccc(F)cc2)o1,[c:1]-[C:2],"[1, 2]","[1, 2]",Cc1nc[cH:1]o1,1,Fc1ccc([CH3:2])cc1,2,bromide,3,hydrogen,4,Cc1ncc(Br)o1,1391740-17-2,838.95,ENA947385837-1G,Cc1ccc(F)cc1,352-32-9,34.10,F15331-100G
CC1=NC=C(CC2=CC=C(F)C=C2)O1,Cc1nc[c:1]([CH2:2]c2ccc(F)cc2)o1,[c:1]-[C:2],"[1, 2]","[1, 2]",Cc1nc[cH:1]o1,1,Fc1ccc([CH3:2])cc1,2,bromide,3,alcohol,4,Cc1ncc(Br)o1,1391740-17-2,838.95,ENA947385837-1G,OCc1ccc(F)cc1,459-56-3,40.60,F7407-5G
CC1=NC=C(CC2=CC=C(F)C=C2)O1,Cc1nc[c:1]([CH2:2]c2ccc(F)cc2)o1,[c:1]-[C:2],"[1, 2]","[1, 2]",Cc1nc[cH:1]o1,1,Fc1ccc([CH3:2])cc1,2,bromide,3,amine,4,Cc1ncc(Br)o1,1391740-17-2,838.95,ENA947385837-1G,NCc1ccc(F)cc1,140-75-0,19.70,162493-5G
CC1=NC=C(CC2=CC=C(F)C=C2)O1,Cc1nc[c:1]([CH2:2]c2ccc(F)cc2)o1,[c:1]-[C:2],"[1, 2]","[1, 2]",Cc1nc[cH:1]o1,1,Fc1ccc([CH3:2])cc1,2,bromide,3,acid,4,Cc1ncc(Br)o1,1391740-17-2,838.95,ENA947385837-1G,O=C(O)Cc1ccc(F)cc1,405-50-5,72.70,F13304-25G
CC1=NC=C(CC2=CC=C(F)C=C2)O1,Cc1nc[c:1]([CH2:2]c2ccc(F)cc2)o1,[c:1]-[C:2],"[1, 2]","[1, 2]",Cc1nc[cH:1]o1,1,Fc1ccc([CH3:2])cc1,2,bromide,3,chloride,4,Cc1ncc(Br)o1,1391740-17-2,838.95,ENA947385837-1G,Fc1ccc(CCl)cc1,352-11-4,34.30,F8004-25G-A
CC1=NC=C(CC2=CC=C(F)C=C2)O1,Cc1nc[c:1]([CH2:2]c2ccc(F)cc2)o1,[c:1]-[C:2],"[1, 2]","[1, 2]",Cc1nc[cH:1]o1,1,Fc1ccc([CH3:2])cc1,2,bromide,3,bromide,4,Cc1ncc(Br)o1,1391740-17-2,838.95,ENA947385837-1G,Fc1ccc(CBr)cc1,459-46-1,34.50,209538-5G
CC1=NC=C(CC2=CC=C(F)C=C2)O1,Cc1nc[c:1]([CH2:2]c2ccc(F)cc2)o1,[c:1]-[C:2],"[1, 2]","[1, 2]",Cc1nc[cH:1]o1,1,Fc1ccc([CH3:2])cc1,2,bromide,3,iodide,4,Cc1ncc(Br)o1,1391740-17-2,838.95,ENA947385837-1G,Fc1ccc(CI)cc1,3831-29-6,417.9,ENA402267469-1G
CC1=NC=C(CC2=CC=C(F)C=C2)O1,Cc1nc[c:1]([CH2:2]c2ccc(F)cc2)o1,[c:1]-[C:2],"[1, 2]","[1, 2]",Cc1nc[cH:1]o1,1,Fc1ccc([CH3:2])cc1,2,iodide,3,hydrogen,4,Cc1ncc(I)o1,2287275-07-2,945,ENAH31551B03-1G,Cc1ccc(F)cc1,352-32-9,34.10,F15331-100G
CC1=NC=C(CC2=CC=C(F)C=C2)O1,Cc1nc[c:1]([CH2:2]c2ccc(F)cc2)o1,[c:1]-[C:2],"[1, 2]","[1, 2]",Cc1nc[cH:1]o1,1,Fc1ccc([CH3:2])cc1,2,iodide,3,alcohol,4,Cc1ncc(I)o1,2287275-07-2,945,ENAH31551B03-1G,OCc1ccc(F)cc1,459-56-3,40.60,F7407-5G
CC1=NC=C(CC2=CC=C(F)C=C2)O1,Cc1nc[c:1]([CH2:2]c2ccc(F)cc2)o1,[c:1]-[C:2],"[1, 2]","[1, 2]",Cc1nc[cH:1]o1,1,Fc1ccc([CH3:2])cc1,2,iodide,3,amine,4,Cc1ncc(I)o1,2287275-07-2,945,ENAH31551B03-1G,NCc1ccc(F)cc1,140-75-0,19.70,162493-5G
CC1=NC=C(CC2=CC=C(F)C=C2)O1,Cc1nc[c:1]([CH2:2]c2ccc(F)cc2)o1,[c:1]-[C:2],"[1, 2]","[1, 2]",Cc1nc[cH:1]o1,1,Fc1ccc([CH3:2])cc1,2,iodide,3,acid,4,Cc1ncc(I)o1,2287275-07-2,945,ENAH31551B03-1G,O=C(O)Cc1ccc(F)cc1,405-50-5,72.70,F13304-25G
CC1=NC=C(CC2=CC=C(F)C=C2)O1,Cc1nc[c:1]([CH2:2]c2ccc(F)cc2)o1,[c:1]-[C:2],"[1, 2]","[1, 2]",Cc1nc[cH:1]o1,1,Fc1ccc([CH3:2])cc1,2,iodide,3,chloride,4,Cc1ncc(I)o1,2287275-07-2,945,ENAH31551B03-1G,Fc1ccc(CCl)cc1,352-11-4,34.30,F8004-25G-A
CC1=NC=C(CC2=CC=C(F)C=C2)O1,Cc1nc[c:1]([CH2:2]c2ccc(F)cc2)o1,[c:1]-[C:2],"[1, 2]","[1, 2]",Cc1nc[cH:1]o1,1,Fc1ccc([CH3:2])cc1,2,iodide,3,bromide,4,Cc1ncc(I)o1,2287275-07-2,945,ENAH31551B03-1G,Fc1ccc(CBr)cc1,459-46-1,34.50,209538-5G
CC1=NC=C(CC2=CC=C(F)C=C2)O1,Cc1nc[c:1]([CH2:2]c2ccc(F)cc2)o1,[c:1]-[C:2],"[1, 2]","[1, 2]",Cc1nc[cH:1]o1,1,Fc1ccc([CH3:2])cc1,2,iodide,3,iodide,4,Cc1ncc(I)o1,2287275-07-2,945,ENAH31551B03-1G,Fc1ccc(CI)cc1,3831-29-6,417.9,ENA402267469-1G
CC1=NC=C(CC2=CC=C(F)C=C2)O1,Cc1ncc([CH2:2][c:1]2ccc(F)cc2)o1,[c:1]-[C:2],"[1, 2]","[1, 2]",Fc1cc[cH:1]cc1,1,Cc1ncc([CH3:2])o1,2,hydrogen,3,hydrogen,4,Fc1ccccc1,462-06-6,24.40,F6001-5G-A,Cc1cnc(C)o1,23012-11-5,233.1,ENA517161792-250MG
CC1=NC=C(CC2=CC=C(F)C=C2)O1,Cc1ncc([CH2:2][c:1]2ccc(F)cc2)o1,[c:1]-[C:2],"[1, 2]","[1, 2]",Fc1cc[cH:1]cc1,1,Cc1ncc([CH3:2])o1,2,hydrogen,3,alcohol,4,Fc1ccccc1,462-06-6,24.40,F6001-5G-A,Cc1ncc(CO)o1,1065073-48-4,126.5,SY3H315B121C-100MG
CC1=NC=C(CC2=CC=C(F)C=C2)O1,Cc1ncc([CH2:2][c:1]2ccc(F)cc2)o1,[c:1]-[C:2],"[1, 2]","[1, 2]",Fc1cc[cH:1]cc1,1,Cc1ncc([CH3:2])o1,2,hydrogen,3,amine,4,Fc1ccccc1,462-06-6,24.40,F6001-5G-A,Cc1ncc(CN)o1,141567-36-4,962.5,AMBH2D6F8ADC-1G
CC1=NC=C(CC2=CC=C(F)C=C2)O1,Cc1ncc([CH2:2][c:1]2ccc(F)cc2)o1,[c:1]-[C:2],"[1, 2]","[1, 2]",Fc1cc[cH:1]cc1,1,Cc1ncc([CH3:2])o1,2,hydrogen,3,acid,4,Fc1ccccc1,462-06-6,24.40,F6001-5G-A,Cc1ncc(CC(=O)O)o1,1276075-96-7,456.75,ENA580350211-50MG
CC1=NC=C(CC2=CC=C(F)C=C2)O1,Cc1ncc([CH2:2][c:1]2ccc(F)cc2)o1,[c:1]-[C:2],"[1, 2]","[1, 2]",Fc1cc[cH:1]cc1,1,Cc1ncc([CH3:2])o1,2,hydrogen,3,chloride,4,Fc1ccccc1,462-06-6,24.40,F6001-5G-A,Cc1ncc(CCl)o1,1196146-69-6,549.15,ENA580349849-500MG
CC1=NC=C(CC2=CC=C(F)C=C2)O1,Cc1ncc([CH2:2][c:1]2ccc(F)cc2)o1,[c:1]-[C:2],"[1, 2]","[1, 2]",Fc1cc[cH:1]cc1,1,Cc1ncc([CH3:2])o1,2,alcohol,3,hydrogen,4,Oc1ccc(F)cc1,371-41-5,35.60,F13207-25G,Cc1cnc(C)o1,23012-11-5,233.1,ENA517161792-250MG
CC1=NC=C(CC2=CC=C(F)C=C2)O1,Cc1ncc([CH2:2][c:1]2ccc(F)cc2)o1,[c:1]-[C:2],"[1, 2]","[1, 2]",Fc1cc[cH:1]cc1,1,Cc1ncc([CH3:2])o1,2,alcohol,3,alcohol,4,Oc1ccc(F)cc1,371-41-5,35.60,F13207-25G,Cc1ncc(CO)o1,1065073-48-4,126.5,SY3H315B121C-100MG
CC1=NC=C(CC2=CC=C(F)C=C2)O1,Cc1ncc([CH2:2][c:1]2ccc(F)cc2)o1,[c:1]-[C:2],"[1, 2]","[1, 2]",Fc1cc[cH:1]cc1,1,Cc1ncc([CH3:2])o1,2,alcohol,3,amine,4,Oc1ccc(F)cc1,371-41-5,35.60,F13207-25G,Cc1ncc(CN)o1,141567-36-4,962.5,AMBH2D6F8ADC-1G
CC1=NC=C(CC2=CC=C(F)C=C2)O1,Cc1ncc([CH2:2][c:1]2ccc(F)cc2)o1,[c:1]-[C:2],"[1, 2]","[1, 2]",Fc1cc[cH:1]cc1,1,Cc1ncc([CH3:2])o1,2,alcohol,3,acid,4,Oc1ccc(F)cc1,371-41-5,35.60,F13207-25G,Cc1ncc(CC(=O)O)o1,1276075-96-7,456.75,ENA580350211-50MG
CC1=NC=C(CC2=CC=C(F)C=C2)O1,Cc1ncc([CH2:2][c:1]2ccc(F)cc2)o1,[c:1]-[C:2],"[1, 2]","[1, 2]",Fc1cc[cH:1]cc1,1,Cc1ncc([CH3:2])o1,2,alcohol,3,chloride,4,Oc1ccc(F)cc1,371-41-5,35.60,F13207-25G,Cc1ncc(CCl)o1,1196146-69-6,549.15,ENA580349849-500MG
CC1=NC=C(CC2=CC=C(F)C=C2)O1,Cc1ncc([CH2:2][c:1]2ccc(F)cc2)o1,[c:1]-[C:2],"[1, 2]","[1, 2]",Fc1cc[cH:1]cc1,1,Cc1ncc([CH3:2])o1,2,amine,3,hydrogen,4,Nc1ccc(F)cc1,371-40-4,20.10,F3800-25G,Cc1cnc(C)o1,23012-11-5,233.1,ENA517161792-250MG
CC1=NC=C(CC2=CC=C(F)C=C2)O1,Cc1ncc([CH2:2][c:1]2ccc(F)cc2)o1,[c:1]-[C:2],"[1, 2]","[1, 2]",Fc1cc[cH:1]cc1,1,Cc1ncc([CH3:2])o1,2,amine,3,alcohol,4,Nc1ccc(F)cc1,371-40-4,20.10,F3800-25G,Cc1ncc(CO)o1,1065073-48-4,126.5,SY3H315B121C-100MG
CC1=NC=C(CC2=CC=C(F)C=C2)O1,Cc1ncc([CH2:2][c:1]2ccc(F)cc2)o1,[c:1]-[C:2],"[1, 2]","[1, 2]",Fc1cc[cH:1]cc1,1,Cc1ncc([CH3:2])o1,2,amine,3,amine,4,Nc1ccc(F)cc1,371-40-4,20.10,F3800-25G,Cc1ncc(CN)o1,141567-36-4,962.5,AMBH2D6F8ADC-1G
CC1=NC=C(CC2=CC=C(F)C=C2)O1,Cc1ncc([CH2:2][c:1]2ccc(F)cc2)o1,[c:1]-[C:2],"[1, 2]","[1, 2]",Fc1cc[cH:1]cc1,1,Cc1ncc([CH3:2])o1,2,amine,3,acid,4,Nc1ccc(F)cc1,371-40-4,20.10,F3800-25G,Cc1ncc(CC(=O)O)o1,1276075-96-7,456.75,ENA580350211-50MG
CC1=NC=C(CC2=CC=C(F)C=C2)O1,Cc1ncc([CH2:2][c:1]2ccc(F)cc2)o1,[c:1]-[C:2],"[1, 2]","[1, 2]",Fc1cc[cH:1]cc1,1,Cc1ncc([CH3:2])o1,2,amine,3,chloride,4,Nc1ccc(F)cc1,371-40-4,20.10,F3800-25G,Cc1ncc(CCl)o1,1196146-69-6,549.15,ENA580349849-500MG
CC1=NC=C(CC2=CC=C(F)C=C2)O1,Cc1ncc([CH2:2][c:1]2ccc(F)cc2)o1,[c:1]-[C:2],"[1, 2]","[1, 2]",Fc1cc[cH:1]cc1,1,Cc1ncc([CH3:2])o1,2,acid,3,hydrogen,4,O=C(O)c1ccc(F)cc1,456-22-4,14.10,128384-5G,Cc1cnc(C)o1,23012-11-5,233.1,ENA517161792-250MG
CC1=NC=C(CC2=CC=C(F)C=C2)O1,Cc1ncc([CH2:2][c:1]2ccc(F)cc2)o1,[c:1]-[C:2],"[1, 2]","[1, 2]",Fc1cc[cH:1]cc1,1,Cc1ncc([CH3:2])o1,2,acid,3,alcohol,4,O=C(O)c1ccc(F)cc1,456-22-4,14.10,128384-5G,Cc1ncc(CO)o1,1065073-48-4,126.5,SY3H315B121C-100MG
CC1=NC=C(CC2=CC=C(F)C=C2)O1,Cc1ncc([CH2:2][c:1]2ccc(F)cc2)o1,[c:1]-[C:2],"[1, 2]","[1, 2]",Fc1cc[cH:1]cc1,1,Cc1ncc([CH3:2])o1,2,acid,3,amine,4,O=C(O)c1ccc(F)cc1,456-22-4,14.10,128384-5G,Cc1ncc(CN)o1,141567-36-4,962.5,AMBH2D6F8ADC-1G
CC1=NC=C(CC2=CC=C(F)C=C2)O1,Cc1ncc([CH2:2][c:1]2ccc(F)cc2)o1,[c:1]-[C:2],"[1, 2]","[1, 2]",Fc1cc[cH:1]cc1,1,Cc1ncc([CH3:2])o1,2,acid,3,acid,4,O=C(O)c1ccc(F)cc1,456-22-4,14.10,128384-5G,Cc1ncc(CC(=O)O)o1,1276075-96-7,456.75,ENA580350211-50MG
CC1=NC=C(CC2=CC=C(F)C=C2)O1,Cc1ncc([CH2:2][c:1]2ccc(F)cc2)o1,[c:1]-[C:2],"[1, 2]","[1, 2]",Fc1cc[cH:1]cc1,1,Cc1ncc([CH3:2])o1,2,acid,3,chloride,4,O=C(O)c1ccc(F)cc1,456-22-4,14.10,128384-5G,Cc1ncc(CCl)o1,1196146-69-6,549.15,ENA580349849-500MG
CC1=NC=C(CC2=CC=C(F)C=C2)O1,Cc1ncc([CH2:2][c:1]2ccc(F)cc2)o1,[c:1]-[C:2],"[1, 2]","[1, 2]",Fc1cc[cH:1]cc1,1,Cc1ncc([CH3:2])o1,2,chloride,3,hydrogen,4,Fc1ccc(Cl)cc1,352-33-0,49.00,224057-25G,Cc1cnc(C)o1,23012-11-5,233.1,ENA517161792-250MG
CC1=NC=C(CC2=CC=C(F)C=C2)O1,Cc1ncc([CH2:2][c:1]2ccc(F)cc2)o1,[c:1]-[C:2],"[1, 2]","[1, 2]",Fc1cc[cH:1]cc1,1,Cc1ncc([CH3:2])o1,2,chloride,3,alcohol,4,Fc1ccc(Cl)cc1,352-33-0,49.00,224057-25G,Cc1ncc(CO)o1,1065073-48-4,126.5,SY3H315B121C-100MG
CC1=NC=C(CC2=CC=C(F)C=C2)O1,Cc1ncc([CH2:2][c:1]2ccc(F)cc2)o1,[c:1]-[C:2],"[1, 2]","[1, 2]",Fc1cc[cH:1]cc1,1,Cc1ncc([CH3:2])o1,2,chloride,3,amine,4,Fc1ccc(Cl)cc1,352-33-0,49.00,224057-25G,Cc1ncc(CN)o1,141567-36-4,962.5,AMBH2D6F8ADC-1G
CC1=NC=C(CC2=CC=C(F)C=C2)O1,Cc1ncc([CH2:2][c:1]2ccc(F)cc2)o1,[c:1]-[C:2],"[1, 2]","[1, 2]",Fc1cc[cH:1]cc1,1,Cc1ncc([CH3:2])o1,2,chloride,3,acid,4,Fc1ccc(Cl)cc1,352-33-0,49.00,224057-25G,Cc1ncc(CC(=O)O)o1,1276075-96-7,456.75,ENA580350211-50MG
CC1=NC=C(CC2=CC=C(F)C=C2)O1,Cc1ncc([CH2:2][c:1]2ccc(F)cc2)o1,[c:1]-[C:2],"[1, 2]","[1, 2]",Fc1cc[cH:1]cc1,1,Cc1ncc([CH3:2])o1,2,chloride,3,chloride,4,Fc1ccc(Cl)cc1,352-33-0,49.00,224057-25G,Cc1ncc(CCl)o1,1196146-69-6,549.15,ENA580349849-500MG
CC1=NC=C(CC2=CC=C(F)C=C2)O1,Cc1ncc([CH2:2][c:1]2ccc(F)cc2)o1,[c:1]-[C:2],"[1, 2]","[1, 2]",Fc1cc[cH:1]cc1,1,Cc1ncc([CH3:2])o1,2,bromide,3,hydrogen,4,Fc1ccc(Br)cc1,460-00-4,22.30,B67201-25G,Cc1cnc(C)o1,23012-11-5,233.1,ENA517161792-250MG
CC1=NC=C(CC2=CC=C(F)C=C2)O1,Cc1ncc([CH2:2][c:1]2ccc(F)cc2)o1,[c:1]-[C:2],"[1, 2]","[1, 2]",Fc1cc[cH:1]cc1,1,Cc1ncc([CH3:2])o1,2,bromide,3,alcohol,4,Fc1ccc(Br)cc1,460-00-4,22.30,B67201-25G,Cc1ncc(CO)o1,1065073-48-4,126.5,SY3H315B121C-100MG
CC1=NC=C(CC2=CC=C(F)C=C2)O1,Cc1ncc([CH2:2][c:1]2ccc(F)cc2)o1,[c:1]-[C:2],"[1, 2]","[1, 2]",Fc1cc[cH:1]cc1,1,Cc1ncc([CH3:2])o1,2,bromide,3,amine,4,Fc1ccc(Br)cc1,460-00-4,22.30,B67201-25G,Cc1ncc(CN)o1,141567-36-4,962.5,AMBH2D6F8ADC-1G
CC1=NC=C(CC2=CC=C(F)C=C2)O1,Cc1ncc([CH2:2][c:1]2ccc(F)cc2)o1,[c:1]-[C:2],"[1, 2]","[1, 2]",Fc1cc[cH:1]cc1,1,Cc1ncc([CH3:2])o1,2,bromide,3,acid,4,Fc1ccc(Br)cc1,460-00-4,22.30,B67201-25G,Cc1ncc(CC(=O)O)o1,1276075-96-7,456.75,ENA580350211-50MG
CC1=NC=C(CC2=CC=C(F)C=C2)O1,Cc1ncc([CH2:2][c:1]2ccc(F)cc2)o1,[c:1]-[C:2],"[1, 2]","[1, 2]",Fc1cc[cH:1]cc1,1,Cc1ncc([CH3:2])o1,2,bromide,3,chloride,4,Fc1ccc(Br)cc1,460-00-4,22.30,B67201-25G,Cc1ncc(CCl)o1,1196146-69-6,549.15,ENA580349849-500MG
CC1=NC=C(CC2=CC=C(F)C=C2)O1,Cc1ncc([CH2:2][c:1]2ccc(F)cc2)o1,[c:1]-[C:2],"[1, 2]","[1, 2]",Fc1cc[cH:1]cc1,1,Cc1ncc([CH3:2])o1,2,iodide,3,hydrogen,4,Fc1ccc(I)cc1,352-34-1,23.90,219428-5G,Cc1cnc(C)o1,23012-11-5,233.1,ENA517161792-250MG
CC1=NC=C(CC2=CC=C(F)C=C2)O1,Cc1ncc([CH2:2][c:1]2ccc(F)cc2)o1,[c:1]-[C:2],"[1, 2]","[1, 2]",Fc1cc[cH:1]cc1,1,Cc1ncc([CH3:2])o1,2,iodide,3,alcohol,4,Fc1ccc(I)cc1,352-34-1,23.90,219428-5G,Cc1ncc(CO)o1,1065073-48-4,126.5,SY3H315B121C-100MG
CC1=NC=C(CC2=CC=C(F)C=C2)O1,Cc1ncc([CH2:2][c:1]2ccc(F)cc2)o1,[c:1]-[C:2],"[1, 2]","[1, 2]",Fc1cc[cH:1]cc1,1,Cc1ncc([CH3:2])o1,2,iodide,3,amine,4,Fc1ccc(I)cc1,352-34-1,23.90,219428-5G,Cc1ncc(CN)o1,141567-36-4,962.5,AMBH2D6F8ADC-1G
CC1=NC=C(CC2=CC=C(F)C=C2)O1,Cc1ncc([CH2:2][c:1]2ccc(F)cc2)o1,[c:1]-[C:2],"[1, 2]","[1, 2]",Fc1cc[cH:1]cc1,1,Cc1ncc([CH3:2])o1,2,iodide,3,acid,4,Fc1ccc(I)cc1,352-34-1,23.90,219428-5G,Cc1ncc(CC(=O)O)o1,1276075-96-7,456.75,ENA580350211-50MG
CC1=NC=C(CC2=CC=C(F)C=C2)O1,Cc1ncc([CH2:2][c:1]2ccc(F)cc2)o1,[c:1]-[C:2],"[1, 2]","[1, 2]",Fc1cc[cH:1]cc1,1,Cc1ncc([CH3:2])o1,2,iodide,3,chloride,4,Fc1ccc(I)cc1,352-34-1,23.90,219428-5G,Cc1ncc(CCl)o1,1196146-69-6,549.15,ENA580349849-500MG
CC1=NC=C(CC2=CC=C(F)C=C2)O1,Cc1ncc([CH2:2][c:1]2ccc(F)cc2)o1,[c:1]-[C:2],"[1, 2]","[1, 2]",Fc1cc[cH:1]cc1,1,Cc1ncc([CH3:2])o1,2,boronate,3,hydrogen,4,OB(O)c1ccc(F)cc1,1765-93-1,21.80,417556-1G,Cc1cnc(C)o1,23012-11-5,233.1,ENA517161792-250MG
CC1=NC=C(CC2=CC=C(F)C=C2)O1,Cc1ncc([CH2:2][c:1]2ccc(F)cc2)o1,[c:1]-[C:2],"[1, 2]","[1, 2]",Fc1cc[cH:1]cc1,1,Cc1ncc([CH3:2])o1,2,boronate,3,alcohol,4,OB(O)c1ccc(F)cc1,1765-93-1,21.80,417556-1G,Cc1ncc(CO)o1,1065073-48-4,126.5,SY3H315B121C-100MG
CC1=NC=C(CC2=CC=C(F)C=C2)O1,Cc1ncc([CH2:2][c:1]2ccc(F)cc2)o1,[c:1]-[C:2],"[1, 2]","[1, 2]",Fc1cc[cH:1]cc1,1,Cc1ncc([CH3:2])o1,2,boronate,3,amine,4,OB(O)c1ccc(F)cc1,1765-93-1,21.80,417556-1G,Cc1ncc(CN)o1,141567-36-4,962.5,AMBH2D6F8ADC-1G
CC1=NC=C(CC2=CC=C(F)C=C2)O1,Cc1ncc([CH2:2][c:1]2ccc(F)cc2)o1,[c:1]-[C:2],"[1, 2]","[1, 2]",Fc1cc[cH:1]cc1,1,Cc1ncc([CH3:2])o1,2,boronate,3,acid,4,OB(O)c1ccc(F)cc1,1765-93-1,21.80,417556-1G,Cc1ncc(CC(=O)O)o1,1276075-96-7,456.75,ENA580350211-50MG
CC1=NC=C(CC2=CC=C(F)C=C2)O1,Cc1ncc([CH2:2][c:1]2ccc(F)cc2)o1,[c:1]-[C:2],"[1, 2]","[1, 2]",Fc1cc[cH:1]cc1,1,Cc1ncc([CH3:2])o1,2,boronate,3,chloride,4,OB(O)c1ccc(F)cc1,1765-93-1,21.80,417556-1G,Cc1ncc(CCl)o1,1196146-69-6,549.15,ENA580349849-500MG
CC1=CC(O)=C(C)C(O)=C1,Cc1c(O)c[c:1]([CH3:2])cc1O,[c:1]-[C:2],"[1, 2]","[1, 2]",Cc1c(O)c[cH:1]cc1O,1,[CH4:2],2,hydrogen,3,hydrogen,4,Cc1c(O)cccc1O,608-25-3,60.20,M80407-100G,C,74-82-8,1610.00,463035-24L
CC1=CC(O)=C(C)C(O)=C1,Cc1c(O)c[c:1]([CH3:2])cc1O,[c:1]-[C:2],"[1, 2]","[1, 2]",Cc1c(O)c[cH:1]cc1O,1,[CH4:2],2,hydrogen,3,alcohol,4,Cc1c(O)cccc1O,608-25-3,60.20,M80407-100G,CO,67-56-1,30.20,M3641-500ML
CC1=CC(O)=C(C)C(O)=C1,Cc1c(O)c[c:1]([CH3:2])cc1O,[c:1]-[C:2],"[1, 2]","[1, 2]",Cc1c(O)c[cH:1]cc1O,1,[CH4:2],2,hydrogen,3,amine,4,Cc1c(O)cccc1O,608-25-3,60.20,M80407-100G,CN,74-89-5,40.10,534102-250ML
CC1=CC(O)=C(C)C(O)=C1,Cc1c(O)c[c:1]([CH3:2])cc1O,[c:1]-[C:2],"[1, 2]","[1, 2]",Cc1c(O)c[cH:1]cc1O,1,[CH4:2],2,hydrogen,3,acid,4,Cc1c(O)cccc1O,608-25-3,60.20,M80407-100G,CC(=O)O,64-19-7,67.00,W200611-1KG-K
CC1=CC(O)=C(C)C(O)=C1,Cc1c(O)c[c:1]([CH3:2])cc1O,[c:1]-[C:2],"[1, 2]","[1, 2]",Cc1c(O)c[cH:1]cc1O,1,[CH4:2],2,hydrogen,3,chloride,4,Cc1c(O)cccc1O,608-25-3,60.20,M80407-100G,CCl,74-87-3,252.00,294799-200ML
CC1=CC(O)=C(C)C(O)=C1,Cc1c(O)c[c:1]([CH3:2])cc1O,[c:1]-[C:2],"[1, 2]","[1, 2]",Cc1c(O)c[cH:1]cc1O,1,[CH4:2],2,hydrogen,3,bromide,4,Cc1c(O)cccc1O,608-25-3,60.20,M80407-100G,CBr,74-83-9,24.10,48624
CC1=CC(O)=C(C)C(O)=C1,Cc1c(O)c[c:1]([CH3:2])cc1O,[c:1]-[C:2],"[1, 2]","[1, 2]",Cc1c(O)c[cH:1]cc1O,1,[CH4:2],2,hydrogen,3,iodide,4,Cc1c(O)cccc1O,608-25-3,60.20,M80407-100G,CI,74-88-4,112.00,456756-100ML
CC1=CC(O)=C(C)C(O)=C1,Cc1c(O)c[c:1]([CH3:2])cc1O,[c:1]-[C:2],"[1, 2]","[1, 2]",Cc1c(O)c[cH:1]cc1O,1,[CH4:2],2,hydrogen,3,boronate,4,Cc1c(O)cccc1O,608-25-3,60.20,M80407-100G,CB(O)O,13061-96-6,43.80,165336-1G
CC1=CC(O)=C(C)C(O)=C1,Cc1c(O)c[c:1]([CH3:2])cc1O,[c:1]-[C:2],"[1, 2]","[1, 2]",Cc1c(O)c[cH:1]cc1O,1,[CH4:2],2,alcohol,3,hydrogen,4,Cc1c(O)cc(O)cc1O,88-03-9,47.3,SY3H3D67FCFA-250MG,C,74-82-8,1610.00,463035-24L
CC1=CC(O)=C(C)C(O)=C1,Cc1c(O)c[c:1]([CH3:2])cc1O,[c:1]-[C:2],"[1, 2]","[1, 2]",Cc1c(O)c[cH:1]cc1O,1,[CH4:2],2,alcohol,3,alcohol,4,Cc1c(O)cc(O)cc1O,88-03-9,47.3,SY3H3D67FCFA-250MG,CO,67-56-1,30.20,M3641-500ML
CC1=CC(O)=C(C)C(O)=C1,Cc1c(O)c[c:1]([CH3:2])cc1O,[c:1]-[C:2],"[1, 2]","[1, 2]",Cc1c(O)c[cH:1]cc1O,1,[CH4:2],2,alcohol,3,amine,4,Cc1c(O)cc(O)cc1O,88-03-9,47.3,SY3H3D67FCFA-250MG,CN,74-89-5,40.10,534102-250ML
CC1=CC(O)=C(C)C(O)=C1,Cc1c(O)c[c:1]([CH3:2])cc1O,[c:1]-[C:2],"[1, 2]","[1, 2]",Cc1c(O)c[cH:1]cc1O,1,[CH4:2],2,alcohol,3,acid,4,Cc1c(O)cc(O)cc1O,88-03-9,47.3,SY3H3D67FCFA-250MG,CC(=O)O,64-19-7,67.00,W200611-1KG-K
CC1=CC(O)=C(C)C(O)=C1,Cc1c(O)c[c:1]([CH3:2])cc1O,[c:1]-[C:2],"[1, 2]","[1, 2]",Cc1c(O)c[cH:1]cc1O,1,[CH4:2],2,alcohol,3,chloride,4,Cc1c(O)cc(O)cc1O,88-03-9,47.3,SY3H3D67FCFA-250MG,CCl,74-87-3,252.00,294799-200ML
CC1=CC(O)=C(C)C(O)=C1,Cc1c(O)c[c:1]([CH3:2])cc1O,[c:1]-[C:2],"[1, 2]","[1, 2]",Cc1c(O)c[cH:1]cc1O,1,[CH4:2],2,alcohol,3,bromide,4,Cc1c(O)cc(O)cc1O,88-03-9,47.3,SY3H3D67FCFA-250MG,CBr,74-83-9,24.10,48624
CC1=CC(O)=C(C)C(O)=C1,Cc1c(O)c[c:1]([CH3:2])cc1O,[c:1]-[C:2],"[1, 2]","[1, 2]",Cc1c(O)c[cH:1]cc1O,1,[CH4:2],2,alcohol,3,iodide,4,Cc1c(O)cc(O)cc1O,88-03-9,47.3,SY3H3D67FCFA-250MG,CI,74-88-4,112.00,456756-100ML
CC1=CC(O)=C(C)C(O)=C1,Cc1c(O)c[c:1]([CH3:2])cc1O,[c:1]-[C:2],"[1, 2]","[1, 2]",Cc1c(O)c[cH:1]cc1O,1,[CH4:2],2,alcohol,3,boronate,4,Cc1c(O)cc(O)cc1O,88-03-9,47.3,SY3H3D67FCFA-250MG,CB(O)O,13061-96-6,43.80,165336-1G
CC1=CC(O)=C(C)C(O)=C1,Cc1c(O)c[c:1]([CH3:2])cc1O,[c:1]-[C:2],"[1, 2]","[1, 2]",Cc1c(O)c[cH:1]cc1O,1,[CH4:2],2,acid,3,hydrogen,4,Cc1c(O)cc(C(=O)O)cc1O,28026-96-2,31.25,CH6371388395-1G,C,74-82-8,1610.00,463035-24L
CC1=CC(O)=C(C)C(O)=C1,Cc1c(O)c[c:1]([CH3:2])cc1O,[c:1]-[C:2],"[1, 2]","[1, 2]",Cc1c(O)c[cH:1]cc1O,1,[CH4:2],2,acid,3,alcohol,4,Cc1c(O)cc(C(=O)O)cc1O,28026-96-2,31.25,CH6371388395-1G,CO,67-56-1,30.20,M3641-500ML
CC1=CC(O)=C(C)C(O)=C1,Cc1c(O)c[c:1]([CH3:2])cc1O,[c:1]-[C:2],"[1, 2]","[1, 2]",Cc1c(O)c[cH:1]cc1O,1,[CH4:2],2,acid,3,amine,4,Cc1c(O)cc(C(=O)O)cc1O,28026-96-2,31.25,CH6371388395-1G,CN,74-89-5,40.10,534102-250ML
CC1=CC(O)=C(C)C(O)=C1,Cc1c(O)c[c:1]([CH3:2])cc1O,[c:1]-[C:2],"[1, 2]","[1, 2]",Cc1c(O)c[cH:1]cc1O,1,[CH4:2],2,acid,3,acid,4,Cc1c(O)cc(C(=O)O)cc1O,28026-96-2,31.25,CH6371388395-1G,CC(=O)O,64-19-7,67.00,W200611-1KG-K
CC1=CC(O)=C(C)C(O)=C1,Cc1c(O)c[c:1]([CH3:2])cc1O,[c:1]-[C:2],"[1, 2]","[1, 2]",Cc1c(O)c[cH:1]cc1O,1,[CH4:2],2,acid,3,chloride,4,Cc1c(O)cc(C(=O)O)cc1O,28026-96-2,31.25,CH6371388395-1G,CCl,74-87-3,252.00,294799-200ML
CC1=CC(O)=C(C)C(O)=C1,Cc1c(O)c[c:1]([CH3:2])cc1O,[c:1]-[C:2],"[1, 2]","[1, 2]",Cc1c(O)c[cH:1]cc1O,1,[CH4:2],2,acid,3,bromide,4,Cc1c(O)cc(C(=O)O)cc1O,28026-96-2,31.25,CH6371388395-1G,CBr,74-83-9,24.10,48624
CC1=CC(O)=C(C)C(O)=C1,Cc1c(O)c[c:1]([CH3:2])cc1O,[c:1]-[C:2],"[1, 2]","[1, 2]",Cc1c(O)c[cH:1]cc1O,1,[CH4:2],2,acid,3,iodide,4,Cc1c(O)cc(C(=O)O)cc1O,28026-96-2,31.25,CH6371388395-1G,CI,74-88-4,112.00,456756-100ML
CC1=CC(O)=C(C)C(O)=C1,Cc1c(O)c[c:1]([CH3:2])cc1O,[c:1]-[C:2],"[1, 2]","[1, 2]",Cc1c(O)c[cH:1]cc1O,1,[CH4:2],2,acid,3,boronate,4,Cc1c(O)cc(C(=O)O)cc1O,28026-96-2,31.25,CH6371388395-1G,CB(O)O,13061-96-6,43.80,165336-1G
CC1=CC(O)=C(C)C(O)=C1,Cc1cc(O)[c:1]([CH3:2])c(O)c1,[c:1]-[C:2],"[1, 2]","[1, 2]",Cc1cc(O)[cH:1]c(O)c1,1,[CH4:2],2,hydrogen,3,hydrogen,4,Cc1cc(O)cc(O)c1,504-15-4,43.10,447420-5G,C,74-82-8,1610.00,463035-24L
CC1=CC(O)=C(C)C(O)=C1,Cc1cc(O)[c:1]([CH3:2])c(O)c1,[c:1]-[C:2],"[1, 2]","[1, 2]",Cc1cc(O)[cH:1]c(O)c1,1,[CH4:2],2,hydrogen,3,alcohol,4,Cc1cc(O)cc(O)c1,504-15-4,43.10,447420-5G,CO,67-56-1,30.20,M3641-500ML
CC1=CC(O)=C(C)C(O)=C1,Cc1cc(O)[c:1]([CH3:2])c(O)c1,[c:1]-[C:2],"[1, 2]","[1, 2]",Cc1cc(O)[cH:1]c(O)c1,1,[CH4:2],2,hydrogen,3,amine,4,Cc1cc(O)cc(O)c1,504-15-4,43.10,447420-5G,CN,74-89-5,40.10,534102-250ML
CC1=CC(O)=C(C)C(O)=C1,Cc1cc(O)[c:1]([CH3:2])c(O)c1,[c:1]-[C:2],"[1, 2]","[1, 2]",Cc1cc(O)[cH:1]c(O)c1,1,[CH4:2],2,hydrogen,3,acid,4,Cc1cc(O)cc(O)c1,504-15-4,43.10,447420-5G,CC(=O)O,64-19-7,67.00,W200611-1KG-K
CC1=CC(O)=C(C)C(O)=C1,Cc1cc(O)[c:1]([CH3:2])c(O)c1,[c:1]-[C:2],"[1, 2]","[1, 2]",Cc1cc(O)[cH:1]c(O)c1,1,[CH4:2],2,hydrogen,3,chloride,4,Cc1cc(O)cc(O)c1,504-15-4,43.10,447420-5G,CCl,74-87-3,252.00,294799-200ML
CC1=CC(O)=C(C)C(O)=C1,Cc1cc(O)[c:1]([CH3:2])c(O)c1,[c:1]-[C:2],"[1, 2]","[1, 2]",Cc1cc(O)[cH:1]c(O)c1,1,[CH4:2],2,hydrogen,3,bromide,4,Cc1cc(O)cc(O)c1,504-15-4,43.10,447420-5G,CBr,74-83-9,24.10,48624
CC1=CC(O)=C(C)C(O)=C1,Cc1cc(O)[c:1]([CH3:2])c(O)c1,[c:1]-[C:2],"[1, 2]","[1, 2]",Cc1cc(O)[cH:1]c(O)c1,1,[CH4:2],2,hydrogen,3,iodide,4,Cc1cc(O)cc(O)c1,504-15-4,43.10,447420-5G,CI,74-88-4,112.00,456756-100ML
CC1=CC(O)=C(C)C(O)=C1,Cc1cc(O)[c:1]([CH3:2])c(O)c1,[c:1]-[C:2],"[1, 2]","[1, 2]",Cc1cc(O)[cH:1]c(O)c1,1,[CH4:2],2,hydrogen,3,boronate,4,Cc1cc(O)cc(O)c1,504-15-4,43.10,447420-5G,CB(O)O,13061-96-6,43.80,165336-1G
CC1=CC(O)=C(C)C(O)=C1,Cc1cc(O)[c:1]([CH3:2])c(O)c1,[c:1]-[C:2],"[1, 2]","[1, 2]",Cc1cc(O)[cH:1]c(O)c1,1,[CH4:2],2,alcohol,3,hydrogen,4,Cc1cc(O)c(O)c(O)c1,609-25-6,350,COM448667163-100MG,C,74-82-8,1610.00,463035-24L
CC1=CC(O)=C(C)C(O)=C1,Cc1cc(O)[c:1]([CH3:2])c(O)c1,[c:1]-[C:2],"[1, 2]","[1, 2]",Cc1cc(O)[cH:1]c(O)c1,1,[CH4:2],2,alcohol,3,alcohol,4,Cc1cc(O)c(O)c(O)c1,609-25-6,350,COM448667163-100MG,CO,67-56-1,30.20,M3641-500ML
CC1=CC(O)=C(C)C(O)=C1,Cc1cc(O)[c:1]([CH3:2])c(O)c1,[c:1]-[C:2],"[1, 2]","[1, 2]",Cc1cc(O)[cH:1]c(O)c1,1,[CH4:2],2,alcohol,3,amine,4,Cc1cc(O)c(O)c(O)c1,609-25-6,350,COM448667163-100MG,CN,74-89-5,40.10,534102-250ML
CC1=CC(O)=C(C)C(O)=C1,Cc1cc(O)[c:1]([CH3:2])c(O)c1,[c:1]-[C:2],"[1, 2]","[1, 2]",Cc1cc(O)[cH:1]c(O)c1,1,[CH4:2],2,alcohol,3,acid,4,Cc1cc(O)c(O)c(O)c1,609-25-6,350,COM448667163-100MG,CC(=O)O,64-19-7,67.00,W200611-1KG-K
CC1=CC(O)=C(C)C(O)=C1,Cc1cc(O)[c:1]([CH3:2])c(O)c1,[c:1]-[C:2],"[1, 2]","[1, 2]",Cc1cc(O)[cH:1]c(O)c1,1,[CH4:2],2,alcohol,3,chloride,4,Cc1cc(O)c(O)c(O)c1,609-25-6,350,COM448667163-100MG,CCl,74-87-3,252.00,294799-200ML
CC1=CC(O)=C(C)C(O)=C1,Cc1cc(O)[c:1]([CH3:2])c(O)c1,[c:1]-[C:2],"[1, 2]","[1, 2]",Cc1cc(O)[cH:1]c(O)c1,1,[CH4:2],2,alcohol,3,bromide,4,Cc1cc(O)c(O)c(O)c1,609-25-6,350,COM448667163-100MG,CBr,74-83-9,24.10,48624
CC1=CC(O)=C(C)C(O)=C1,Cc1cc(O)[c:1]([CH3:2])c(O)c1,[c:1]-[C:2],"[1, 2]","[1, 2]",Cc1cc(O)[cH:1]c(O)c1,1,[CH4:2],2,alcohol,3,iodide,4,Cc1cc(O)c(O)c(O)c1,609-25-6,350,COM448667163-100MG,CI,74-88-4,112.00,456756-100ML
CC1=CC(O)=C(C)C(O)=C1,Cc1cc(O)[c:1]([CH3:2])c(O)c1,[c:1]-[C:2],"[1, 2]","[1, 2]",Cc1cc(O)[cH:1]c(O)c1,1,[CH4:2],2,alcohol,3,boronate,4,Cc1cc(O)c(O)c(O)c1,609-25-6,350,COM448667163-100MG,CB(O)O,13061-96-6,43.80,165336-1G
CC1=CC(O)=C(C)C(O)=C1,Cc1cc(O)[c:1]([CH3:2])c(O)c1,[c:1]-[C:2],"[1, 2]","[1, 2]",Cc1cc(O)[cH:1]c(O)c1,1,[CH4:2],2,acid,3,hydrogen,4,Cc1cc(O)c(C(=O)O)c(O)c1,480-67-1,505.2,KEY128004238-10G,C,74-82-8,1610.00,463035-24L
CC1=CC(O)=C(C)C(O)=C1,Cc1cc(O)[c:1]([CH3:2])c(O)c1,[c:1]-[C:2],"[1, 2]","[1, 2]",Cc1cc(O)[cH:1]c(O)c1,1,[CH4:2],2,acid,3,alcohol,4,Cc1cc(O)c(C(=O)O)c(O)c1,480-67-1,505.2,KEY128004238-10G,CO,67-56-1,30.20,M3641-500ML
CC1=CC(O)=C(C)C(O)=C1,Cc1cc(O)[c:1]([CH3:2])c(O)c1,[c:1]-[C:2],"[1, 2]","[1, 2]",Cc1cc(O)[cH:1]c(O)c1,1,[CH4:2],2,acid,3,amine,4,Cc1cc(O)c(C(=O)O)c(O)c1,480-67-1,505.2,KEY128004238-10G,CN,74-89-5,40.10,534102-250ML
CC1=CC(O)=C(C)C(O)=C1,Cc1cc(O)[c:1]([CH3:2])c(O)c1,[c:1]-[C:2],"[1, 2]","[1, 2]",Cc1cc(O)[cH:1]c(O)c1,1,[CH4:2],2,acid,3,acid,4,Cc1cc(O)c(C(=O)O)c(O)c1,480-67-1,505.2,KEY128004238-10G,CC(=O)O,64-19-7,67.00,W200611-1KG-K
CC1=CC(O)=C(C)C(O)=C1,Cc1cc(O)[c:1]([CH3:2])c(O)c1,[c:1]-[C:2],"[1, 2]","[1, 2]",Cc1cc(O)[cH:1]c(O)c1,1,[CH4:2],2,acid,3,chloride,4,Cc1cc(O)c(C(=O)O)c(O)c1,480-67-1,505.2,KEY128004238-10G,CCl,74-87-3,252.00,294799-200ML
CC1=CC(O)=C(C)C(O)=C1,Cc1cc(O)[c:1]([CH3:2])c(O)c1,[c:1]-[C:2],"[1, 2]","[1, 2]",Cc1cc(O)[cH:1]c(O)c1,1,[CH4:2],2,acid,3,bromide,4,Cc1cc(O)c(C(=O)O)c(O)c1,480-67-1,505.2,KEY128004238-10G,CBr,74-83-9,24.10,48624
CC1=CC(O)=C(C)C(O)=C1,Cc1cc(O)[c:1]([CH3:2])c(O)c1,[c:1]-[C:2],"[1, 2]","[1, 2]",Cc1cc(O)[cH:1]c(O)c1,1,[CH4:2],2,acid,3,iodide,4,Cc1cc(O)c(C(=O)O)c(O)c1,480-67-1,505.2,KEY128004238-10G,CI,74-88-4,112.00,456756-100ML
CC1=CC(O)=C(C)C(O)=C1,Cc1cc(O)[c:1]([CH3:2])c(O)c1,[c:1]-[C:2],"[1, 2]","[1, 2]",Cc1cc(O)[cH:1]c(O)c1,1,[CH4:2],2,acid,3,boronate,4,Cc1cc(O)c(C(=O)O)c(O)c1,480-67-1,505.2,KEY128004238-10G,CB(O)O,13061-96-6,43.80,165336-1G
CC1=CC(O)=C(C)C(O)=C1,Cc1cc(O)c(C)[c:1]([OH:2])c1,[c:1]-[O:2],"[1, 2]","[1, 2]",Cc1cc(O)c(C)[cH:1]c1,1,[OH2:2],2,hydrogen,3,hydrogen,4,Cc1ccc(C)c(O)c1,95-87-4,26.20,D174602-5G,O,7732-18-5,12.30,W3500-100ML
CC1=CC(O)=C(C)C(O)=C1,Cc1cc(O)c(C)[c:1]([OH:2])c1,[c:1]-[O:2],"[1, 2]","[1, 2]",Cc1cc(O)c(C)[cH:1]c1,1,[OH2:2],2,hydrogen,3,alcohol,4,Cc1ccc(C)c(O)c1,95-87-4,26.20,D174602-5G,OO,7722-84-1,45.20,H1009-5ML
CC1=CC(O)=C(C)C(O)=C1,Cc1cc(O)c(C)[c:1]([OH:2])c1,[c:1]-[O:2],"[1, 2]","[1, 2]",Cc1cc(O)c(C)[cH:1]c1,1,[OH2:2],2,hydrogen,3,amine,4,Cc1ccc(C)c(O)c1,95-87-4,26.20,D174602-5G,NO,7803-49-8,42.80,467804-10ML
CC1=CC(O)=C(C)C(O)=C1,Cc1cc(O)c(C)[c:1]([OH:2])c1,[c:1]-[O:2],"[1, 2]","[1, 2]",Cc1cc(O)c(C)[cH:1]c1,1,[OH2:2],2,hydrogen,3,boronate,4,Cc1ccc(C)c(O)c1,95-87-4,26.20,D174602-5G,OB(O)O,10043-35-3,55.30,B6768-500G
CC1=CC(O)=C(C)C(O)=C1,Cc1cc(O)c(C)[c:1]([OH:2])c1,[c:1]-[O:2],"[1, 2]","[1, 2]",Cc1cc(O)c(C)[cH:1]c1,1,[OH2:2],2,alcohol,3,hydrogen,4,Cc1cc(O)c(C)c(O)c1,488-87-9,80.30,378275-1G,O,7732-18-5,12.30,W3500-100ML
CC1=CC(O)=C(C)C(O)=C1,Cc1cc(O)c(C)[c:1]([OH:2])c1,[c:1]-[O:2],"[1, 2]","[1, 2]",Cc1cc(O)c(C)[cH:1]c1,1,[OH2:2],2,alcohol,3,alcohol,4,Cc1cc(O)c(C)c(O)c1,488-87-9,80.30,378275-1G,OO,7722-84-1,45.20,H1009-5ML
CC1=CC(O)=C(C)C(O)=C1,Cc1cc(O)c(C)[c:1]([OH:2])c1,[c:1]-[O:2],"[1, 2]","[1, 2]",Cc1cc(O)c(C)[cH:1]c1,1,[OH2:2],2,alcohol,3,amine,4,Cc1cc(O)c(C)c(O)c1,488-87-9,80.30,378275-1G,NO,7803-49-8,42.80,467804-10ML
CC1=CC(O)=C(C)C(O)=C1,Cc1cc(O)c(C)[c:1]([OH:2])c1,[c:1]-[O:2],"[1, 2]","[1, 2]",Cc1cc(O)c(C)[cH:1]c1,1,[OH2:2],2,alcohol,3,boronate,4,Cc1cc(O)c(C)c(O)c1,488-87-9,80.30,378275-1G,OB(O)O,10043-35-3,55.30,B6768-500G
CC1=CC(C)=C(C(C)(C)C)O1,Cc1cc(C)[c:1]([C:2](C)(C)C)o1,[c:1]-[C:2],"[1, 2]","[1, 2]",Cc1cc(C)[cH:1]o1,1,C[CH:2](C)C,2,acid,3,hydrogen,4,Cc1cc(C)c(C(=O)O)o1,,108.00,PH014459-100MG,CC(C)C,75-28-5,506.00,539821-170G
CC1=CC(C)=C(C(C)(C)C)O1,Cc1cc(C)[c:1]([C:2](C)(C)C)o1,[c:1]-[C:2],"[1, 2]","[1, 2]",Cc1cc(C)[cH:1]o1,1,C[CH:2](C)C,2,acid,3,alcohol,4,Cc1cc(C)c(C(=O)O)o1,,108.00,PH014459-100MG,CC(C)(C)O,75-65-0,64.00,471712-100ML
CC1=CC(C)=C(C(C)(C)C)O1,Cc1cc(C)[c:1]([C:2](C)(C)C)o1,[c:1]-[C:2],"[1, 2]","[1, 2]",Cc1cc(C)[cH:1]o1,1,C[CH:2](C)C,2,acid,3,amine,4,Cc1cc(C)c(C(=O)O)o1,,108.00,PH014459-100MG,CC(C)(C)N,75-64-9,18.10,B89205-5ML
CC1=CC(C)=C(C(C)(C)C)O1,Cc1cc(C)[c:1]([C:2](C)(C)C)o1,[c:1]-[C:2],"[1, 2]","[1, 2]",Cc1cc(C)[cH:1]o1,1,C[CH:2](C)C,2,acid,3,acid,4,Cc1cc(C)c(C(=O)O)o1,,108.00,PH014459-100MG,CC(C)(C)C(=O)O,75-98-9,21.10,T71803-5ML
CC1=CC(C)=C(C(C)(C)C)O1,Cc1cc(C)[c:1]([C:2](C)(C)C)o1,[c:1]-[C:2],"[1, 2]","[1, 2]",Cc1cc(C)[cH:1]o1,1,C[CH:2](C)C,2,acid,3,chloride,4,Cc1cc(C)c(C(=O)O)o1,,108.00,PH014459-100MG,CC(C)(C)Cl,507-20-0,27.10,C56352-25ML
CC1=CC(C)=C(C(C)(C)C)O1,Cc1cc(C)[c:1]([C:2](C)(C)C)o1,[c:1]-[C:2],"[1, 2]","[1, 2]",Cc1cc(C)[cH:1]o1,1,C[CH:2](C)C,2,acid,3,bromide,4,Cc1cc(C)c(C(=O)O)o1,,108.00,PH014459-100MG,CC(C)(C)Br,507-19-7,29.50,135615-5G
CC1=CC(C)=C(C(C)(C)C)O1,Cc1cc(C)[c:1]([C:2](C)(C)C)o1,[c:1]-[C:2],"[1, 2]","[1, 2]",Cc1cc(C)[cH:1]o1,1,C[CH:2](C)C,2,acid,3,iodide,4,Cc1cc(C)c(C(=O)O)o1,,108.00,PH014459-100MG,CC(C)(C)I,558-17-8,78.00,245798-25G
CCNCCOC1=CC=CC2=C1OCCO2,CCNCC[O:2][c:1]1cccc2c1OCCO2,[c:1]-[O:2],"[1, 2]","[1, 2]",c1cc2c([cH:1]c1)OCCO2,1,CCNCC[OH:2],2,hydrogen,3,hydrogen,4,c1ccc2c(c1)OCCO2,493-09-4,174.00,179000-50G,CCNCCO,110-73-6,20.20,471461-100ML
CCNCCOC1=CC=CC2=C1OCCO2,CCNCC[O:2][c:1]1cccc2c1OCCO2,[c:1]-[O:2],"[1, 2]","[1, 2]",c1cc2c([cH:1]c1)OCCO2,1,CCNCC[OH:2],2,alcohol,3,hydrogen,4,Oc1cccc2c1OCCO2,,55.10,CDS019999-100MG,CCNCCO,110-73-6,20.20,471461-100ML
CCNCCOC1=CC=CC2=C1OCCO2,CCNCC[O:2][c:1]1cccc2c1OCCO2,[c:1]-[O:2],"[1, 2]","[1, 2]",c1cc2c([cH:1]c1)OCCO2,1,CCNCC[OH:2],2,amine,3,hydrogen,4,Nc1cccc2c1OCCO2,16081-45-1,93.5,SY3371477489-1G,CCNCCO,110-73-6,20.20,471461-100ML
CCNCCOC1=CC=CC2=C1OCCO2,CCNCC[O:2][c:1]1cccc2c1OCCO2,[c:1]-[O:2],"[1, 2]","[1, 2]",c1cc2c([cH:1]c1)OCCO2,1,CCNCC[OH:2],2,acid,3,hydrogen,4,O=C(O)c1cccc2c1OCCO2,4442-53-9,118.00,563331-5G,CCNCCO,110-73-6,20.20,471461-100ML
CCNCCOC1=CC=CC2=C1OCCO2,CCNCC[O:2][c:1]1cccc2c1OCCO2,[c:1]-[O:2],"[1, 2]","[1, 2]",c1cc2c([cH:1]c1)OCCO2,1,CCNCC[OH:2],2,boronate,3,hydrogen,4,OB(O)c1cccc2c1OCCO2,499769-88-9,1684.1,AMBH2D700280-5G,CCNCCO,110-73-6,20.20,471461-100ML
CCNCCOC1=CC=CC2=C1OCCO2,CC[NH:2][CH2:1]COc1cccc2c1OCCO2,[C:1]-[N:2],"[1, 2]","[1, 2]",c1cc2c(c(OC[CH3:1])c1)OCCO2,1,CC[NH2:2],2,bromide,3,hydrogen,4,BrCCOc1cccc2c1OCCO2,1710-62-9,275,COM448660063-1G,CCN,75-04-7,20.70,471208-100ML
CCNCCOC1=CC=CC2=C1OCCO2,CCNC[CH2:1][O:2]c1cccc2c1OCCO2,[C:1]-[O:2],"[1, 2]","[1, 2]",CCNC[CH3:1],1,c1cc2c(c([OH:2])c1)OCCO2,2,hydrogen,3,hydrogen,4,CCNCC,109-89-7,57.00,D0806-250ML,Oc1cccc2c1OCCO2,,55.10,CDS019999-100MG
CCNCCOC1=CC=CC2=C1OCCO2,CCNC[CH2:1][O:2]c1cccc2c1OCCO2,[C:1]-[O:2],"[1, 2]","[1, 2]",CCNC[CH3:1],1,c1cc2c(c([OH:2])c1)OCCO2,2,alcohol,3,hydrogen,4,CCNCCO,110-73-6,20.20,471461-100ML,Oc1cccc2c1OCCO2,,55.10,CDS019999-100MG
CCNCCOC1=CC=CC2=C1OCCO2,CCNC[CH2:1][O:2]c1cccc2c1OCCO2,[C:1]-[O:2],"[1, 2]","[1, 2]",CCNC[CH3:1],1,c1cc2c(c([OH:2])c1)OCCO2,2,amine,3,hydrogen,4,CCNCCN,110-72-5,75.80,127000-25G,Oc1cccc2c1OCCO2,,55.10,CDS019999-100MG
CCN1C2=CC=CC=C2C2=NN=C(SCC(=O)NC(C)(C)CC)N=C21,CCn1c2ccccc2c2nnc(S[CH2:1][C:2](=O)NC(C)(C)CC)nc21,[C:1]-[C:2],"[1, 2]","[1, 2]",CCn1c2ccccc2c2nnc(S[CH3:1])nc21,1,CCC(C)(C)N[CH:2]=O,2,acid,3,acid,4,CCn1c2ccccc2c2nnc(SCC(=O)O)nc21,337489-46-0,70.4,CH4017894201-250MG,CCC(C)(C)NC(=O)C(=O)O,1015846-69-1,146.3,CH4182076759-5G
CCN1C2=CC=CC=C2C2=NN=C(SCC(=O)NC(C)(C)CC)N=C21,CCn1c2ccccc2c2nnc([S:2][CH2:1]C(=O)NC(C)(C)CC)nc21,[C:1]-[S:2],"[1, 2]","[1, 2]",CCC(C)(C)NC(=O)[CH3:1],1,CCn1c2ccccc2c2nnc([SH:2])nc21,2,chloride,3,hydrogen,4,CCC(C)(C)NC(=O)CCl,39096-81-6,30.45,ENA090493035-250MG,CCn1c2ccccc2c2nnc(S)nc21,36047-55-9,37.8,ENA024296033-100MG
NCCC1=CC=C(O)C=C1,NC[CH2:2][c:1]1ccc(O)cc1,[c:1]-[C:2],"[1, 2]","[1, 2]",Oc1cc[cH:1]cc1,1,NC[CH3:2],2,hydrogen,3,hydrogen,4,Oc1ccccc1,108-95-2,66.00,901590-25ML,CCN,75-04-7,20.70,471208-100ML
NCCC1=CC=C(O)C=C1,NC[CH2:2][c:1]1ccc(O)cc1,[c:1]-[C:2],"[1, 2]","[1, 2]",Oc1cc[cH:1]cc1,1,NC[CH3:2],2,hydrogen,3,alcohol,4,Oc1ccccc1,108-95-2,66.00,901590-25ML,NCCO,141-43-5,42.90,E0135-100ML
NCCC1=CC=C(O)C=C1,NC[CH2:2][c:1]1ccc(O)cc1,[c:1]-[C:2],"[1, 2]","[1, 2]",Oc1cc[cH:1]cc1,1,NC[CH3:2],2,hydrogen,3,amine,4,Oc1ccccc1,108-95-2,66.00,901590-25ML,NCCN,107-15-3,49.50,E1521-250ML
NCCC1=CC=C(O)C=C1,NC[CH2:2][c:1]1ccc(O)cc1,[c:1]-[C:2],"[1, 2]","[1, 2]",Oc1cc[cH:1]cc1,1,NC[CH3:2],2,hydrogen,3,acid,4,Oc1ccccc1,108-95-2,66.00,901590-25ML,NCCC(=O)O,107-95-9,24.50,A9920-10MG
NCCC1=CC=C(O)C=C1,NC[CH2:2][c:1]1ccc(O)cc1,[c:1]-[C:2],"[1, 2]","[1, 2]",Oc1cc[cH:1]cc1,1,NC[CH3:2],2,hydrogen,3,chloride,4,Oc1ccccc1,108-95-2,66.00,901590-25ML,NCCCl,870-24-6,252.83,FRO048768162-5G
NCCC1=CC=C(O)C=C1,NC[CH2:2][c:1]1ccc(O)cc1,[c:1]-[C:2],"[1, 2]","[1, 2]",Oc1cc[cH:1]cc1,1,NC[CH3:2],2,alcohol,3,hydrogen,4,Oc1ccc(O)cc1,123-31-9,26.30,H9003-100G,CCN,75-04-7,20.70,471208-100ML
NCCC1=CC=C(O)C=C1,NC[CH2:2][c:1]1ccc(O)cc1,[c:1]-[C:2],"[1, 2]","[1, 2]",Oc1cc[cH:1]cc1,1,NC[CH3:2],2,alcohol,3,alcohol,4,Oc1ccc(O)cc1,123-31-9,26.30,H9003-100G,NCCO,141-43-5,42.90,E0135-100ML
NCCC1=CC=C(O)C=C1,NC[CH2:2][c:1]1ccc(O)cc1,[c:1]-[C:2],"[1, 2]","[1, 2]",Oc1cc[cH:1]cc1,1,NC[CH3:2],2,alcohol,3,amine,4,Oc1ccc(O)cc1,123-31-9,26.30,H9003-100G,NCCN,107-15-3,49.50,E1521-250ML
NCCC1=CC=C(O)C=C1,NC[CH2:2][c:1]1ccc(O)cc1,[c:1]-[C:2],"[1, 2]","[1, 2]",Oc1cc[cH:1]cc1,1,NC[CH3:2],2,alcohol,3,acid,4,Oc1ccc(O)cc1,123-31-9,26.30,H9003-100G,NCCC(=O)O,107-95-9,24.50,A9920-10MG
NCCC1=CC=C(O)C=C1,NC[CH2:2][c:1]1ccc(O)cc1,[c:1]-[C:2],"[1, 2]","[1, 2]",Oc1cc[cH:1]cc1,1,NC[CH3:2],2,alcohol,3,chloride,4,Oc1ccc(O)cc1,123-31-9,26.30,H9003-100G,NCCCl,870-24-6,252.83,FRO048768162-5G
NCCC1=CC=C(O)C=C1,NC[CH2:2][c:1]1ccc(O)cc1,[c:1]-[C:2],"[1, 2]","[1, 2]",Oc1cc[cH:1]cc1,1,NC[CH3:2],2,amine,3,hydrogen,4,Nc1ccc(O)cc1,123-30-8,21.90,A71328-5G,CCN,75-04-7,20.70,471208-100ML
NCCC1=CC=C(O)C=C1,NC[CH2:2][c:1]1ccc(O)cc1,[c:1]-[C:2],"[1, 2]","[1, 2]",Oc1cc[cH:1]cc1,1,NC[CH3:2],2,amine,3,alcohol,4,Nc1ccc(O)cc1,123-30-8,21.90,A71328-5G,NCCO,141-43-5,42.90,E0135-100ML
NCCC1=CC=C(O)C=C1,NC[CH2:2][c:1]1ccc(O)cc1,[c:1]-[C:2],"[1, 2]","[1, 2]",Oc1cc[cH:1]cc1,1,NC[CH3:2],2,amine,3,amine,4,Nc1ccc(O)cc1,123-30-8,21.90,A71328-5G,NCCN,107-15-3,49.50,E1521-250ML
NCCC1=CC=C(O)C=C1,NC[CH2:2][c:1]1ccc(O)cc1,[c:1]-[C:2],"[1, 2]","[1, 2]",Oc1cc[cH:1]cc1,1,NC[CH3:2],2,amine,3,acid,4,Nc1ccc(O)cc1,123-30-8,21.90,A71328-5G,NCCC(=O)O,107-95-9,24.50,A9920-10MG
NCCC1=CC=C(O)C=C1,NC[CH2:2][c:1]1ccc(O)cc1,[c:1]-[C:2],"[1, 2]","[1, 2]",Oc1cc[cH:1]cc1,1,NC[CH3:2],2,amine,3,chloride,4,Nc1ccc(O)cc1,123-30-8,21.90,A71328-5G,NCCCl,870-24-6,252.83,FRO048768162-5G
NCCC1=CC=C(O)C=C1,NC[CH2:2][c:1]1ccc(O)cc1,[c:1]-[C:2],"[1, 2]","[1, 2]",Oc1cc[cH:1]cc1,1,NC[CH3:2],2,acid,3,hydrogen,4,O=C(O)c1ccc(O)cc1,99-96-7,25.80,H20059-100G,CCN,75-04-7,20.70,471208-100ML
NCCC1=CC=C(O)C=C1,NC[CH2:2][c:1]1ccc(O)cc1,[c:1]-[C:2],"[1, 2]","[1, 2]",Oc1cc[cH:1]cc1,1,NC[CH3:2],2,acid,3,alcohol,4,O=C(O)c1ccc(O)cc1,99-96-7,25.80,H20059-100G,NCCO,141-43-5,42.90,E0135-100ML
NCCC1=CC=C(O)C=C1,NC[CH2:2][c:1]1ccc(O)cc1,[c:1]-[C:2],"[1, 2]","[1, 2]",Oc1cc[cH:1]cc1,1,NC[CH3:2],2,acid,3,amine,4,O=C(O)c1ccc(O)cc1,99-96-7,25.80,H20059-100G,NCCN,107-15-3,49.50,E1521-250ML
NCCC1=CC=C(O)C=C1,NC[CH2:2][c:1]1ccc(O)cc1,[c:1]-[C:2],"[1, 2]","[1, 2]",Oc1cc[cH:1]cc1,1,NC[CH3:2],2,acid,3,acid,4,O=C(O)c1ccc(O)cc1,99-96-7,25.80,H20059-100G,NCCC(=O)O,107-95-9,24.50,A9920-10MG
NCCC1=CC=C(O)C=C1,NC[CH2:2][c:1]1ccc(O)cc1,[c:1]-[C:2],"[1, 2]","[1, 2]",Oc1cc[cH:1]cc1,1,NC[CH3:2],2,acid,3,chloride,4,O=C(O)c1ccc(O)cc1,99-96-7,25.80,H20059-100G,NCCCl,870-24-6,252.83,FRO048768162-5G
NCCC1=CC=C(O)C=C1,NC[CH2:2][c:1]1ccc(O)cc1,[c:1]-[C:2],"[1, 2]","[1, 2]",Oc1cc[cH:1]cc1,1,NC[CH3:2],2,chloride,3,hydrogen,4,Oc1ccc(Cl)cc1,106-48-9,16.30,35826-1G,CCN,75-04-7,20.70,471208-100ML
NCCC1=CC=C(O)C=C1,NC[CH2:2][c:1]1ccc(O)cc1,[c:1]-[C:2],"[1, 2]","[1, 2]",Oc1cc[cH:1]cc1,1,NC[CH3:2],2,chloride,3,alcohol,4,Oc1ccc(Cl)cc1,106-48-9,16.30,35826-1G,NCCO,141-43-5,42.90,E0135-100ML
NCCC1=CC=C(O)C=C1,NC[CH2:2][c:1]1ccc(O)cc1,[c:1]-[C:2],"[1, 2]","[1, 2]",Oc1cc[cH:1]cc1,1,NC[CH3:2],2,chloride,3,amine,4,Oc1ccc(Cl)cc1,106-48-9,16.30,35826-1G,NCCN,107-15-3,49.50,E1521-250ML
NCCC1=CC=C(O)C=C1,NC[CH2:2][c:1]1ccc(O)cc1,[c:1]-[C:2],"[1, 2]","[1, 2]",Oc1cc[cH:1]cc1,1,NC[CH3:2],2,chloride,3,acid,4,Oc1ccc(Cl)cc1,106-48-9,16.30,35826-1G,NCCC(=O)O,107-95-9,24.50,A9920-10MG
NCCC1=CC=C(O)C=C1,NC[CH2:2][c:1]1ccc(O)cc1,[c:1]-[C:2],"[1, 2]","[1, 2]",Oc1cc[cH:1]cc1,1,NC[CH3:2],2,chloride,3,chloride,4,Oc1ccc(Cl)cc1,106-48-9,16.30,35826-1G,NCCCl,870-24-6,252.83,FRO048768162-5G
NCCC1=CC=C(O)C=C1,NC[CH2:2][c:1]1ccc(O)cc1,[c:1]-[C:2],"[1, 2]","[1, 2]",Oc1cc[cH:1]cc1,1,NC[CH3:2],2,bromide,3,hydrogen,4,Oc1ccc(Br)cc1,106-41-2,29.90,B75808-5G,CCN,75-04-7,20.70,471208-100ML
NCCC1=CC=C(O)C=C1,NC[CH2:2][c:1]1ccc(O)cc1,[c:1]-[C:2],"[1, 2]","[1, 2]",Oc1cc[cH:1]cc1,1,NC[CH3:2],2,bromide,3,alcohol,4,Oc1ccc(Br)cc1,106-41-2,29.90,B75808-5G,NCCO,141-43-5,42.90,E0135-100ML
NCCC1=CC=C(O)C=C1,NC[CH2:2][c:1]1ccc(O)cc1,[c:1]-[C:2],"[1, 2]","[1, 2]",Oc1cc[cH:1]cc1,1,NC[CH3:2],2,bromide,3,amine,4,Oc1ccc(Br)cc1,106-41-2,29.90,B75808-5G,NCCN,107-15-3,49.50,E1521-250ML
NCCC1=CC=C(O)C=C1,NC[CH2:2][c:1]1ccc(O)cc1,[c:1]-[C:2],"[1, 2]","[1, 2]",Oc1cc[cH:1]cc1,1,NC[CH3:2],2,bromide,3,acid,4,Oc1ccc(Br)cc1,106-41-2,29.90,B75808-5G,NCCC(=O)O,107-95-9,24.50,A9920-10MG
NCCC1=CC=C(O)C=C1,NC[CH2:2][c:1]1ccc(O)cc1,[c:1]-[C:2],"[1, 2]","[1, 2]",Oc1cc[cH:1]cc1,1,NC[CH3:2],2,bromide,3,chloride,4,Oc1ccc(Br)cc1,106-41-2,29.90,B75808-5G,NCCCl,870-24-6,252.83,FRO048768162-5G
NCCC1=CC=C(O)C=C1,NC[CH2:2][c:1]1ccc(O)cc1,[c:1]-[C:2],"[1, 2]","[1, 2]",Oc1cc[cH:1]cc1,1,NC[CH3:2],2,iodide,3,hydrogen,4,Oc1ccc(I)cc1,540-38-5,39.60,I10201-10G,CCN,75-04-7,20.70,471208-100ML
NCCC1=CC=C(O)C=C1,NC[CH2:2][c:1]1ccc(O)cc1,[c:1]-[C:2],"[1, 2]","[1, 2]",Oc1cc[cH:1]cc1,1,NC[CH3:2],2,iodide,3,alcohol,4,Oc1ccc(I)cc1,540-38-5,39.60,I10201-10G,NCCO,141-43-5,42.90,E0135-100ML
NCCC1=CC=C(O)C=C1,NC[CH2:2][c:1]1ccc(O)cc1,[c:1]-[C:2],"[1, 2]","[1, 2]",Oc1cc[cH:1]cc1,1,NC[CH3:2],2,iodide,3,amine,4,Oc1ccc(I)cc1,540-38-5,39.60,I10201-10G,NCCN,107-15-3,49.50,E1521-250ML
NCCC1=CC=C(O)C=C1,NC[CH2:2][c:1]1ccc(O)cc1,[c:1]-[C:2],"[1, 2]","[1, 2]",Oc1cc[cH:1]cc1,1,NC[CH3:2],2,iodide,3,acid,4,Oc1ccc(I)cc1,540-38-5,39.60,I10201-10G,NCCC(=O)O,107-95-9,24.50,A9920-10MG
NCCC1=CC=C(O)C=C1,NC[CH2:2][c:1]1ccc(O)cc1,[c:1]-[C:2],"[1, 2]","[1, 2]",Oc1cc[cH:1]cc1,1,NC[CH3:2],2,iodide,3,chloride,4,Oc1ccc(I)cc1,540-38-5,39.60,I10201-10G,NCCCl,870-24-6,252.83,FRO048768162-5G
NCCC1=CC=C(O)C=C1,NC[CH2:2][c:1]1ccc(O)cc1,[c:1]-[C:2],"[1, 2]","[1, 2]",Oc1cc[cH:1]cc1,1,NC[CH3:2],2,boronate,3,hydrogen,4,OB(O)c1ccc(O)cc1,71597-85-8,49.80,523976-1G,CCN,75-04-7,20.70,471208-100ML
NCCC1=CC=C(O)C=C1,NC[CH2:2][c:1]1ccc(O)cc1,[c:1]-[C:2],"[1, 2]","[1, 2]",Oc1cc[cH:1]cc1,1,NC[CH3:2],2,boronate,3,alcohol,4,OB(O)c1ccc(O)cc1,71597-85-8,49.80,523976-1G,NCCO,141-43-5,42.90,E0135-100ML
NCCC1=CC=C(O)C=C1,NC[CH2:2][c:1]1ccc(O)cc1,[c:1]-[C:2],"[1, 2]","[1, 2]",Oc1cc[cH:1]cc1,1,NC[CH3:2],2,boronate,3,amine,4,OB(O)c1ccc(O)cc1,71597-85-8,49.80,523976-1G,NCCN,107-15-3,49.50,E1521-250ML
NCCC1=CC=C(O)C=C1,NC[CH2:2][c:1]1ccc(O)cc1,[c:1]-[C:2],"[1, 2]","[1, 2]",Oc1cc[cH:1]cc1,1,NC[CH3:2],2,boronate,3,acid,4,OB(O)c1ccc(O)cc1,71597-85-8,49.80,523976-1G,NCCC(=O)O,107-95-9,24.50,A9920-10MG
NCCC1=CC=C(O)C=C1,NC[CH2:2][c:1]1ccc(O)cc1,[c:1]-[C:2],"[1, 2]","[1, 2]",Oc1cc[cH:1]cc1,1,NC[CH3:2],2,boronate,3,chloride,4,OB(O)c1ccc(O)cc1,71597-85-8,49.80,523976-1G,NCCCl,870-24-6,252.83,FRO048768162-5G
NCCC1=CC=C(O)C=C1,NCCc1cc[c:1]([OH:2])cc1,[c:1]-[O:2],"[1, 2]","[1, 2]",NCCc1cc[cH:1]cc1,1,[OH2:2],2,hydrogen,3,hydrogen,4,NCCc1ccccc1,64-04-0,114.00,407267-100ML,O,7732-18-5,12.30,W3500-100ML
NCCC1=CC=C(O)C=C1,NCCc1cc[c:1]([OH:2])cc1,[c:1]-[O:2],"[1, 2]","[1, 2]",NCCc1cc[cH:1]cc1,1,[OH2:2],2,hydrogen,3,alcohol,4,NCCc1ccccc1,64-04-0,114.00,407267-100ML,OO,7722-84-1,45.20,H1009-5ML
NCCC1=CC=C(O)C=C1,NCCc1cc[c:1]([OH:2])cc1,[c:1]-[O:2],"[1, 2]","[1, 2]",NCCc1cc[cH:1]cc1,1,[OH2:2],2,hydrogen,3,amine,4,NCCc1ccccc1,64-04-0,114.00,407267-100ML,NO,7803-49-8,42.80,467804-10ML
NCCC1=CC=C(O)C=C1,NCCc1cc[c:1]([OH:2])cc1,[c:1]-[O:2],"[1, 2]","[1, 2]",NCCc1cc[cH:1]cc1,1,[OH2:2],2,hydrogen,3,boronate,4,NCCc1ccccc1,64-04-0,114.00,407267-100ML,OB(O)O,10043-35-3,55.30,B6768-500G
NCCC1=CC=C(O)C=C1,NCCc1cc[c:1]([OH:2])cc1,[c:1]-[O:2],"[1, 2]","[1, 2]",NCCc1cc[cH:1]cc1,1,[OH2:2],2,alcohol,3,hydrogen,4,NCCc1ccc(O)cc1,51-67-2,40.00,T90344-5G,O,7732-18-5,12.30,W3500-100ML
NCCC1=CC=C(O)C=C1,NCCc1cc[c:1]([OH:2])cc1,[c:1]-[O:2],"[1, 2]","[1, 2]",NCCc1cc[cH:1]cc1,1,[OH2:2],2,alcohol,3,alcohol,4,NCCc1ccc(O)cc1,51-67-2,40.00,T90344-5G,OO,7722-84-1,45.20,H1009-5ML
NCCC1=CC=C(O)C=C1,NCCc1cc[c:1]([OH:2])cc1,[c:1]-[O:2],"[1, 2]","[1, 2]",NCCc1cc[cH:1]cc1,1,[OH2:2],2,alcohol,3,amine,4,NCCc1ccc(O)cc1,51-67-2,40.00,T90344-5G,NO,7803-49-8,42.80,467804-10ML
NCCC1=CC=C(O)C=C1,NCCc1cc[c:1]([OH:2])cc1,[c:1]-[O:2],"[1, 2]","[1, 2]",NCCc1cc[cH:1]cc1,1,[OH2:2],2,alcohol,3,boronate,4,NCCc1ccc(O)cc1,51-67-2,40.00,T90344-5G,OB(O)O,10043-35-3,55.30,B6768-500G
NCCC1=CC=C(O)C=C1,NCCc1cc[c:1]([OH:2])cc1,[c:1]-[O:2],"[1, 2]","[1, 2]",NCCc1cc[cH:1]cc1,1,[OH2:2],2,chloride,3,hydrogen,4,NCCc1ccc(Cl)cc1,156-41-2,33.40,C65408-5G,O,7732-18-5,12.30,W3500-100ML
NCCC1=CC=C(O)C=C1,NCCc1cc[c:1]([OH:2])cc1,[c:1]-[O:2],"[1, 2]","[1, 2]",NCCc1cc[cH:1]cc1,1,[OH2:2],2,chloride,3,alcohol,4,NCCc1ccc(Cl)cc1,156-41-2,33.40,C65408-5G,OO,7722-84-1,45.20,H1009-5ML
NCCC1=CC=C(O)C=C1,NCCc1cc[c:1]([OH:2])cc1,[c:1]-[O:2],"[1, 2]","[1, 2]",NCCc1cc[cH:1]cc1,1,[OH2:2],2,chloride,3,amine,4,NCCc1ccc(Cl)cc1,156-41-2,33.40,C65408-5G,NO,7803-49-8,42.80,467804-10ML
NCCC1=CC=C(O)C=C1,NCCc1cc[c:1]([OH:2])cc1,[c:1]-[O:2],"[1, 2]","[1, 2]",NCCc1cc[cH:1]cc1,1,[OH2:2],2,chloride,3,boronate,4,NCCc1ccc(Cl)cc1,156-41-2,33.40,C65408-5G,OB(O)O,10043-35-3,55.30,B6768-500G
NCCC1=CC=C(O)C=C1,NCCc1cc[c:1]([OH:2])cc1,[c:1]-[O:2],"[1, 2]","[1, 2]",NCCc1cc[cH:1]cc1,1,[OH2:2],2,bromide,3,hydrogen,4,NCCc1ccc(Br)cc1,73918-56-6,55.30,189308-1G,O,7732-18-5,12.30,W3500-100ML
NCCC1=CC=C(O)C=C1,NCCc1cc[c:1]([OH:2])cc1,[c:1]-[O:2],"[1, 2]","[1, 2]",NCCc1cc[cH:1]cc1,1,[OH2:2],2,bromide,3,alcohol,4,NCCc1ccc(Br)cc1,73918-56-6,55.30,189308-1G,OO,7722-84-1,45.20,H1009-5ML
NCCC1=CC=C(O)C=C1,NCCc1cc[c:1]([OH:2])cc1,[c:1]-[O:2],"[1, 2]","[1, 2]",NCCc1cc[cH:1]cc1,1,[OH2:2],2,bromide,3,amine,4,NCCc1ccc(Br)cc1,73918-56-6,55.30,189308-1G,NO,7803-49-8,42.80,467804-10ML
NCCC1=CC=C(O)C=C1,NCCc1cc[c:1]([OH:2])cc1,[c:1]-[O:2],"[1, 2]","[1, 2]",NCCc1cc[cH:1]cc1,1,[OH2:2],2,bromide,3,boronate,4,NCCc1ccc(Br)cc1,73918-56-6,55.30,189308-1G,OB(O)O,10043-35-3,55.30,B6768-500G
NCCC1=CC=C(O)C=C1,NCCc1cc[c:1]([OH:2])cc1,[c:1]-[O:2],"[1, 2]","[1, 2]",NCCc1cc[cH:1]cc1,1,[OH2:2],2,iodide,3,hydrogen,4,NCCc1ccc(I)cc1,73918-57-7,270.25,ADVH7F380556-1G,O,7732-18-5,12.30,W3500-100ML
NCCC1=CC=C(O)C=C1,NCCc1cc[c:1]([OH:2])cc1,[c:1]-[O:2],"[1, 2]","[1, 2]",NCCc1cc[cH:1]cc1,1,[OH2:2],2,iodide,3,alcohol,4,NCCc1ccc(I)cc1,73918-57-7,270.25,ADVH7F380556-1G,OO,7722-84-1,45.20,H1009-5ML
NCCC1=CC=C(O)C=C1,NCCc1cc[c:1]([OH:2])cc1,[c:1]-[O:2],"[1, 2]","[1, 2]",NCCc1cc[cH:1]cc1,1,[OH2:2],2,iodide,3,amine,4,NCCc1ccc(I)cc1,73918-57-7,270.25,ADVH7F380556-1G,NO,7803-49-8,42.80,467804-10ML
NCCC1=CC=C(O)C=C1,NCCc1cc[c:1]([OH:2])cc1,[c:1]-[O:2],"[1, 2]","[1, 2]",NCCc1cc[cH:1]cc1,1,[OH2:2],2,iodide,3,boronate,4,NCCc1ccc(I)cc1,73918-57-7,270.25,ADVH7F380556-1G,OB(O)O,10043-35-3,55.30,B6768-500G
NCCC1=CC=C(O)C=C1,N[CH2:1][CH2:2]c1ccc(O)cc1,[C:1]-[C:2],"[1, 2]","[1, 2]",N[CH3:1],1,Oc1ccc([CH3:2])cc1,2,hydrogen,3,hydrogen,4,CN,74-89-5,40.10,534102-250ML,Cc1ccc(O)cc1,106-44-5,93.00,W233706-1KG-K
NCCC1=CC=C(O)C=C1,N[CH2:1][CH2:2]c1ccc(O)cc1,[C:1]-[C:2],"[1, 2]","[1, 2]",N[CH3:1],1,Oc1ccc([CH3:2])cc1,2,hydrogen,3,alcohol,4,CN,74-89-5,40.10,534102-250ML,OCc1ccc(O)cc1,623-05-2,126.00,W398705-100G
NCCC1=CC=C(O)C=C1,N[CH2:1][CH2:2]c1ccc(O)cc1,[C:1]-[C:2],"[1, 2]","[1, 2]",N[CH3:1],1,Oc1ccc([CH3:2])cc1,2,hydrogen,3,amine,4,CN,74-89-5,40.10,534102-250ML,NCc1ccc(O)cc1,696-60-6,25.40,776505-5G
NCCC1=CC=C(O)C=C1,N[CH2:1][CH2:2]c1ccc(O)cc1,[C:1]-[C:2],"[1, 2]","[1, 2]",N[CH3:1],1,Oc1ccc([CH3:2])cc1,2,hydrogen,3,acid,4,CN,74-89-5,40.10,534102-250ML,O=C(O)Cc1ccc(O)cc1,156-38-7,21.30,H50004-5G
NCCC1=CC=C(O)C=C1,N[CH2:1][CH2:2]c1ccc(O)cc1,[C:1]-[C:2],"[1, 2]","[1, 2]",N[CH3:1],1,Oc1ccc([CH3:2])cc1,2,acid,3,hydrogen,4,NCC(=O)O,56-40-6,36.30,G8790-100G,Cc1ccc(O)cc1,106-44-5,93.00,W233706-1KG-K
NCCC1=CC=C(O)C=C1,N[CH2:1][CH2:2]c1ccc(O)cc1,[C:1]-[C:2],"[1, 2]","[1, 2]",N[CH3:1],1,Oc1ccc([CH3:2])cc1,2,acid,3,alcohol,4,NCC(=O)O,56-40-6,36.30,G8790-100G,OCc1ccc(O)cc1,623-05-2,126.00,W398705-100G
NCCC1=CC=C(O)C=C1,N[CH2:1][CH2:2]c1ccc(O)cc1,[C:1]-[C:2],"[1, 2]","[1, 2]",N[CH3:1],1,Oc1ccc([CH3:2])cc1,2,acid,3,amine,4,NCC(=O)O,56-40-6,36.30,G8790-100G,NCc1ccc(O)cc1,696-60-6,25.40,776505-5G
NCCC1=CC=C(O)C=C1,N[CH2:1][CH2:2]c1ccc(O)cc1,[C:1]-[C:2],"[1, 2]","[1, 2]",N[CH3:1],1,Oc1ccc([CH3:2])cc1,2,acid,3,acid,4,NCC(=O)O,56-40-6,36.30,G8790-100G,O=C(O)Cc1ccc(O)cc1,156-38-7,21.30,H50004-5G
NCCC1=CC=C(O)C=C1,Oc1ccc(C[CH2:1][NH2:2])cc1,[C:1]-[N:2],"[1, 2]","[1, 2]",Oc1ccc(C[CH3:1])cc1,1,[NH3:2],2,hydrogen,3,hydrogen,4,CCc1ccc(O)cc1,123-07-9,185.00,W315605-1KG-K,N,7664-41-7,607.00,294993-170G
NCCC1=CC=C(O)C=C1,Oc1ccc(C[CH2:1][NH2:2])cc1,[C:1]-[N:2],"[1, 2]","[1, 2]",Oc1ccc(C[CH3:1])cc1,1,[NH3:2],2,hydrogen,3,alcohol,4,CCc1ccc(O)cc1,123-07-9,185.00,W315605-1KG-K,NO,7803-49-8,42.80,467804-10ML
NCCC1=CC=C(O)C=C1,Oc1ccc(C[CH2:1][NH2:2])cc1,[C:1]-[N:2],"[1, 2]","[1, 2]",Oc1ccc(C[CH3:1])cc1,1,[NH3:2],2,hydrogen,3,amine,4,CCc1ccc(O)cc1,123-07-9,185.00,W315605-1KG-K,NN,302-01-2,55.90,901596-25ML
NCCC1=CC=C(O)C=C1,Oc1ccc(C[CH2:1][NH2:2])cc1,[C:1]-[N:2],"[1, 2]","[1, 2]",Oc1ccc(C[CH3:1])cc1,1,[NH3:2],2,alcohol,3,hydrogen,4,OCCc1ccc(O)cc1,501-94-0,84.70,188255-5G,N,7664-41-7,607.00,294993-170G
NCCC1=CC=C(O)C=C1,Oc1ccc(C[CH2:1][NH2:2])cc1,[C:1]-[N:2],"[1, 2]","[1, 2]",Oc1ccc(C[CH3:1])cc1,1,[NH3:2],2,alcohol,3,alcohol,4,OCCc1ccc(O)cc1,501-94-0,84.70,188255-5G,NO,7803-49-8,42.80,467804-10ML
NCCC1=CC=C(O)C=C1,Oc1ccc(C[CH2:1][NH2:2])cc1,[C:1]-[N:2],"[1, 2]","[1, 2]",Oc1ccc(C[CH3:1])cc1,1,[NH3:2],2,alcohol,3,amine,4,OCCc1ccc(O)cc1,501-94-0,84.70,188255-5G,NN,302-01-2,55.90,901596-25ML
NCCC1=CC=C(O)C=C1,Oc1ccc(C[CH2:1][NH2:2])cc1,[C:1]-[N:2],"[1, 2]","[1, 2]",Oc1ccc(C[CH3:1])cc1,1,[NH3:2],2,amine,3,hydrogen,4,NCCc1ccc(O)cc1,51-67-2,40.00,T90344-5G,N,7664-41-7,607.00,294993-170G
NCCC1=CC=C(O)C=C1,Oc1ccc(C[CH2:1][NH2:2])cc1,[C:1]-[N:2],"[1, 2]","[1, 2]",Oc1ccc(C[CH3:1])cc1,1,[NH3:2],2,amine,3,amine,4,NCCc1ccc(O)cc1,51-67-2,40.00,T90344-5G,NN,302-01-2,55.90,901596-25ML
NCCC1=CC=C(O)C=C1,Oc1ccc(C[CH2:1][NH2:2])cc1,[C:1]-[N:2],"[1, 2]","[1, 2]",Oc1ccc(C[CH3:1])cc1,1,[NH3:2],2,acid,3,hydrogen,4,O=C(O)CCc1ccc(O)cc1,501-97-3,23.60,H52406-5G,N,7664-41-7,607.00,294993-170G
NCCC1=CC=C(O)C=C1,Oc1ccc(C[CH2:1][NH2:2])cc1,[C:1]-[N:2],"[1, 2]","[1, 2]",Oc1ccc(C[CH3:1])cc1,1,[NH3:2],2,acid,3,alcohol,4,O=C(O)CCc1ccc(O)cc1,501-97-3,23.60,H52406-5G,NO,7803-49-8,42.80,467804-10ML
NCCC1=CC=C(O)C=C1,Oc1ccc(C[CH2:1][NH2:2])cc1,[C:1]-[N:2],"[1, 2]","[1, 2]",Oc1ccc(C[CH3:1])cc1,1,[NH3:2],2,acid,3,amine,4,O=C(O)CCc1ccc(O)cc1,501-97-3,23.60,H52406-5G,NN,302-01-2,55.90,901596-25ML
NCCC1=CC=C(O)C=C1,Oc1ccc(C[CH2:1][NH2:2])cc1,[C:1]-[N:2],"[1, 2]","[1, 2]",Oc1ccc(C[CH3:1])cc1,1,[NH3:2],2,bromide,3,hydrogen,4,Oc1ccc(CCBr)cc1,14140-15-9,43.20,652024-1G,N,7664-41-7,607.00,294993-170G
NCCC1=CC=C(O)C=C1,Oc1ccc(C[CH2:1][NH2:2])cc1,[C:1]-[N:2],"[1, 2]","[1, 2]",Oc1ccc(C[CH3:1])cc1,1,[NH3:2],2,bromide,3,alcohol,4,Oc1ccc(CCBr)cc1,14140-15-9,43.20,652024-1G,NO,7803-49-8,42.80,467804-10ML
NCCC1=CC=C(O)C=C1,Oc1ccc(C[CH2:1][NH2:2])cc1,[C:1]-[N:2],"[1, 2]","[1, 2]",Oc1ccc(C[CH3:1])cc1,1,[NH3:2],2,bromide,3,amine,4,Oc1ccc(CCBr)cc1,14140-15-9,43.20,652024-1G,NN,302-01-2,55.90,901596-25ML
C=C(C)C(=O)C1=CC=C(C(C)(C)CC)C=C1,C=C(C)[C:2](=O)[c:1]1ccc(C(C)(C)CC)cc1,[c:1]-[C:2],"[1, 2]","[1, 2]",CCC(C)(C)c1cc[cH:1]cc1,1,C=C(C)[CH:2]=O,2,hydrogen,3,hydrogen,4,CCC(C)(C)c1ccccc1,2049-95-8,206.00,900001-25G,C=C(C)C=O,78-85-3,52.80,133035-5ML
C=C(C)C(=O)C1=CC=C(C(C)(C)CC)C=C1,C=C(C)[C:2](=O)[c:1]1ccc(C(C)(C)CC)cc1,[c:1]-[C:2],"[1, 2]","[1, 2]",CCC(C)(C)c1cc[cH:1]cc1,1,C=C(C)[CH:2]=O,2,hydrogen,3,amine,4,CCC(C)(C)c1ccccc1,2049-95-8,206.00,900001-25G,C=C(C)C(N)=O,79-39-0,35.50,109606-250G
C=C(C)C(=O)C1=CC=C(C(C)(C)CC)C=C1,C=C(C)[C:2](=O)[c:1]1ccc(C(C)(C)CC)cc1,[c:1]-[C:2],"[1, 2]","[1, 2]",CCC(C)(C)c1cc[cH:1]cc1,1,C=C(C)[CH:2]=O,2,hydrogen,3,chloride,4,CCC(C)(C)c1ccccc1,2049-95-8,206.00,900001-25G,C=C(C)C(=O)Cl,920-46-7,132.00,523216-100ML
C=C(C)C(=O)C1=CC=C(C(C)(C)CC)C=C1,C=C(C)[C:2](=O)[c:1]1ccc(C(C)(C)CC)cc1,[c:1]-[C:2],"[1, 2]","[1, 2]",CCC(C)(C)c1cc[cH:1]cc1,1,C=C(C)[CH:2]=O,2,alcohol,3,hydrogen,4,CCC(C)(C)c1ccc(O)cc1,80-46-6,28.20,153842-5G,C=C(C)C=O,78-85-3,52.80,133035-5ML
C=C(C)C(=O)C1=CC=C(C(C)(C)CC)C=C1,C=C(C)[C:2](=O)[c:1]1ccc(C(C)(C)CC)cc1,[c:1]-[C:2],"[1, 2]","[1, 2]",CCC(C)(C)c1cc[cH:1]cc1,1,C=C(C)[CH:2]=O,2,alcohol,3,amine,4,CCC(C)(C)c1ccc(O)cc1,80-46-6,28.20,153842-5G,C=C(C)C(N)=O,79-39-0,35.50,109606-250G
C=C(C)C(=O)C1=CC=C(C(C)(C)CC)C=C1,C=C(C)[C:2](=O)[c:1]1ccc(C(C)(C)CC)cc1,[c:1]-[C:2],"[1, 2]","[1, 2]",CCC(C)(C)c1cc[cH:1]cc1,1,C=C(C)[CH:2]=O,2,alcohol,3,chloride,4,CCC(C)(C)c1ccc(O)cc1,80-46-6,28.20,153842-5G,C=C(C)C(=O)Cl,920-46-7,132.00,523216-100ML
C=C(C)C(=O)C1=CC=C(C(C)(C)CC)C=C1,C=C(C)[C:2](=O)[c:1]1ccc(C(C)(C)CC)cc1,[c:1]-[C:2],"[1, 2]","[1, 2]",CCC(C)(C)c1cc[cH:1]cc1,1,C=C(C)[CH:2]=O,2,amine,3,hydrogen,4,CCC(C)(C)c1ccc(N)cc1,2049-92-5,170.1,ENA429360945-250MG,C=C(C)C=O,78-85-3,52.80,133035-5ML
C=C(C)C(=O)C1=CC=C(C(C)(C)CC)C=C1,C=C(C)[C:2](=O)[c:1]1ccc(C(C)(C)CC)cc1,[c:1]-[C:2],"[1, 2]","[1, 2]",CCC(C)(C)c1cc[cH:1]cc1,1,C=C(C)[CH:2]=O,2,amine,3,amine,4,CCC(C)(C)c1ccc(N)cc1,2049-92-5,170.1,ENA429360945-250MG,C=C(C)C(N)=O,79-39-0,35.50,109606-250G
C=C(C)C(=O)C1=CC=C(C(C)(C)CC)C=C1,C=C(C)[C:2](=O)[c:1]1ccc(C(C)(C)CC)cc1,[c:1]-[C:2],"[1, 2]","[1, 2]",CCC(C)(C)c1cc[cH:1]cc1,1,C=C(C)[CH:2]=O,2,amine,3,chloride,4,CCC(C)(C)c1ccc(N)cc1,2049-92-5,170.1,ENA429360945-250MG,C=C(C)C(=O)Cl,920-46-7,132.00,523216-100ML
C=C(C)C(=O)C1=CC=C(C(C)(C)CC)C=C1,C=C(C)[C:2](=O)[c:1]1ccc(C(C)(C)CC)cc1,[c:1]-[C:2],"[1, 2]","[1, 2]",CCC(C)(C)c1cc[cH:1]cc1,1,C=C(C)[CH:2]=O,2,acid,3,hydrogen,4,CCC(C)(C)c1ccc(C(=O)O)cc1,20129-71-9,613.2,ENA379363666-1G,C=C(C)C=O,78-85-3,52.80,133035-5ML
C=C(C)C(=O)C1=CC=C(C(C)(C)CC)C=C1,C=C(C)[C:2](=O)[c:1]1ccc(C(C)(C)CC)cc1,[c:1]-[C:2],"[1, 2]","[1, 2]",CCC(C)(C)c1cc[cH:1]cc1,1,C=C(C)[CH:2]=O,2,acid,3,amine,4,CCC(C)(C)c1ccc(C(=O)O)cc1,20129-71-9,613.2,ENA379363666-1G,C=C(C)C(N)=O,79-39-0,35.50,109606-250G
C=C(C)C(=O)C1=CC=C(C(C)(C)CC)C=C1,C=C(C)[C:2](=O)[c:1]1ccc(C(C)(C)CC)cc1,[c:1]-[C:2],"[1, 2]","[1, 2]",CCC(C)(C)c1cc[cH:1]cc1,1,C=C(C)[CH:2]=O,2,acid,3,chloride,4,CCC(C)(C)c1ccc(C(=O)O)cc1,20129-71-9,613.2,ENA379363666-1G,C=C(C)C(=O)Cl,920-46-7,132.00,523216-100ML
C=C(C)C(=O)C1=CC=C(C(C)(C)CC)C=C1,C=C(C)[C:2](=O)[c:1]1ccc(C(C)(C)CC)cc1,[c:1]-[C:2],"[1, 2]","[1, 2]",CCC(C)(C)c1cc[cH:1]cc1,1,C=C(C)[CH:2]=O,2,bromide,3,hydrogen,4,CCC(C)(C)c1ccc(Br)cc1,57263-21-5,118.65,ENA375228207-100MG,C=C(C)C=O,78-85-3,52.80,133035-5ML
C=C(C)C(=O)C1=CC=C(C(C)(C)CC)C=C1,C=C(C)[C:2](=O)[c:1]1ccc(C(C)(C)CC)cc1,[c:1]-[C:2],"[1, 2]","[1, 2]",CCC(C)(C)c1cc[cH:1]cc1,1,C=C(C)[CH:2]=O,2,bromide,3,amine,4,CCC(C)(C)c1ccc(Br)cc1,57263-21-5,118.65,ENA375228207-100MG,C=C(C)C(N)=O,79-39-0,35.50,109606-250G
C=C(C)C(=O)C1=CC=C(C(C)(C)CC)C=C1,C=C(C)[C:2](=O)[c:1]1ccc(C(C)(C)CC)cc1,[c:1]-[C:2],"[1, 2]","[1, 2]",CCC(C)(C)c1cc[cH:1]cc1,1,C=C(C)[CH:2]=O,2,bromide,3,chloride,4,CCC(C)(C)c1ccc(Br)cc1,57263-21-5,118.65,ENA375228207-100MG,C=C(C)C(=O)Cl,920-46-7,132.00,523216-100ML
C=C(C)C(=O)C1=CC=C(C(C)(C)CC)C=C1,C=C(C)C(=O)c1cc[c:1]([C:2](C)(C)CC)cc1,[c:1]-[C:2],"[1, 2]","[1, 2]",C=C(C)C(=O)c1cc[cH:1]cc1,1,CC[CH:2](C)C,2,alcohol,3,hydrogen,4,C=C(C)C(=O)c1ccc(O)cc1,60644-65-7,619.5,ENA964470466-500MG,CCC(C)C,78-78-4,88.20,277258-100ML
C=C(C)C(=O)C1=CC=C(C(C)(C)CC)C=C1,C=C(C)C(=O)c1cc[c:1]([C:2](C)(C)CC)cc1,[c:1]-[C:2],"[1, 2]","[1, 2]",C=C(C)C(=O)c1cc[cH:1]cc1,1,CC[CH:2](C)C,2,alcohol,3,alcohol,4,C=C(C)C(=O)c1ccc(O)cc1,60644-65-7,619.5,ENA964470466-500MG,CCC(C)(C)O,75-85-4,58.70,240486-5ML
C=C(C)C(=O)C1=CC=C(C(C)(C)CC)C=C1,C=C(C)C(=O)c1cc[c:1]([C:2](C)(C)CC)cc1,[c:1]-[C:2],"[1, 2]","[1, 2]",C=C(C)C(=O)c1cc[cH:1]cc1,1,CC[CH:2](C)C,2,alcohol,3,amine,4,C=C(C)C(=O)c1ccc(O)cc1,60644-65-7,619.5,ENA964470466-500MG,CCC(C)(C)N,594-39-8,74.90,176990-25G
C=C(C)C(=O)C1=CC=C(C(C)(C)CC)C=C1,C=C(C)C(=O)c1cc[c:1]([C:2](C)(C)CC)cc1,[c:1]-[C:2],"[1, 2]","[1, 2]",C=C(C)C(=O)c1cc[cH:1]cc1,1,CC[CH:2](C)C,2,alcohol,3,acid,4,C=C(C)C(=O)c1ccc(O)cc1,60644-65-7,619.5,ENA964470466-500MG,CCC(C)(C)C(=O)O,595-37-9,57.20,D152609-25ML
C=C(C)C(=O)C1=CC=C(C(C)(C)CC)C=C1,C=C(C)C(=O)c1cc[c:1]([C:2](C)(C)CC)cc1,[c:1]-[C:2],"[1, 2]","[1, 2]",C=C(C)C(=O)c1cc[cH:1]cc1,1,CC[CH:2](C)C,2,alcohol,3,chloride,4,C=C(C)C(=O)c1ccc(O)cc1,60644-65-7,619.5,ENA964470466-500MG,CCC(C)(C)Cl,594-36-5,77.60,277029-25G
C=C(C)C(=O)C1=CC=C(C(C)(C)CC)C=C1,C=C(C)C(=O)c1cc[c:1]([C:2](C)(C)CC)cc1,[c:1]-[C:2],"[1, 2]","[1, 2]",C=C(C)C(=O)c1cc[cH:1]cc1,1,CC[CH:2](C)C,2,alcohol,3,bromide,4,C=C(C)C(=O)c1ccc(O)cc1,60644-65-7,619.5,ENA964470466-500MG,CCC(C)(C)Br,507-36-8,29.20,306878-5G
C=C(C)C(=O)C1=CC=C(C(C)(C)CC)C=C1,C=C(C)C(=O)c1cc[c:1]([C:2](C)(C)CC)cc1,[c:1]-[C:2],"[1, 2]","[1, 2]",C=C(C)C(=O)c1cc[cH:1]cc1,1,CC[CH:2](C)C,2,alcohol,3,iodide,4,C=C(C)C(=O)c1ccc(O)cc1,60644-65-7,619.5,ENA964470466-500MG,CCC(C)(C)I,594-38-7,56.7,ENA946832316-100MG
C=C(C)C(=O)C1=CC=C(C(C)(C)CC)C=C1,C=[C:1](C)[C:2](=O)c1ccc(C(C)(C)CC)cc1,[C:1]-[C:2],"[1, 2]","[1, 2]",C=[CH:1]C,1,CCC(C)(C)c1ccc([CH:2]=O)cc1,2,hydrogen,3,hydrogen,4,C=CC,115-07-1,165.00,295663-100G,CCC(C)(C)c1ccc(C=O)cc1,67468-54-6,1900,COM497515364-500MG
C=C(C)C(=O)C1=CC=C(C(C)(C)CC)C=C1,C=[C:1](C)[C:2](=O)c1ccc(C(C)(C)CC)cc1,[C:1]-[C:2],"[1, 2]","[1, 2]",C=[CH:1]C,1,CCC(C)(C)c1ccc([CH:2]=O)cc1,2,acid,3,hydrogen,4,C=C(C)C(=O)O,79-41-4,14.90,155721-5G,CCC(C)(C)c1ccc(C=O)cc1,67468-54-6,1900,COM497515364-500MG
C=C(C)C(=O)C1=CC=C(C(C)(C)CC)C=C1,C=[C:1](C)[C:2](=O)c1ccc(C(C)(C)CC)cc1,[C:1]-[C:2],"[1, 2]","[1, 2]",C=[CH:1]C,1,CCC(C)(C)c1ccc([CH:2]=O)cc1,2,chloride,3,hydrogen,4,C=C(C)Cl,557-98-2,79.70,254355-5G,CCC(C)(C)c1ccc(C=O)cc1,67468-54-6,1900,COM497515364-500MG
C=C(C)C(=O)C1=CC=C(C(C)(C)CC)C=C1,C=[C:1](C)[C:2](=O)c1ccc(C(C)(C)CC)cc1,[C:1]-[C:2],"[1, 2]","[1, 2]",C=[CH:1]C,1,CCC(C)(C)c1ccc([CH:2]=O)cc1,2,bromide,3,hydrogen,4,C=C(C)Br,557-93-7,76.60,B78254-10G,CCC(C)(C)c1ccc(C=O)cc1,67468-54-6,1900,COM497515364-500MG
C=C(C)C(=O)C1=CC=C(C(C)(C)CC)C=C1,C=[C:1](C)[C:2](=O)c1ccc(C(C)(C)CC)cc1,[C:1]-[C:2],"[1, 2]","[1, 2]",C=[CH:1]C,1,CCC(C)(C)c1ccc([CH:2]=O)cc1,2,boronate,3,hydrogen,4,C=C(C)B(O)O,14559-87-6,114.4,AMBH93D53636-100MG,CCC(C)(C)c1ccc(C=O)cc1,67468-54-6,1900,COM497515364-500MG
NC1=NC(=O)N([C@@H]2O[C@H](COP(=O)(O)CC(=O)O)C(O)C2O)C=C1,Nc1ccn([C@@H]2O[C@H]([CH2:1][O:2]P(=O)(O)CC(=O)O)C(O)C2O)c(=O)n1,[C:1]-[O:2],"[1, 2]","[1, 2]",Nc1ccn([C@@H]2O[C@H]([CH3:1])C(O)C2O)c(=O)n1,1,O=C(O)CP(=O)(O)[OH:2],2,alcohol,3,hydrogen,4,Nc1ccn([C@@H]2O[C@H](CO)C(O)C2O)c(=O)n1,65-46-3,21.85,AC5638472355-25G,O=C(O)CP(=O)(O)O,4408-78-0,69.60,284270-10G
COC(=O)C1=CC=CC=C1OCC(=O)N1CCN(C2=CC=CC=C2OC)CC1,COC(=O)c1ccccc1[O:2][CH2:1]C(=O)N1CCN(c2ccccc2OC)CC1,[C:1]-[O:2],"[1, 2]","[1, 2]",COc1ccccc1N1CCN(C(=O)[CH3:1])CC1,1,COC(=O)c1ccccc1[OH:2],2,amine,3,hydrogen,4,COc1ccccc1N1CCN(C(=O)CN)CC1,189762-35-4,675,COM638470980-1G,COC(=O)c1ccccc1O,119-36-8,29.30,M2047-100ML
COC1=CN=C2NCC(C=O)C2=C1,COc1cnc2c(c1)[CH:1]([CH:2]=O)CN2,[C:1]-[C:2],"[1, 2]","[1, 2]",COc1cnc2c(c1)[CH2:1]CN2,1,O=[CH2:2],2,hydrogen,3,hydrogen,4,COc1cnc2c(c1)CCN2,1060803-15-7,580.75,ADVH7F3832F8-500MG,C=O,50-00-0,28.90,252549-25ML
COC1=CN=C2NCC(C=O)C2=C1,COc1cnc2c(c1)[CH:1]([CH:2]=O)CN2,[C:1]-[C:2],"[1, 2]","[1, 2]",COc1cnc2c(c1)[CH2:1]CN2,1,O=[CH2:2],2,hydrogen,3,amine,4,COc1cnc2c(c1)CCN2,1060803-15-7,580.75,ADVH7F3832F8-500MG,NC=O,,133.00,612707-1EA
COC1=CN=C2NCC(C=O)C2=C1,COc1cnc2c(c1)[CH:1]([CH:2]=O)CN2,[C:1]-[C:2],"[1, 2]","[1, 2]",COc1cnc2c(c1)[CH2:1]CN2,1,O=[CH2:2],2,hydrogen,3,acid,4,COc1cnc2c(c1)CCN2,1060803-15-7,580.75,ADVH7F3832F8-500MG,O=CC(=O)O,298-12-4,37.80,260150-250G-A
CCCCOCC(C#N)NC(C)=O,CCCCO[CH2:1][CH:2](C#N)NC(C)=O,[C:1]-[C:2],"[1, 2]","[1, 2]",CCCCO[CH3:1],1,CC(=O)N[CH2:2]C#N,2,hydrogen,3,hydrogen,4,CCCCOC,628-28-4,106.00,235377-25G,CC(=O)NCC#N,4814-80-6,165.00,83845-5G-F
CCCCOCC(C#N)NC(C)=O,CCCCO[CH2:1][CH:2](C#N)NC(C)=O,[C:1]-[C:2],"[1, 2]","[1, 2]",CCCCO[CH3:1],1,CC(=O)N[CH2:2]C#N,2,acid,3,hydrogen,4,CCCCOCC(=O)O,,135.00,CDS008145-250MG,CC(=O)NCC#N,4814-80-6,165.00,83845-5G-F
CCCCOCC(C#N)NC(C)=O,CCCCOC[CH:1](C#N)[NH:2]C(C)=O,[C:1]-[N:2],"[1, 2]","[1, 2]",CCCCOC[CH2:1]C#N,1,CC(=O)[NH2:2],2,hydrogen,3,hydrogen,4,CCCCOCCC#N,6959-71-3,118.00,530913-25G,CC(N)=O,60-35-5,10.80,A0500-1G
CCCCOCC(C#N)NC(C)=O,CCCCOC[CH:1](C#N)[NH:2]C(C)=O,[C:1]-[N:2],"[1, 2]","[1, 2]",CCCCOC[CH2:1]C#N,1,CC(=O)[NH2:2],2,hydrogen,3,alcohol,4,CCCCOCCC#N,6959-71-3,118.00,530913-25G,CC(=O)NO,546-88-3,55.40,159034-5G
CCCCOCC(C#N)NC(C)=O,CCCCOC[CH:1](C#N)[NH:2]C(C)=O,[C:1]-[N:2],"[1, 2]","[1, 2]",CCCCOC[CH2:1]C#N,1,CC(=O)[NH2:2],2,hydrogen,3,amine,4,CCCCOCCC#N,6959-71-3,118.00,530913-25G,CC(=O)NN,1068-57-1,41.50,A8309-5G
CCCCOCC(C#N)NC(C)=O,CCCCOC[CH:1](C#N)[NH:2]C(C)=O,[C:1]-[N:2],"[1, 2]","[1, 2]",CCCCOC[CH2:1]C#N,1,CC(=O)[NH2:2],2,hydrogen,3,bromide,4,CCCCOCCC#N,6959-71-3,118.00,530913-25G,CC(=O)NBr,79-15-2,409.00,B2377-50G
CC1=CN=C(C2=CC=CC=C2F)C=N1,Cc1cn[c:1](-[c:2]2ccccc2F)cn1,[c:1]-[c:2],"[1, 2]","[1, 2]",Cc1cn[cH:1]cn1,1,Fc1cccc[cH:2]1,2,hydrogen,3,hydrogen,4,Cc1cnccn1,109-08-0,80.00,W330906-100G-K,Fc1ccccc1,462-06-6,24.40,F6001-5G-A
CC1=CN=C(C2=CC=CC=C2F)C=N1,Cc1cn[c:1](-[c:2]2ccccc2F)cn1,[c:1]-[c:2],"[1, 2]","[1, 2]",Cc1cn[cH:1]cn1,1,Fc1cccc[cH:2]1,2,hydrogen,3,alcohol,4,Cc1cnccn1,109-08-0,80.00,W330906-100G-K,Oc1ccccc1F,367-12-4,38.30,F12804-10G
CC1=CN=C(C2=CC=CC=C2F)C=N1,Cc1cn[c:1](-[c:2]2ccccc2F)cn1,[c:1]-[c:2],"[1, 2]","[1, 2]",Cc1cn[cH:1]cn1,1,Fc1cccc[cH:2]1,2,hydrogen,3,amine,4,Cc1cnccn1,109-08-0,80.00,W330906-100G-K,Nc1ccccc1F,348-54-9,24.30,F3401-25G-A
CC1=CN=C(C2=CC=CC=C2F)C=N1,Cc1cn[c:1](-[c:2]2ccccc2F)cn1,[c:1]-[c:2],"[1, 2]","[1, 2]",Cc1cn[cH:1]cn1,1,Fc1cccc[cH:2]1,2,hydrogen,3,acid,4,Cc1cnccn1,109-08-0,80.00,W330906-100G-K,O=C(O)c1ccccc1F,445-29-4,34.70,412244-25G
CC1=CN=C(C2=CC=CC=C2F)C=N1,Cc1cn[c:1](-[c:2]2ccccc2F)cn1,[c:1]-[c:2],"[1, 2]","[1, 2]",Cc1cn[cH:1]cn1,1,Fc1cccc[cH:2]1,2,hydrogen,3,chloride,4,Cc1cnccn1,109-08-0,80.00,W330906-100G-K,Fc1ccccc1Cl,348-51-6,29.30,162302-5G
CC1=CN=C(C2=CC=CC=C2F)C=N1,Cc1cn[c:1](-[c:2]2ccccc2F)cn1,[c:1]-[c:2],"[1, 2]","[1, 2]",Cc1cn[cH:1]cn1,1,Fc1cccc[cH:2]1,2,hydrogen,3,bromide,4,Cc1cnccn1,109-08-0,80.00,W330906-100G-K,Fc1ccccc1Br,1072-85-1,52.00,B66809-25G
CC1=CN=C(C2=CC=CC=C2F)C=N1,Cc1cn[c:1](-[c:2]2ccccc2F)cn1,[c:1]-[c:2],"[1, 2]","[1, 2]",Cc1cn[cH:1]cn1,1,Fc1cccc[cH:2]1,2,hydrogen,3,iodide,4,Cc1cnccn1,109-08-0,80.00,W330906-100G-K,Fc1ccccc1I,348-52-7,43.40,219401-25G
CC1=CN=C(C2=CC=CC=C2F)C=N1,Cc1cn[c:1](-[c:2]2ccccc2F)cn1,[c:1]-[c:2],"[1, 2]","[1, 2]",Cc1cn[cH:1]cn1,1,Fc1cccc[cH:2]1,2,hydrogen,3,boronate,4,Cc1cnccn1,109-08-0,80.00,W330906-100G-K,OB(O)c1ccccc1F,1993-03-9,42.50,445223-1G
CC1=CN=C(C2=CC=CC=C2F)C=N1,Cc1cn[c:1](-[c:2]2ccccc2F)cn1,[c:1]-[c:2],"[1, 2]","[1, 2]",Cc1cn[cH:1]cn1,1,Fc1cccc[cH:2]1,2,alcohol,3,hydrogen,4,Cc1cnc(O)cn1,20721-17-9,64.9,AMBH2D6F022A-250MG,Fc1ccccc1,462-06-6,24.40,F6001-5G-A
CC1=CN=C(C2=CC=CC=C2F)C=N1,Cc1cn[c:1](-[c:2]2ccccc2F)cn1,[c:1]-[c:2],"[1, 2]","[1, 2]",Cc1cn[cH:1]cn1,1,Fc1cccc[cH:2]1,2,alcohol,3,alcohol,4,Cc1cnc(O)cn1,20721-17-9,64.9,AMBH2D6F022A-250MG,Oc1ccccc1F,367-12-4,38.30,F12804-10G
CC1=CN=C(C2=CC=CC=C2F)C=N1,Cc1cn[c:1](-[c:2]2ccccc2F)cn1,[c:1]-[c:2],"[1, 2]","[1, 2]",Cc1cn[cH:1]cn1,1,Fc1cccc[cH:2]1,2,alcohol,3,amine,4,Cc1cnc(O)cn1,20721-17-9,64.9,AMBH2D6F022A-250MG,Nc1ccccc1F,348-54-9,24.30,F3401-25G-A
CC1=CN=C(C2=CC=CC=C2F)C=N1,Cc1cn[c:1](-[c:2]2ccccc2F)cn1,[c:1]-[c:2],"[1, 2]","[1, 2]",Cc1cn[cH:1]cn1,1,Fc1cccc[cH:2]1,2,alcohol,3,acid,4,Cc1cnc(O)cn1,20721-17-9,64.9,AMBH2D6F022A-250MG,O=C(O)c1ccccc1F,445-29-4,34.70,412244-25G
CC1=CN=C(C2=CC=CC=C2F)C=N1,Cc1cn[c:1](-[c:2]2ccccc2F)cn1,[c:1]-[c:2],"[1, 2]","[1, 2]",Cc1cn[cH:1]cn1,1,Fc1cccc[cH:2]1,2,alcohol,3,chloride,4,Cc1cnc(O)cn1,20721-17-9,64.9,AMBH2D6F022A-250MG,Fc1ccccc1Cl,348-51-6,29.30,162302-5G
CC1=CN=C(C2=CC=CC=C2F)C=N1,Cc1cn[c:1](-[c:2]2ccccc2F)cn1,[c:1]-[c:2],"[1, 2]","[1, 2]",Cc1cn[cH:1]cn1,1,Fc1cccc[cH:2]1,2,alcohol,3,bromide,4,Cc1cnc(O)cn1,20721-17-9,64.9,AMBH2D6F022A-250MG,Fc1ccccc1Br,1072-85-1,52.00,B66809-25G
CC1=CN=C(C2=CC=CC=C2F)C=N1,Cc1cn[c:1](-[c:2]2ccccc2F)cn1,[c:1]-[c:2],"[1, 2]","[1, 2]",Cc1cn[cH:1]cn1,1,Fc1cccc[cH:2]1,2,alcohol,3,iodide,4,Cc1cnc(O)cn1,20721-17-9,64.9,AMBH2D6F022A-250MG,Fc1ccccc1I,348-52-7,43.40,219401-25G
CC1=CN=C(C2=CC=CC=C2F)C=N1,Cc1cn[c:1](-[c:2]2ccccc2F)cn1,[c:1]-[c:2],"[1, 2]","[1, 2]",Cc1cn[cH:1]cn1,1,Fc1cccc[cH:2]1,2,alcohol,3,boronate,4,Cc1cnc(O)cn1,20721-17-9,64.9,AMBH2D6F022A-250MG,OB(O)c1ccccc1F,1993-03-9,42.50,445223-1G
CC1=CN=C(C2=CC=CC=C2F)C=N1,Cc1cn[c:1](-[c:2]2ccccc2F)cn1,[c:1]-[c:2],"[1, 2]","[1, 2]",Cc1cn[cH:1]cn1,1,Fc1cccc[cH:2]1,2,amine,3,hydrogen,4,Cc1cnc(N)cn1,5521-58-4,132,SY3432449451-5G,Fc1ccccc1,462-06-6,24.40,F6001-5G-A
CC1=CN=C(C2=CC=CC=C2F)C=N1,Cc1cn[c:1](-[c:2]2ccccc2F)cn1,[c:1]-[c:2],"[1, 2]","[1, 2]",Cc1cn[cH:1]cn1,1,Fc1cccc[cH:2]1,2,amine,3,alcohol,4,Cc1cnc(N)cn1,5521-58-4,132,SY3432449451-5G,Oc1ccccc1F,367-12-4,38.30,F12804-10G
CC1=CN=C(C2=CC=CC=C2F)C=N1,Cc1cn[c:1](-[c:2]2ccccc2F)cn1,[c:1]-[c:2],"[1, 2]","[1, 2]",Cc1cn[cH:1]cn1,1,Fc1cccc[cH:2]1,2,amine,3,amine,4,Cc1cnc(N)cn1,5521-58-4,132,SY3432449451-5G,Nc1ccccc1F,348-54-9,24.30,F3401-25G-A
CC1=CN=C(C2=CC=CC=C2F)C=N1,Cc1cn[c:1](-[c:2]2ccccc2F)cn1,[c:1]-[c:2],"[1, 2]","[1, 2]",Cc1cn[cH:1]cn1,1,Fc1cccc[cH:2]1,2,amine,3,acid,4,Cc1cnc(N)cn1,5521-58-4,132,SY3432449451-5G,O=C(O)c1ccccc1F,445-29-4,34.70,412244-25G
CC1=CN=C(C2=CC=CC=C2F)C=N1,Cc1cn[c:1](-[c:2]2ccccc2F)cn1,[c:1]-[c:2],"[1, 2]","[1, 2]",Cc1cn[cH:1]cn1,1,Fc1cccc[cH:2]1,2,amine,3,chloride,4,Cc1cnc(N)cn1,5521-58-4,132,SY3432449451-5G,Fc1ccccc1Cl,348-51-6,29.30,162302-5G
CC1=CN=C(C2=CC=CC=C2F)C=N1,Cc1cn[c:1](-[c:2]2ccccc2F)cn1,[c:1]-[c:2],"[1, 2]","[1, 2]",Cc1cn[cH:1]cn1,1,Fc1cccc[cH:2]1,2,amine,3,bromide,4,Cc1cnc(N)cn1,5521-58-4,132,SY3432449451-5G,Fc1ccccc1Br,1072-85-1,52.00,B66809-25G
CC1=CN=C(C2=CC=CC=C2F)C=N1,Cc1cn[c:1](-[c:2]2ccccc2F)cn1,[c:1]-[c:2],"[1, 2]","[1, 2]",Cc1cn[cH:1]cn1,1,Fc1cccc[cH:2]1,2,amine,3,iodide,4,Cc1cnc(N)cn1,5521-58-4,132,SY3432449451-5G,Fc1ccccc1I,348-52-7,43.40,219401-25G
CC1=CN=C(C2=CC=CC=C2F)C=N1,Cc1cn[c:1](-[c:2]2ccccc2F)cn1,[c:1]-[c:2],"[1, 2]","[1, 2]",Cc1cn[cH:1]cn1,1,Fc1cccc[cH:2]1,2,amine,3,boronate,4,Cc1cnc(N)cn1,5521-58-4,132,SY3432449451-5G,OB(O)c1ccccc1F,1993-03-9,42.50,445223-1G
CC1=CN=C(C2=CC=CC=C2F)C=N1,Cc1cn[c:1](-[c:2]2ccccc2F)cn1,[c:1]-[c:2],"[1, 2]","[1, 2]",Cc1cn[cH:1]cn1,1,Fc1cccc[cH:2]1,2,acid,3,hydrogen,4,Cc1cnc(C(=O)O)cn1,5521-55-1,37.70,347647-5G,Fc1ccccc1,462-06-6,24.40,F6001-5G-A
CC1=CN=C(C2=CC=CC=C2F)C=N1,Cc1cn[c:1](-[c:2]2ccccc2F)cn1,[c:1]-[c:2],"[1, 2]","[1, 2]",Cc1cn[cH:1]cn1,1,Fc1cccc[cH:2]1,2,acid,3,alcohol,4,Cc1cnc(C(=O)O)cn1,5521-55-1,37.70,347647-5G,Oc1ccccc1F,367-12-4,38.30,F12804-10G
CC1=CN=C(C2=CC=CC=C2F)C=N1,Cc1cn[c:1](-[c:2]2ccccc2F)cn1,[c:1]-[c:2],"[1, 2]","[1, 2]",Cc1cn[cH:1]cn1,1,Fc1cccc[cH:2]1,2,acid,3,amine,4,Cc1cnc(C(=O)O)cn1,5521-55-1,37.70,347647-5G,Nc1ccccc1F,348-54-9,24.30,F3401-25G-A
CC1=CN=C(C2=CC=CC=C2F)C=N1,Cc1cn[c:1](-[c:2]2ccccc2F)cn1,[c:1]-[c:2],"[1, 2]","[1, 2]",Cc1cn[cH:1]cn1,1,Fc1cccc[cH:2]1,2,acid,3,acid,4,Cc1cnc(C(=O)O)cn1,5521-55-1,37.70,347647-5G,O=C(O)c1ccccc1F,445-29-4,34.70,412244-25G
CC1=CN=C(C2=CC=CC=C2F)C=N1,Cc1cn[c:1](-[c:2]2ccccc2F)cn1,[c:1]-[c:2],"[1, 2]","[1, 2]",Cc1cn[cH:1]cn1,1,Fc1cccc[cH:2]1,2,acid,3,chloride,4,Cc1cnc(C(=O)O)cn1,5521-55-1,37.70,347647-5G,Fc1ccccc1Cl,348-51-6,29.30,162302-5G
CC1=CN=C(C2=CC=CC=C2F)C=N1,Cc1cn[c:1](-[c:2]2ccccc2F)cn1,[c:1]-[c:2],"[1, 2]","[1, 2]",Cc1cn[cH:1]cn1,1,Fc1cccc[cH:2]1,2,acid,3,bromide,4,Cc1cnc(C(=O)O)cn1,5521-55-1,37.70,347647-5G,Fc1ccccc1Br,1072-85-1,52.00,B66809-25G
CC1=CN=C(C2=CC=CC=C2F)C=N1,Cc1cn[c:1](-[c:2]2ccccc2F)cn1,[c:1]-[c:2],"[1, 2]","[1, 2]",Cc1cn[cH:1]cn1,1,Fc1cccc[cH:2]1,2,acid,3,iodide,4,Cc1cnc(C(=O)O)cn1,5521-55-1,37.70,347647-5G,Fc1ccccc1I,348-52-7,43.40,219401-25G
CC1=CN=C(C2=CC=CC=C2F)C=N1,Cc1cn[c:1](-[c:2]2ccccc2F)cn1,[c:1]-[c:2],"[1, 2]","[1, 2]",Cc1cn[cH:1]cn1,1,Fc1cccc[cH:2]1,2,acid,3,boronate,4,Cc1cnc(C(=O)O)cn1,5521-55-1,37.70,347647-5G,OB(O)c1ccccc1F,1993-03-9,42.50,445223-1G
CC1=CN=C(C2=CC=CC=C2F)C=N1,Cc1cn[c:1](-[c:2]2ccccc2F)cn1,[c:1]-[c:2],"[1, 2]","[1, 2]",Cc1cn[cH:1]cn1,1,Fc1cccc[cH:2]1,2,chloride,3,hydrogen,4,Cc1cnc(Cl)cn1,59303-10-5,517,AMBH2D700DE1-5G,Fc1ccccc1,462-06-6,24.40,F6001-5G-A
CC1=CN=C(C2=CC=CC=C2F)C=N1,Cc1cn[c:1](-[c:2]2ccccc2F)cn1,[c:1]-[c:2],"[1, 2]","[1, 2]",Cc1cn[cH:1]cn1,1,Fc1cccc[cH:2]1,2,chloride,3,alcohol,4,Cc1cnc(Cl)cn1,59303-10-5,517,AMBH2D700DE1-5G,Oc1ccccc1F,367-12-4,38.30,F12804-10G
CC1=CN=C(C2=CC=CC=C2F)C=N1,Cc1cn[c:1](-[c:2]2ccccc2F)cn1,[c:1]-[c:2],"[1, 2]","[1, 2]",Cc1cn[cH:1]cn1,1,Fc1cccc[cH:2]1,2,chloride,3,amine,4,Cc1cnc(Cl)cn1,59303-10-5,517,AMBH2D700DE1-5G,Nc1ccccc1F,348-54-9,24.30,F3401-25G-A
CC1=CN=C(C2=CC=CC=C2F)C=N1,Cc1cn[c:1](-[c:2]2ccccc2F)cn1,[c:1]-[c:2],"[1, 2]","[1, 2]",Cc1cn[cH:1]cn1,1,Fc1cccc[cH:2]1,2,chloride,3,acid,4,Cc1cnc(Cl)cn1,59303-10-5,517,AMBH2D700DE1-5G,O=C(O)c1ccccc1F,445-29-4,34.70,412244-25G
CC1=CN=C(C2=CC=CC=C2F)C=N1,Cc1cn[c:1](-[c:2]2ccccc2F)cn1,[c:1]-[c:2],"[1, 2]","[1, 2]",Cc1cn[cH:1]cn1,1,Fc1cccc[cH:2]1,2,chloride,3,chloride,4,Cc1cnc(Cl)cn1,59303-10-5,517,AMBH2D700DE1-5G,Fc1ccccc1Cl,348-51-6,29.30,162302-5G
CC1=CN=C(C2=CC=CC=C2F)C=N1,Cc1cn[c:1](-[c:2]2ccccc2F)cn1,[c:1]-[c:2],"[1, 2]","[1, 2]",Cc1cn[cH:1]cn1,1,Fc1cccc[cH:2]1,2,chloride,3,bromide,4,Cc1cnc(Cl)cn1,59303-10-5,517,AMBH2D700DE1-5G,Fc1ccccc1Br,1072-85-1,52.00,B66809-25G
CC1=CN=C(C2=CC=CC=C2F)C=N1,Cc1cn[c:1](-[c:2]2ccccc2F)cn1,[c:1]-[c:2],"[1, 2]","[1, 2]",Cc1cn[cH:1]cn1,1,Fc1cccc[cH:2]1,2,chloride,3,iodide,4,Cc1cnc(Cl)cn1,59303-10-5,517,AMBH2D700DE1-5G,Fc1ccccc1I,348-52-7,43.40,219401-25G
CC1=CN=C(C2=CC=CC=C2F)C=N1,Cc1cn[c:1](-[c:2]2ccccc2F)cn1,[c:1]-[c:2],"[1, 2]","[1, 2]",Cc1cn[cH:1]cn1,1,Fc1cccc[cH:2]1,2,chloride,3,boronate,4,Cc1cnc(Cl)cn1,59303-10-5,517,AMBH2D700DE1-5G,OB(O)c1ccccc1F,1993-03-9,42.50,445223-1G
CC1=CN=C(C2=CC=CC=C2F)C=N1,Cc1cn[c:1](-[c:2]2ccccc2F)cn1,[c:1]-[c:2],"[1, 2]","[1, 2]",Cc1cn[cH:1]cn1,1,Fc1cccc[cH:2]1,2,bromide,3,hydrogen,4,Cc1cnc(Br)cn1,98006-90-7,913,SY3432449473-5G,Fc1ccccc1,462-06-6,24.40,F6001-5G-A
CC1=CN=C(C2=CC=CC=C2F)C=N1,Cc1cn[c:1](-[c:2]2ccccc2F)cn1,[c:1]-[c:2],"[1, 2]","[1, 2]",Cc1cn[cH:1]cn1,1,Fc1cccc[cH:2]1,2,bromide,3,alcohol,4,Cc1cnc(Br)cn1,98006-90-7,913,SY3432449473-5G,Oc1ccccc1F,367-12-4,38.30,F12804-10G
CC1=CN=C(C2=CC=CC=C2F)C=N1,Cc1cn[c:1](-[c:2]2ccccc2F)cn1,[c:1]-[c:2],"[1, 2]","[1, 2]",Cc1cn[cH:1]cn1,1,Fc1cccc[cH:2]1,2,bromide,3,amine,4,Cc1cnc(Br)cn1,98006-90-7,913,SY3432449473-5G,Nc1ccccc1F,348-54-9,24.30,F3401-25G-A
CC1=CN=C(C2=CC=CC=C2F)C=N1,Cc1cn[c:1](-[c:2]2ccccc2F)cn1,[c:1]-[c:2],"[1, 2]","[1, 2]",Cc1cn[cH:1]cn1,1,Fc1cccc[cH:2]1,2,bromide,3,acid,4,Cc1cnc(Br)cn1,98006-90-7,913,SY3432449473-5G,O=C(O)c1ccccc1F,445-29-4,34.70,412244-25G
CC1=CN=C(C2=CC=CC=C2F)C=N1,Cc1cn[c:1](-[c:2]2ccccc2F)cn1,[c:1]-[c:2],"[1, 2]","[1, 2]",Cc1cn[cH:1]cn1,1,Fc1cccc[cH:2]1,2,bromide,3,chloride,4,Cc1cnc(Br)cn1,98006-90-7,913,SY3432449473-5G,Fc1ccccc1Cl,348-51-6,29.30,162302-5G
CC1=CN=C(C2=CC=CC=C2F)C=N1,Cc1cn[c:1](-[c:2]2ccccc2F)cn1,[c:1]-[c:2],"[1, 2]","[1, 2]",Cc1cn[cH:1]cn1,1,Fc1cccc[cH:2]1,2,bromide,3,bromide,4,Cc1cnc(Br)cn1,98006-90-7,913,SY3432449473-5G,Fc1ccccc1Br,1072-85-1,52.00,B66809-25G
CC1=CN=C(C2=CC=CC=C2F)C=N1,Cc1cn[c:1](-[c:2]2ccccc2F)cn1,[c:1]-[c:2],"[1, 2]","[1, 2]",Cc1cn[cH:1]cn1,1,Fc1cccc[cH:2]1,2,bromide,3,iodide,4,Cc1cnc(Br)cn1,98006-90-7,913,SY3432449473-5G,Fc1ccccc1I,348-52-7,43.40,219401-25G
CC1=CN=C(C2=CC=CC=C2F)C=N1,Cc1cn[c:1](-[c:2]2ccccc2F)cn1,[c:1]-[c:2],"[1, 2]","[1, 2]",Cc1cn[cH:1]cn1,1,Fc1cccc[cH:2]1,2,bromide,3,boronate,4,Cc1cnc(Br)cn1,98006-90-7,913,SY3432449473-5G,OB(O)c1ccccc1F,1993-03-9,42.50,445223-1G
CC1=CN=C(C2=CC=CC=C2F)C=N1,Cc1cn[c:1](-[c:2]2ccccc2F)cn1,[c:1]-[c:2],"[1, 2]","[1, 2]",Cc1cn[cH:1]cn1,1,Fc1cccc[cH:2]1,2,iodide,3,hydrogen,4,Cc1cnc(I)cn1,914452-70-3,264.6,ENA517161667-50MG,Fc1ccccc1,462-06-6,24.40,F6001-5G-A
CC1=CN=C(C2=CC=CC=C2F)C=N1,Cc1cn[c:1](-[c:2]2ccccc2F)cn1,[c:1]-[c:2],"[1, 2]","[1, 2]",Cc1cn[cH:1]cn1,1,Fc1cccc[cH:2]1,2,iodide,3,alcohol,4,Cc1cnc(I)cn1,914452-70-3,264.6,ENA517161667-50MG,Oc1ccccc1F,367-12-4,38.30,F12804-10G
CC1=CN=C(C2=CC=CC=C2F)C=N1,Cc1cn[c:1](-[c:2]2ccccc2F)cn1,[c:1]-[c:2],"[1, 2]","[1, 2]",Cc1cn[cH:1]cn1,1,Fc1cccc[cH:2]1,2,iodide,3,amine,4,Cc1cnc(I)cn1,914452-70-3,264.6,ENA517161667-50MG,Nc1ccccc1F,348-54-9,24.30,F3401-25G-A
CC1=CN=C(C2=CC=CC=C2F)C=N1,Cc1cn[c:1](-[c:2]2ccccc2F)cn1,[c:1]-[c:2],"[1, 2]","[1, 2]",Cc1cn[cH:1]cn1,1,Fc1cccc[cH:2]1,2,iodide,3,acid,4,Cc1cnc(I)cn1,914452-70-3,264.6,ENA517161667-50MG,O=C(O)c1ccccc1F,445-29-4,34.70,412244-25G
CC1=CN=C(C2=CC=CC=C2F)C=N1,Cc1cn[c:1](-[c:2]2ccccc2F)cn1,[c:1]-[c:2],"[1, 2]","[1, 2]",Cc1cn[cH:1]cn1,1,Fc1cccc[cH:2]1,2,iodide,3,chloride,4,Cc1cnc(I)cn1,914452-70-3,264.6,ENA517161667-50MG,Fc1ccccc1Cl,348-51-6,29.30,162302-5G
CC1=CN=C(C2=CC=CC=C2F)C=N1,Cc1cn[c:1](-[c:2]2ccccc2F)cn1,[c:1]-[c:2],"[1, 2]","[1, 2]",Cc1cn[cH:1]cn1,1,Fc1cccc[cH:2]1,2,iodide,3,bromide,4,Cc1cnc(I)cn1,914452-70-3,264.6,ENA517161667-50MG,Fc1ccccc1Br,1072-85-1,52.00,B66809-25G
CC1=CN=C(C2=CC=CC=C2F)C=N1,Cc1cn[c:1](-[c:2]2ccccc2F)cn1,[c:1]-[c:2],"[1, 2]","[1, 2]",Cc1cn[cH:1]cn1,1,Fc1cccc[cH:2]1,2,iodide,3,iodide,4,Cc1cnc(I)cn1,914452-70-3,264.6,ENA517161667-50MG,Fc1ccccc1I,348-52-7,43.40,219401-25G
CC1=CN=C(C2=CC=CC=C2F)C=N1,Cc1cn[c:1](-[c:2]2ccccc2F)cn1,[c:1]-[c:2],"[1, 2]","[1, 2]",Cc1cn[cH:1]cn1,1,Fc1cccc[cH:2]1,2,iodide,3,boronate,4,Cc1cnc(I)cn1,914452-70-3,264.6,ENA517161667-50MG,OB(O)c1ccccc1F,1993-03-9,42.50,445223-1G
CC1=CN=C(C2=CC=CC=C2F)C=N1,Fc1ccccc1-c1cn[c:1]([CH3:2])cn1,[c:1]-[C:2],"[1, 2]","[1, 2]",Fc1ccccc1-c1cn[cH:1]cn1,1,[CH4:2],2,alcohol,3,hydrogen,4,Oc1cnc(-c2ccccc2F)cn1,,1080,CO1H324A8252-1G,C,74-82-8,1610.00,463035-24L
CC1=CN=C(C2=CC=CC=C2F)C=N1,Fc1ccccc1-c1cn[c:1]([CH3:2])cn1,[c:1]-[C:2],"[1, 2]","[1, 2]",Fc1ccccc1-c1cn[cH:1]cn1,1,[CH4:2],2,alcohol,3,alcohol,4,Oc1cnc(-c2ccccc2F)cn1,,1080,CO1H324A8252-1G,CO,67-56-1,30.20,M3641-500ML
CC1=CN=C(C2=CC=CC=C2F)C=N1,Fc1ccccc1-c1cn[c:1]([CH3:2])cn1,[c:1]-[C:2],"[1, 2]","[1, 2]",Fc1ccccc1-c1cn[cH:1]cn1,1,[CH4:2],2,alcohol,3,amine,4,Oc1cnc(-c2ccccc2F)cn1,,1080,CO1H324A8252-1G,CN,74-89-5,40.10,534102-250ML
CC1=CN=C(C2=CC=CC=C2F)C=N1,Fc1ccccc1-c1cn[c:1]([CH3:2])cn1,[c:1]-[C:2],"[1, 2]","[1, 2]",Fc1ccccc1-c1cn[cH:1]cn1,1,[CH4:2],2,alcohol,3,acid,4,Oc1cnc(-c2ccccc2F)cn1,,1080,CO1H324A8252-1G,CC(=O)O,64-19-7,67.00,W200611-1KG-K
CC1=CN=C(C2=CC=CC=C2F)C=N1,Fc1ccccc1-c1cn[c:1]([CH3:2])cn1,[c:1]-[C:2],"[1, 2]","[1, 2]",Fc1ccccc1-c1cn[cH:1]cn1,1,[CH4:2],2,alcohol,3,chloride,4,Oc1cnc(-c2ccccc2F)cn1,,1080,CO1H324A8252-1G,CCl,74-87-3,252.00,294799-200ML
CC1=CN=C(C2=CC=CC=C2F)C=N1,Fc1ccccc1-c1cn[c:1]([CH3:2])cn1,[c:1]-[C:2],"[1, 2]","[1, 2]",Fc1ccccc1-c1cn[cH:1]cn1,1,[CH4:2],2,alcohol,3,bromide,4,Oc1cnc(-c2ccccc2F)cn1,,1080,CO1H324A8252-1G,CBr,74-83-9,24.10,48624
CC1=CN=C(C2=CC=CC=C2F)C=N1,Fc1ccccc1-c1cn[c:1]([CH3:2])cn1,[c:1]-[C:2],"[1, 2]","[1, 2]",Fc1ccccc1-c1cn[cH:1]cn1,1,[CH4:2],2,alcohol,3,iodide,4,Oc1cnc(-c2ccccc2F)cn1,,1080,CO1H324A8252-1G,CI,74-88-4,112.00,456756-100ML
CC1=CN=C(C2=CC=CC=C2F)C=N1,Fc1ccccc1-c1cn[c:1]([CH3:2])cn1,[c:1]-[C:2],"[1, 2]","[1, 2]",Fc1ccccc1-c1cn[cH:1]cn1,1,[CH4:2],2,alcohol,3,boronate,4,Oc1cnc(-c2ccccc2F)cn1,,1080,CO1H324A8252-1G,CB(O)O,13061-96-6,43.80,165336-1G
CC1=CN=C(C2=CC=CC=C2F)C=N1,Fc1ccccc1-c1cn[c:1]([CH3:2])cn1,[c:1]-[C:2],"[1, 2]","[1, 2]",Fc1ccccc1-c1cn[cH:1]cn1,1,[CH4:2],2,amine,3,hydrogen,4,Nc1cnc(-c2ccccc2F)cn1,,720,CO1H324A8251-1G,C,74-82-8,1610.00,463035-24L
CC1=CN=C(C2=CC=CC=C2F)C=N1,Fc1ccccc1-c1cn[c:1]([CH3:2])cn1,[c:1]-[C:2],"[1, 2]","[1, 2]",Fc1ccccc1-c1cn[cH:1]cn1,1,[CH4:2],2,amine,3,alcohol,4,Nc1cnc(-c2ccccc2F)cn1,,720,CO1H324A8251-1G,CO,67-56-1,30.20,M3641-500ML
CC1=CN=C(C2=CC=CC=C2F)C=N1,Fc1ccccc1-c1cn[c:1]([CH3:2])cn1,[c:1]-[C:2],"[1, 2]","[1, 2]",Fc1ccccc1-c1cn[cH:1]cn1,1,[CH4:2],2,amine,3,amine,4,Nc1cnc(-c2ccccc2F)cn1,,720,CO1H324A8251-1G,CN,74-89-5,40.10,534102-250ML
CC1=CN=C(C2=CC=CC=C2F)C=N1,Fc1ccccc1-c1cn[c:1]([CH3:2])cn1,[c:1]-[C:2],"[1, 2]","[1, 2]",Fc1ccccc1-c1cn[cH:1]cn1,1,[CH4:2],2,amine,3,acid,4,Nc1cnc(-c2ccccc2F)cn1,,720,CO1H324A8251-1G,CC(=O)O,64-19-7,67.00,W200611-1KG-K
CC1=CN=C(C2=CC=CC=C2F)C=N1,Fc1ccccc1-c1cn[c:1]([CH3:2])cn1,[c:1]-[C:2],"[1, 2]","[1, 2]",Fc1ccccc1-c1cn[cH:1]cn1,1,[CH4:2],2,amine,3,chloride,4,Nc1cnc(-c2ccccc2F)cn1,,720,CO1H324A8251-1G,CCl,74-87-3,252.00,294799-200ML
CC1=CN=C(C2=CC=CC=C2F)C=N1,Fc1ccccc1-c1cn[c:1]([CH3:2])cn1,[c:1]-[C:2],"[1, 2]","[1, 2]",Fc1ccccc1-c1cn[cH:1]cn1,1,[CH4:2],2,amine,3,bromide,4,Nc1cnc(-c2ccccc2F)cn1,,720,CO1H324A8251-1G,CBr,74-83-9,24.10,48624
CC1=CN=C(C2=CC=CC=C2F)C=N1,Fc1ccccc1-c1cn[c:1]([CH3:2])cn1,[c:1]-[C:2],"[1, 2]","[1, 2]",Fc1ccccc1-c1cn[cH:1]cn1,1,[CH4:2],2,amine,3,iodide,4,Nc1cnc(-c2ccccc2F)cn1,,720,CO1H324A8251-1G,CI,74-88-4,112.00,456756-100ML
CC1=CN=C(C2=CC=CC=C2F)C=N1,Fc1ccccc1-c1cn[c:1]([CH3:2])cn1,[c:1]-[C:2],"[1, 2]","[1, 2]",Fc1ccccc1-c1cn[cH:1]cn1,1,[CH4:2],2,amine,3,boronate,4,Nc1cnc(-c2ccccc2F)cn1,,720,CO1H324A8251-1G,CB(O)O,13061-96-6,43.80,165336-1G
CC1=CN=C(C2=CC=CC=C2F)C=N1,Fc1ccccc1-c1cn[c:1]([CH3:2])cn1,[c:1]-[C:2],"[1, 2]","[1, 2]",Fc1ccccc1-c1cn[cH:1]cn1,1,[CH4:2],2,bromide,3,hydrogen,4,Fc1ccccc1-c1cnc(Br)cn1,,1080,CO1H324A8250-1G,C,74-82-8,1610.00,463035-24L
CC1=CN=C(C2=CC=CC=C2F)C=N1,Fc1ccccc1-c1cn[c:1]([CH3:2])cn1,[c:1]-[C:2],"[1, 2]","[1, 2]",Fc1ccccc1-c1cn[cH:1]cn1,1,[CH4:2],2,bromide,3,alcohol,4,Fc1ccccc1-c1cnc(Br)cn1,,1080,CO1H324A8250-1G,CO,67-56-1,30.20,M3641-500ML
CC1=CN=C(C2=CC=CC=C2F)C=N1,Fc1ccccc1-c1cn[c:1]([CH3:2])cn1,[c:1]-[C:2],"[1, 2]","[1, 2]",Fc1ccccc1-c1cn[cH:1]cn1,1,[CH4:2],2,bromide,3,amine,4,Fc1ccccc1-c1cnc(Br)cn1,,1080,CO1H324A8250-1G,CN,74-89-5,40.10,534102-250ML
CC1=CN=C(C2=CC=CC=C2F)C=N1,Fc1ccccc1-c1cn[c:1]([CH3:2])cn1,[c:1]-[C:2],"[1, 2]","[1, 2]",Fc1ccccc1-c1cn[cH:1]cn1,1,[CH4:2],2,bromide,3,acid,4,Fc1ccccc1-c1cnc(Br)cn1,,1080,CO1H324A8250-1G,CC(=O)O,64-19-7,67.00,W200611-1KG-K
CC1=CN=C(C2=CC=CC=C2F)C=N1,Fc1ccccc1-c1cn[c:1]([CH3:2])cn1,[c:1]-[C:2],"[1, 2]","[1, 2]",Fc1ccccc1-c1cn[cH:1]cn1,1,[CH4:2],2,bromide,3,chloride,4,Fc1ccccc1-c1cnc(Br)cn1,,1080,CO1H324A8250-1G,CCl,74-87-3,252.00,294799-200ML
CC1=CN=C(C2=CC=CC=C2F)C=N1,Fc1ccccc1-c1cn[c:1]([CH3:2])cn1,[c:1]-[C:2],"[1, 2]","[1, 2]",Fc1ccccc1-c1cn[cH:1]cn1,1,[CH4:2],2,bromide,3,bromide,4,Fc1ccccc1-c1cnc(Br)cn1,,1080,CO1H324A8250-1G,CBr,74-83-9,24.10,48624
CC1=CN=C(C2=CC=CC=C2F)C=N1,Fc1ccccc1-c1cn[c:1]([CH3:2])cn1,[c:1]-[C:2],"[1, 2]","[1, 2]",Fc1ccccc1-c1cn[cH:1]cn1,1,[CH4:2],2,bromide,3,iodide,4,Fc1ccccc1-c1cnc(Br)cn1,,1080,CO1H324A8250-1G,CI,74-88-4,112.00,456756-100ML
CC1=CN=C(C2=CC=CC=C2F)C=N1,Fc1ccccc1-c1cn[c:1]([CH3:2])cn1,[c:1]-[C:2],"[1, 2]","[1, 2]",Fc1ccccc1-c1cn[cH:1]cn1,1,[CH4:2],2,bromide,3,boronate,4,Fc1ccccc1-c1cnc(Br)cn1,,1080,CO1H324A8250-1G,CB(O)O,13061-96-6,43.80,165336-1G
CC1=C(Cl)C(O)=CC(O)=C1C(=O)O,O=C(O)c1c(O)cc(O)c(Cl)[c:1]1[CH3:2],[c:1]-[C:2],"[1, 2]","[1, 2]",O=C(O)c1c(O)cc(O)c(Cl)[cH:1]1,1,[CH4:2],2,hydrogen,3,hydrogen,4,O=C(O)c1cc(Cl)c(O)cc1O,67828-44-8,1500,COM448657070-5G,C,74-82-8,1610.00,463035-24L
CC1=C(Cl)C(O)=CC(O)=C1C(=O)O,O=C(O)c1c(O)cc(O)c(Cl)[c:1]1[CH3:2],[c:1]-[C:2],"[1, 2]","[1, 2]",O=C(O)c1c(O)cc(O)c(Cl)[cH:1]1,1,[CH4:2],2,hydrogen,3,alcohol,4,O=C(O)c1cc(Cl)c(O)cc1O,67828-44-8,1500,COM448657070-5G,CO,67-56-1,30.20,M3641-500ML
CC1=C(Cl)C(O)=CC(O)=C1C(=O)O,O=C(O)c1c(O)cc(O)c(Cl)[c:1]1[CH3:2],[c:1]-[C:2],"[1, 2]","[1, 2]",O=C(O)c1c(O)cc(O)c(Cl)[cH:1]1,1,[CH4:2],2,hydrogen,3,amine,4,O=C(O)c1cc(Cl)c(O)cc1O,67828-44-8,1500,COM448657070-5G,CN,74-89-5,40.10,534102-250ML
CC1=C(Cl)C(O)=CC(O)=C1C(=O)O,O=C(O)c1c(O)cc(O)c(Cl)[c:1]1[CH3:2],[c:1]-[C:2],"[1, 2]","[1, 2]",O=C(O)c1c(O)cc(O)c(Cl)[cH:1]1,1,[CH4:2],2,hydrogen,3,acid,4,O=C(O)c1cc(Cl)c(O)cc1O,67828-44-8,1500,COM448657070-5G,CC(=O)O,64-19-7,67.00,W200611-1KG-K
CC1=C(Cl)C(O)=CC(O)=C1C(=O)O,O=C(O)c1c(O)cc(O)c(Cl)[c:1]1[CH3:2],[c:1]-[C:2],"[1, 2]","[1, 2]",O=C(O)c1c(O)cc(O)c(Cl)[cH:1]1,1,[CH4:2],2,hydrogen,3,chloride,4,O=C(O)c1cc(Cl)c(O)cc1O,67828-44-8,1500,COM448657070-5G,CCl,74-87-3,252.00,294799-200ML
CC1=C(Cl)C(O)=CC(O)=C1C(=O)O,O=C(O)c1c(O)cc(O)c(Cl)[c:1]1[CH3:2],[c:1]-[C:2],"[1, 2]","[1, 2]",O=C(O)c1c(O)cc(O)c(Cl)[cH:1]1,1,[CH4:2],2,hydrogen,3,bromide,4,O=C(O)c1cc(Cl)c(O)cc1O,67828-44-8,1500,COM448657070-5G,CBr,74-83-9,24.10,48624
CC1=C(Cl)C(O)=CC(O)=C1C(=O)O,O=C(O)c1c(O)cc(O)c(Cl)[c:1]1[CH3:2],[c:1]-[C:2],"[1, 2]","[1, 2]",O=C(O)c1c(O)cc(O)c(Cl)[cH:1]1,1,[CH4:2],2,hydrogen,3,iodide,4,O=C(O)c1cc(Cl)c(O)cc1O,67828-44-8,1500,COM448657070-5G,CI,74-88-4,112.00,456756-100ML
CC1=C(Cl)C(O)=CC(O)=C1C(=O)O,O=C(O)c1c(O)cc(O)c(Cl)[c:1]1[CH3:2],[c:1]-[C:2],"[1, 2]","[1, 2]",O=C(O)c1c(O)cc(O)c(Cl)[cH:1]1,1,[CH4:2],2,hydrogen,3,boronate,4,O=C(O)c1cc(Cl)c(O)cc1O,67828-44-8,1500,COM448657070-5G,CB(O)O,13061-96-6,43.80,165336-1G
C=C(C)C(=O)C1=CC=CC=C1CO,C=C(C)[C:2](=O)[c:1]1ccccc1CO,[c:1]-[C:2],"[1, 2]","[1, 2]",OCc1cccc[cH:1]1,1,C=C(C)[CH:2]=O,2,hydrogen,3,hydrogen,4,OCc1ccccc1,100-51-6,110.00,W213713-100G-K,C=C(C)C=O,78-85-3,52.80,133035-5ML
C=C(C)C(=O)C1=CC=CC=C1CO,C=C(C)[C:2](=O)[c:1]1ccccc1CO,[c:1]-[C:2],"[1, 2]","[1, 2]",OCc1cccc[cH:1]1,1,C=C(C)[CH:2]=O,2,hydrogen,3,amine,4,OCc1ccccc1,100-51-6,110.00,W213713-100G-K,C=C(C)C(N)=O,79-39-0,35.50,109606-250G
C=C(C)C(=O)C1=CC=CC=C1CO,C=C(C)[C:2](=O)[c:1]1ccccc1CO,[c:1]-[C:2],"[1, 2]","[1, 2]",OCc1cccc[cH:1]1,1,C=C(C)[CH:2]=O,2,hydrogen,3,chloride,4,OCc1ccccc1,100-51-6,110.00,W213713-100G-K,C=C(C)C(=O)Cl,920-46-7,132.00,523216-100ML
C=C(C)C(=O)C1=CC=CC=C1CO,C=C(C)[C:2](=O)[c:1]1ccccc1CO,[c:1]-[C:2],"[1, 2]","[1, 2]",OCc1cccc[cH:1]1,1,C=C(C)[CH:2]=O,2,amine,3,hydrogen,4,Nc1ccccc1CO,5344-90-1,32.10,122831-10G,C=C(C)C=O,78-85-3,52.80,133035-5ML
C=C(C)C(=O)C1=CC=CC=C1CO,C=C(C)[C:2](=O)[c:1]1ccccc1CO,[c:1]-[C:2],"[1, 2]","[1, 2]",OCc1cccc[cH:1]1,1,C=C(C)[CH:2]=O,2,amine,3,amine,4,Nc1ccccc1CO,5344-90-1,32.10,122831-10G,C=C(C)C(N)=O,79-39-0,35.50,109606-250G
C=C(C)C(=O)C1=CC=CC=C1CO,C=C(C)[C:2](=O)[c:1]1ccccc1CO,[c:1]-[C:2],"[1, 2]","[1, 2]",OCc1cccc[cH:1]1,1,C=C(C)[CH:2]=O,2,amine,3,chloride,4,Nc1ccccc1CO,5344-90-1,32.10,122831-10G,C=C(C)C(=O)Cl,920-46-7,132.00,523216-100ML
C=C(C)C(=O)C1=CC=CC=C1CO,C=C(C)[C:2](=O)[c:1]1ccccc1CO,[c:1]-[C:2],"[1, 2]","[1, 2]",OCc1cccc[cH:1]1,1,C=C(C)[CH:2]=O,2,acid,3,hydrogen,4,O=C(O)c1ccccc1CO,612-20-4,11,SY3H3D67F36B-1G,C=C(C)C=O,78-85-3,52.80,133035-5ML
C=C(C)C(=O)C1=CC=CC=C1CO,C=C(C)[C:2](=O)[c:1]1ccccc1CO,[c:1]-[C:2],"[1, 2]","[1, 2]",OCc1cccc[cH:1]1,1,C=C(C)[CH:2]=O,2,acid,3,amine,4,O=C(O)c1ccccc1CO,612-20-4,11,SY3H3D67F36B-1G,C=C(C)C(N)=O,79-39-0,35.50,109606-250G
C=C(C)C(=O)C1=CC=CC=C1CO,C=C(C)[C:2](=O)[c:1]1ccccc1CO,[c:1]-[C:2],"[1, 2]","[1, 2]",OCc1cccc[cH:1]1,1,C=C(C)[CH:2]=O,2,acid,3,chloride,4,O=C(O)c1ccccc1CO,612-20-4,11,SY3H3D67F36B-1G,C=C(C)C(=O)Cl,920-46-7,132.00,523216-100ML
C=C(C)C(=O)C1=CC=CC=C1CO,C=C(C)[C:2](=O)[c:1]1ccccc1CO,[c:1]-[C:2],"[1, 2]","[1, 2]",OCc1cccc[cH:1]1,1,C=C(C)[CH:2]=O,2,chloride,3,hydrogen,4,OCc1ccccc1Cl,17849-38-6,50.80,145467-10G,C=C(C)C=O,78-85-3,52.80,133035-5ML
C=C(C)C(=O)C1=CC=CC=C1CO,C=C(C)[C:2](=O)[c:1]1ccccc1CO,[c:1]-[C:2],"[1, 2]","[1, 2]",OCc1cccc[cH:1]1,1,C=C(C)[CH:2]=O,2,chloride,3,amine,4,OCc1ccccc1Cl,17849-38-6,50.80,145467-10G,C=C(C)C(N)=O,79-39-0,35.50,109606-250G
C=C(C)C(=O)C1=CC=CC=C1CO,C=C(C)[C:2](=O)[c:1]1ccccc1CO,[c:1]-[C:2],"[1, 2]","[1, 2]",OCc1cccc[cH:1]1,1,C=C(C)[CH:2]=O,2,chloride,3,chloride,4,OCc1ccccc1Cl,17849-38-6,50.80,145467-10G,C=C(C)C(=O)Cl,920-46-7,132.00,523216-100ML
C=C(C)C(=O)C1=CC=CC=C1CO,C=C(C)[C:2](=O)[c:1]1ccccc1CO,[c:1]-[C:2],"[1, 2]","[1, 2]",OCc1cccc[cH:1]1,1,C=C(C)[CH:2]=O,2,bromide,3,hydrogen,4,OCc1ccccc1Br,18982-54-2,39.00,184276-10G,C=C(C)C=O,78-85-3,52.80,133035-5ML
C=C(C)C(=O)C1=CC=CC=C1CO,C=C(C)[C:2](=O)[c:1]1ccccc1CO,[c:1]-[C:2],"[1, 2]","[1, 2]",OCc1cccc[cH:1]1,1,C=C(C)[CH:2]=O,2,bromide,3,amine,4,OCc1ccccc1Br,18982-54-2,39.00,184276-10G,C=C(C)C(N)=O,79-39-0,35.50,109606-250G
C=C(C)C(=O)C1=CC=CC=C1CO,C=C(C)[C:2](=O)[c:1]1ccccc1CO,[c:1]-[C:2],"[1, 2]","[1, 2]",OCc1cccc[cH:1]1,1,C=C(C)[CH:2]=O,2,bromide,3,chloride,4,OCc1ccccc1Br,18982-54-2,39.00,184276-10G,C=C(C)C(=O)Cl,920-46-7,132.00,523216-100ML
C=C(C)C(=O)C1=CC=CC=C1CO,C=C(C)[C:2](=O)[c:1]1ccccc1CO,[c:1]-[C:2],"[1, 2]","[1, 2]",OCc1cccc[cH:1]1,1,C=C(C)[CH:2]=O,2,iodide,3,hydrogen,4,OCc1ccccc1I,5159-41-1,62.50,183636-10G,C=C(C)C=O,78-85-3,52.80,133035-5ML
C=C(C)C(=O)C1=CC=CC=C1CO,C=C(C)[C:2](=O)[c:1]1ccccc1CO,[c:1]-[C:2],"[1, 2]","[1, 2]",OCc1cccc[cH:1]1,1,C=C(C)[CH:2]=O,2,iodide,3,amine,4,OCc1ccccc1I,5159-41-1,62.50,183636-10G,C=C(C)C(N)=O,79-39-0,35.50,109606-250G
C=C(C)C(=O)C1=CC=CC=C1CO,C=C(C)[C:2](=O)[c:1]1ccccc1CO,[c:1]-[C:2],"[1, 2]","[1, 2]",OCc1cccc[cH:1]1,1,C=C(C)[CH:2]=O,2,iodide,3,chloride,4,OCc1ccccc1I,5159-41-1,62.50,183636-10G,C=C(C)C(=O)Cl,920-46-7,132.00,523216-100ML
C=C(C)C(=O)C1=CC=CC=C1CO,C=C(C)[C:2](=O)[c:1]1ccccc1CO,[c:1]-[C:2],"[1, 2]","[1, 2]",OCc1cccc[cH:1]1,1,C=C(C)[CH:2]=O,2,boronate,3,hydrogen,4,OCc1ccccc1B(O)O,87199-14-2,99,SY3H3D67F31F-10G,C=C(C)C=O,78-85-3,52.80,133035-5ML
C=C(C)C(=O)C1=CC=CC=C1CO,C=C(C)[C:2](=O)[c:1]1ccccc1CO,[c:1]-[C:2],"[1, 2]","[1, 2]",OCc1cccc[cH:1]1,1,C=C(C)[CH:2]=O,2,boronate,3,amine,4,OCc1ccccc1B(O)O,87199-14-2,99,SY3H3D67F31F-10G,C=C(C)C(N)=O,79-39-0,35.50,109606-250G
C=C(C)C(=O)C1=CC=CC=C1CO,C=C(C)[C:2](=O)[c:1]1ccccc1CO,[c:1]-[C:2],"[1, 2]","[1, 2]",OCc1cccc[cH:1]1,1,C=C(C)[CH:2]=O,2,boronate,3,chloride,4,OCc1ccccc1B(O)O,87199-14-2,99,SY3H3D67F31F-10G,C=C(C)C(=O)Cl,920-46-7,132.00,523216-100ML
C=C(C)C(=O)C1=CC=CC=C1CO,C=[C:1](C)[C:2](=O)c1ccccc1CO,[C:1]-[C:2],"[1, 2]","[1, 2]",C=[CH:1]C,1,O=[CH:2]c1ccccc1CO,2,hydrogen,3,amine,4,C=CC,115-07-1,165.00,295663-100G,NC(=O)c1ccccc1CO,33832-98-3,1171.8,ENA308584911-5G
C=C(C)C(=O)C1=CC=CC=C1CO,C=[C:1](C)[C:2](=O)c1ccccc1CO,[C:1]-[C:2],"[1, 2]","[1, 2]",C=[CH:1]C,1,O=[CH:2]c1ccccc1CO,2,acid,3,amine,4,C=C(C)C(=O)O,79-41-4,14.90,155721-5G,NC(=O)c1ccccc1CO,33832-98-3,1171.8,ENA308584911-5G
C=C(C)C(=O)C1=CC=CC=C1CO,C=[C:1](C)[C:2](=O)c1ccccc1CO,[C:1]-[C:2],"[1, 2]","[1, 2]",C=[CH:1]C,1,O=[CH:2]c1ccccc1CO,2,chloride,3,amine,4,C=C(C)Cl,557-98-2,79.70,254355-5G,NC(=O)c1ccccc1CO,33832-98-3,1171.8,ENA308584911-5G
C=C(C)C(=O)C1=CC=CC=C1CO,C=[C:1](C)[C:2](=O)c1ccccc1CO,[C:1]-[C:2],"[1, 2]","[1, 2]",C=[CH:1]C,1,O=[CH:2]c1ccccc1CO,2,bromide,3,amine,4,C=C(C)Br,557-93-7,76.60,B78254-10G,NC(=O)c1ccccc1CO,33832-98-3,1171.8,ENA308584911-5G
C=C(C)C(=O)C1=CC=CC=C1CO,C=[C:1](C)[C:2](=O)c1ccccc1CO,[C:1]-[C:2],"[1, 2]","[1, 2]",C=[CH:1]C,1,O=[CH:2]c1ccccc1CO,2,boronate,3,amine,4,C=C(C)B(O)O,14559-87-6,114.4,AMBH93D53636-100MG,NC(=O)c1ccccc1CO,33832-98-3,1171.8,ENA308584911-5G
CN(C)C1=CC=C(CNC(=O)COC2=CC=CC=C2Br)C=C1,CN(C)c1cc[c:1]([CH2:2]NC(=O)COc2ccccc2Br)cc1,[c:1]-[C:2],"[1, 2]","[1, 2]",CN(C)c1cc[cH:1]cc1,1,O=C(COc1ccccc1Br)N[CH3:2],2,hydrogen,3,hydrogen,4,CN(C)c1ccccc1,121-69-7,69.50,407275-100ML,CNC(=O)COc1ccccc1Br,,55.10,CDS005859-100MG
CN(C)C1=CC=C(CNC(=O)COC2=CC=CC=C2Br)C=C1,CN(C)c1cc[c:1]([CH2:2]NC(=O)COc2ccccc2Br)cc1,[c:1]-[C:2],"[1, 2]","[1, 2]",CN(C)c1cc[cH:1]cc1,1,O=C(COc1ccccc1Br)N[CH3:2],2,alcohol,3,hydrogen,4,CN(C)c1ccc(O)cc1,619-60-3,63.8,AMBH2D6F42E4-10G,CNC(=O)COc1ccccc1Br,,55.10,CDS005859-100MG
CN(C)C1=CC=C(CNC(=O)COC2=CC=CC=C2Br)C=C1,CN(C)c1cc[c:1]([CH2:2]NC(=O)COc2ccccc2Br)cc1,[c:1]-[C:2],"[1, 2]","[1, 2]",CN(C)c1cc[cH:1]cc1,1,O=C(COc1ccccc1Br)N[CH3:2],2,amine,3,hydrogen,4,CN(C)c1ccc(N)cc1,99-98-9,58.30,07750-25G,CNC(=O)COc1ccccc1Br,,55.10,CDS005859-100MG
CN(C)C1=CC=C(CNC(=O)COC2=CC=CC=C2Br)C=C1,CN(C)c1cc[c:1]([CH2:2]NC(=O)COc2ccccc2Br)cc1,[c:1]-[C:2],"[1, 2]","[1, 2]",CN(C)c1cc[cH:1]cc1,1,O=C(COc1ccccc1Br)N[CH3:2],2,acid,3,hydrogen,4,CN(C)c1ccc(C(=O)O)cc1,619-84-1,38.10,D139459-25G,CNC(=O)COc1ccccc1Br,,55.10,CDS005859-100MG
CN(C)C1=CC=C(CNC(=O)COC2=CC=CC=C2Br)C=C1,CN(C)c1cc[c:1]([CH2:2]NC(=O)COc2ccccc2Br)cc1,[c:1]-[C:2],"[1, 2]","[1, 2]",CN(C)c1cc[cH:1]cc1,1,O=C(COc1ccccc1Br)N[CH3:2],2,chloride,3,hydrogen,4,CN(C)c1ccc(Cl)cc1,698-69-1,171.6,AMBH2D6F88CC-5G,CNC(=O)COc1ccccc1Br,,55.10,CDS005859-100MG
CN(C)C1=CC=C(CNC(=O)COC2=CC=CC=C2Br)C=C1,CN(C)c1cc[c:1]([CH2:2]NC(=O)COc2ccccc2Br)cc1,[c:1]-[C:2],"[1, 2]","[1, 2]",CN(C)c1cc[cH:1]cc1,1,O=C(COc1ccccc1Br)N[CH3:2],2,bromide,3,hydrogen,4,CN(C)c1ccc(Br)cc1,586-77-6,37.90,242950-25G,CNC(=O)COc1ccccc1Br,,55.10,CDS005859-100MG
CN(C)C1=CC=C(CNC(=O)COC2=CC=CC=C2Br)C=C1,CN(C)c1cc[c:1]([CH2:2]NC(=O)COc2ccccc2Br)cc1,[c:1]-[C:2],"[1, 2]","[1, 2]",CN(C)c1cc[cH:1]cc1,1,O=C(COc1ccccc1Br)N[CH3:2],2,iodide,3,hydrogen,4,CN(C)c1ccc(I)cc1,698-70-4,328.9,AMBH2D6F6E53-5G,CNC(=O)COc1ccccc1Br,,55.10,CDS005859-100MG
CN(C)C1=CC=C(CNC(=O)COC2=CC=CC=C2Br)C=C1,CN(C)c1cc[c:1]([CH2:2]NC(=O)COc2ccccc2Br)cc1,[c:1]-[C:2],"[1, 2]","[1, 2]",CN(C)c1cc[cH:1]cc1,1,O=C(COc1ccccc1Br)N[CH3:2],2,boronate,3,hydrogen,4,CN(C)c1ccc(B(O)O)cc1,28611-39-4,47.10,483532-1G,CNC(=O)COc1ccccc1Br,,55.10,CDS005859-100MG
CN(C)C1=CC=C(CNC(=O)COC2=CC=CC=C2Br)C=C1,CN(C)c1ccc([CH2:1][NH:2]C(=O)COc2ccccc2Br)cc1,[C:1]-[N:2],"[1, 2]","[1, 2]",CN(C)c1ccc([CH3:1])cc1,1,O=C(COc1ccccc1Br)[NH2:2],2,hydrogen,3,amine,4,Cc1ccc(N(C)C)cc1,99-97-8,48.90,41690-100ML,NNC(=O)COc1ccccc1Br,328085-17-2,107.8,CH4017936575-1G
CN(C)C1=CC=C(CNC(=O)COC2=CC=CC=C2Br)C=C1,CN(C)c1ccc([CH2:1][NH:2]C(=O)COc2ccccc2Br)cc1,[C:1]-[N:2],"[1, 2]","[1, 2]",CN(C)c1ccc([CH3:1])cc1,1,O=C(COc1ccccc1Br)[NH2:2],2,alcohol,3,amine,4,CN(C)c1ccc(CO)cc1,1703-46-4,319,SY3H6E412121-5G,NNC(=O)COc1ccccc1Br,328085-17-2,107.8,CH4017936575-1G
CN(C)C1=CC=C(CNC(=O)COC2=CC=CC=C2Br)C=C1,CN(C)c1ccc([CH2:1][NH:2]C(=O)COc2ccccc2Br)cc1,[C:1]-[N:2],"[1, 2]","[1, 2]",CN(C)c1ccc([CH3:1])cc1,1,O=C(COc1ccccc1Br)[NH2:2],2,amine,3,amine,4,CN(C)c1ccc(CN)cc1,19293-58-4,16.5,APO455832970-250MG,NNC(=O)COc1ccccc1Br,328085-17-2,107.8,CH4017936575-1G
CN(C)C1=CC=C(CNC(=O)COC2=CC=CC=C2Br)C=C1,CN(C)c1ccc([CH2:1][NH:2]C(=O)COc2ccccc2Br)cc1,[C:1]-[N:2],"[1, 2]","[1, 2]",CN(C)c1ccc([CH3:1])cc1,1,O=C(COc1ccccc1Br)[NH2:2],2,acid,3,amine,4,CN(C)c1ccc(CC(=O)O)cc1,17078-28-3,152.00,374032-5G,NNC(=O)COc1ccccc1Br,328085-17-2,107.8,CH4017936575-1G
CN(C)C1=CC=C(CNC(=O)COC2=CC=CC=C2Br)C=C1,CN(C)c1ccc(C[NH:2][C:1](=O)COc2ccccc2Br)cc1,[C:1]-[N:2],"[1, 2]","[1, 2]",O=[CH:1]COc1ccccc1Br,1,CN(C)c1ccc(C[NH2:2])cc1,2,chloride,3,hydrogen,4,O=C(Cl)COc1ccccc1Br,39784-10-6,181.25,COMH0423886E-500MG,CN(C)c1ccc(CN)cc1,19293-58-4,16.5,APO455832970-250MG
CN(C)C1=CC=C(CNC(=O)COC2=CC=CC=C2Br)C=C1,CN(C)c1ccc(CNC(=O)[CH2:1][O:2]c2ccccc2Br)cc1,[C:1]-[O:2],"[1, 2]","[1, 2]",CN(C)c1ccc(CNC(=O)[CH3:1])cc1,1,Brc1ccccc1[OH:2],2,bromide,3,hydrogen,4,CN(C)c1ccc(CNC(=O)CBr)cc1,1339403-46-1,225,COMH042396A7-1G,Oc1ccccc1Br,95-56-7,57.50,130915-10G
CC(C)(C)OC(=O)N1C(C=O)=CC2=CC(N)=CC=C21,CC(C)(C)OC(=O)n1c2ccc(N)cc2c[c:1]1[CH:2]=O,[c:1]-[C:2],"[1, 2]","[1, 2]",CC(C)(C)OC(=O)n1c2ccc(N)cc2c[cH:1]1,1,O=[CH2:2],2,hydrogen,3,hydrogen,4,CC(C)(C)OC(=O)n1ccc2cc(N)ccc21,166104-20-7,215.6,AMBH2D6EF64D-5G,C=O,50-00-0,28.90,252549-25ML
CC(C)(C)OC(=O)N1C(C=O)=CC2=CC(N)=CC=C21,CC(C)(C)OC(=O)n1c2ccc(N)cc2c[c:1]1[CH:2]=O,[c:1]-[C:2],"[1, 2]","[1, 2]",CC(C)(C)OC(=O)n1c2ccc(N)cc2c[cH:1]1,1,O=[CH2:2],2,hydrogen,3,amine,4,CC(C)(C)OC(=O)n1ccc2cc(N)ccc21,166104-20-7,215.6,AMBH2D6EF64D-5G,NC=O,,133.00,612707-1EA
CC(C)(C)OC(=O)N1C(C=O)=CC2=CC(N)=CC=C21,CC(C)(C)OC(=O)n1c2ccc(N)cc2c[c:1]1[CH:2]=O,[c:1]-[C:2],"[1, 2]","[1, 2]",CC(C)(C)OC(=O)n1c2ccc(N)cc2c[cH:1]1,1,O=[CH2:2],2,hydrogen,3,acid,4,CC(C)(C)OC(=O)n1ccc2cc(N)ccc21,166104-20-7,215.6,AMBH2D6EF64D-5G,O=CC(=O)O,298-12-4,37.80,260150-250G-A
CCCC(CC(C)CCCC(C)C)N=O,CCCC(N=O)[CH2:1][CH:2](C)CCCC(C)C,[C:1]-[C:2],"[1, 2]","[1, 2]",CCCC(N=O)[CH3:1],1,CC(C)CCC[CH2:2]C,2,hydrogen,3,hydrogen,4,CCCC(C)N=O,623-40-5,205.8,ENA444725729-500MG,CCCCCC(C)C,592-27-8,135.00,M47949-5G
CC1=CC=CC(C2=NN=C(COC(=O)C3=CC=CC=C3C(=O)C3=CC=CC=C3)O2)=C1,Cc1cccc(-c2nn[c:1]([CH2:2]OC(=O)c3ccccc3C(=O)c3ccccc3)o2)c1,[c:1]-[C:2],"[1, 2]","[1, 2]",Cc1cccc(-c2nn[cH:1]o2)c1,1,O=C(O[CH3:2])c1ccccc1C(=O)c1ccccc1,2,hydrogen,3,hydrogen,4,Cc1cccc(-c2nnco2)c1,41421-00-5,225.0,COM448684552-5G,COC(=O)c1ccccc1C(=O)c1ccccc1,606-28-0,109.00,559830-25G
CC1=CC=CC(C2=NN=C(COC(=O)C3=CC=CC=C3C(=O)C3=CC=CC=C3)O2)=C1,Cc1cccc(-c2nn[c:1]([CH2:2]OC(=O)c3ccccc3C(=O)c3ccccc3)o2)c1,[c:1]-[C:2],"[1, 2]","[1, 2]",Cc1cccc(-c2nn[cH:1]o2)c1,1,O=C(O[CH3:2])c1ccccc1C(=O)c1ccccc1,2,alcohol,3,hydrogen,4,Cc1cccc(-c2nnc(O)o2)c1,119933-33-4,743.75,COM448684602-5G,COC(=O)c1ccccc1C(=O)c1ccccc1,606-28-0,109.00,559830-25G
CC1=CC=CC(C2=NN=C(COC(=O)C3=CC=CC=C3C(=O)C3=CC=CC=C3)O2)=C1,Cc1cccc(-c2nn[c:1]([CH2:2]OC(=O)c3ccccc3C(=O)c3ccccc3)o2)c1,[c:1]-[C:2],"[1, 2]","[1, 2]",Cc1cccc(-c2nn[cH:1]o2)c1,1,O=C(O[CH3:2])c1ccccc1C(=O)c1ccccc1,2,amine,3,hydrogen,4,Cc1cccc(-c2nnc(N)o2)c1,109060-64-2,50.6,CH4183975488-1G,COC(=O)c1ccccc1C(=O)c1ccccc1,606-28-0,109.00,559830-25G
CC1=CC=CC(C2=NN=C(COC(=O)C3=CC=CC=C3C(=O)C3=CC=CC=C3)O2)=C1,Cc1cccc(-c2nnc([CH2:1][O:2]C(=O)c3ccccc3C(=O)c3ccccc3)o2)c1,[C:1]-[O:2],"[1, 2]","[1, 2]",Cc1cccc(-c2nnc([CH3:1])o2)c1,1,O=C(c1ccccc1)c1ccccc1C(=O)[OH:2],2,alcohol,3,hydrogen,4,Cc1cccc(-c2nnc(CO)o2)c1,54014-05-0,909.3,ENA300791456-5G,O=C(O)c1ccccc1C(=O)c1ccccc1,85-52-9,25.90,B12385-25G
CC1=CC=CC(C2=NN=C(COC(=O)C3=CC=CC=C3C(=O)C3=CC=CC=C3)O2)=C1,Cc1cccc(-c2nnc([CH2:1][O:2]C(=O)c3ccccc3C(=O)c3ccccc3)o2)c1,[C:1]-[O:2],"[1, 2]","[1, 2]",Cc1cccc(-c2nnc([CH3:1])o2)c1,1,O=C(c1ccccc1)c1ccccc1C(=O)[OH:2],2,chloride,3,hydrogen,4,Cc1cccc(-c2nnc(CCl)o2)c1,24023-73-2,350.0,COM448684613-5G,O=C(O)c1ccccc1C(=O)c1ccccc1,85-52-9,25.90,B12385-25G
CCN1CCN(C(C)C(C)C)CC1,CCN1CCN([CH:1](C)[CH:2](C)C)CC1,[C:1]-[C:2],"[1, 2]","[1, 2]",CCN1CCN([CH2:1]C)CC1,1,C[CH2:2]C,2,hydrogen,3,hydrogen,4,CCN1CCN(CC)CC1,6483-50-7,25,COMH93D663AE-1G,CCC,74-98-6,360.00,536172-145G
CCN1CCN(C(C)C(C)C)CC1,CCN1CCN([CH:1](C)[CH:2](C)C)CC1,[C:1]-[C:2],"[1, 2]","[1, 2]",CCN1CCN([CH2:1]C)CC1,1,C[CH2:2]C,2,hydrogen,3,alcohol,4,CCN1CCN(CC)CC1,6483-50-7,25,COMH93D663AE-1G,CC(C)O,67-63-0,366.00,1570428-3AMP
CCN1CCN(C(C)C(C)C)CC1,CCN1CCN([CH:1](C)[CH:2](C)C)CC1,[C:1]-[C:2],"[1, 2]","[1, 2]",CCN1CCN([CH2:1]C)CC1,1,C[CH2:2]C,2,hydrogen,3,amine,4,CCN1CCN(CC)CC1,6483-50-7,25,COMH93D663AE-1G,CC(C)N,75-31-0,20.50,471291-25ML
CCN1CCN(C(C)C(C)C)CC1,CCN1CCN([CH:1](C)[CH:2](C)C)CC1,[C:1]-[C:2],"[1, 2]","[1, 2]",CCN1CCN([CH2:1]C)CC1,1,C[CH2:2]C,2,hydrogen,3,acid,4,CCN1CCN(CC)CC1,6483-50-7,25,COMH93D663AE-1G,CC(C)C(=O)O,79-31-2,34.80,I1754-100ML
CCN1CCN(C(C)C(C)C)CC1,CCN1CCN([CH:1](C)[CH:2](C)C)CC1,[C:1]-[C:2],"[1, 2]","[1, 2]",CCN1CCN([CH2:1]C)CC1,1,C[CH2:2]C,2,hydrogen,3,chloride,4,CCN1CCN(CC)CC1,6483-50-7,25,COMH93D663AE-1G,CC(C)Cl,75-29-6,31.10,240613-100ML
CCN1CCN(C(C)C(C)C)CC1,CCN1CCN([CH:1](C)[CH:2](C)C)CC1,[C:1]-[C:2],"[1, 2]","[1, 2]",CCN1CCN([CH2:1]C)CC1,1,C[CH2:2]C,2,hydrogen,3,bromide,4,CCN1CCN(CC)CC1,6483-50-7,25,COMH93D663AE-1G,CC(C)Br,75-26-3,23.10,B78114-100G
CCN1CCN(C(C)C(C)C)CC1,CCN1CCN([CH:1](C)[CH:2](C)C)CC1,[C:1]-[C:2],"[1, 2]","[1, 2]",CCN1CCN([CH2:1]C)CC1,1,C[CH2:2]C,2,hydrogen,3,iodide,4,CCN1CCN(CC)CC1,6483-50-7,25,COMH93D663AE-1G,CC(C)I,75-30-9,26.10,148938-5G
CCN1CCN(C(C)C(C)C)CC1,CCN1CCN([CH:1](C)[CH:2](C)C)CC1,[C:1]-[C:2],"[1, 2]","[1, 2]",CCN1CCN([CH2:1]C)CC1,1,C[CH2:2]C,2,hydrogen,3,boronate,4,CCN1CCN(CC)CC1,6483-50-7,25,COMH93D663AE-1G,CC(C)B(O)O,80041-89-0,44.70,648787-1G
CCN1CCN(C(C)C(C)C)CC1,CCN1CC[N:2]([CH:1](C)C(C)C)CC1,[C:1]-[N:2],"[1, 2]","[1, 2]",CC(C)[CH2:1]C,1,CCN1CC[NH:2]CC1,2,hydrogen,3,hydrogen,4,CCC(C)C,78-78-4,88.20,277258-100ML,CCN1CCNCC1,5308-25-8,37.90,415308-50ML
C=C(C#N)COC(=O)CC#N,C=[C:1](COC(=O)CC#N)[C:2]#N,[C:1]-[C:2],"[1, 2]","[1, 2]",C=[CH:1]COC(=O)CC#N,1,N#[CH:2],2,hydrogen,3,bromide,4,C=CCOC(=O)CC#N,13361-32-5,721.00,691186-1KG,N#CBr,506-68-3,85.50,261610-100ML
C=C(C#N)COC(=O)CC#N,C=[C:1](C#N)[CH2:2]OC(=O)CC#N,[C:1]-[C:2],"[1, 2]","[1, 2]",C=[CH:1]C#N,1,N#CCC(=O)O[CH3:2],2,hydrogen,3,hydrogen,4,C=CC#N,107-13-1,66.60,320137-1L,COC(=O)CC#N,105-34-0,37.30,108421-25G
C=C(C#N)COC(=O)CC#N,C=[C:1](C#N)[CH2:2]OC(=O)CC#N,[C:1]-[C:2],"[1, 2]","[1, 2]",C=[CH:1]C#N,1,N#CCC(=O)O[CH3:2],2,chloride,3,hydrogen,4,C=C(Cl)C#N,920-37-6,44.40,C22369-5G,COC(=O)CC#N,105-34-0,37.30,108421-25G
C=C(C#N)COC(=O)CC#N,C=[C:1](C#N)[CH2:2]OC(=O)CC#N,[C:1]-[C:2],"[1, 2]","[1, 2]",C=[CH:1]C#N,1,N#CCC(=O)O[CH3:2],2,bromide,3,hydrogen,4,C=C(Br)C#N,920-34-3,109.2,ENAH03855D40-250MG,COC(=O)CC#N,105-34-0,37.30,108421-25G
NC1=CC=CC2=CC(CO)=NN12,Nc1cccc2c[c:1]([CH2:2]O)nn12,[c:1]-[C:2],"[1, 2]","[1, 2]",Nc1cccc2c[cH:1]nn12,1,O[CH3:2],2,hydrogen,3,hydrogen,4,Nc1cccc2ccnn12,1554453-28-9,395.85,ENA947416423-100MG,CO,67-56-1,30.20,M3641-500ML
NC1=CC=CC2=CC(CO)=NN12,Nc1cccc2c[c:1]([CH2:2]O)nn12,[c:1]-[C:2],"[1, 2]","[1, 2]",Nc1cccc2c[cH:1]nn12,1,O[CH3:2],2,hydrogen,3,acid,4,Nc1cccc2ccnn12,1554453-28-9,395.85,ENA947416423-100MG,O=C(O)CO,79-14-1,27.00,G8284-10MG
NC1=CC=CC2=CC(CO)=NN12,OCc1cc2ccc[c:1]([NH2:2])n2n1,[c:1]-[N:2],"[1, 2]","[1, 2]",OCc1cc2ccc[cH:1]n2n1,1,[NH3:2],2,hydrogen,3,hydrogen,4,OCc1cc2ccccn2n1,76943-47-0,210.0,JWPH3249E009-100MG,N,7664-41-7,607.00,294993-170G
NC1=CC=CC2=CC(CO)=NN12,OCc1cc2ccc[c:1]([NH2:2])n2n1,[c:1]-[N:2],"[1, 2]","[1, 2]",OCc1cc2ccc[cH:1]n2n1,1,[NH3:2],2,hydrogen,3,alcohol,4,OCc1cc2ccccn2n1,76943-47-0,210.0,JWPH3249E009-100MG,NO,7803-49-8,42.80,467804-10ML
NC1=CC=CC2=CC(CO)=NN12,OCc1cc2ccc[c:1]([NH2:2])n2n1,[c:1]-[N:2],"[1, 2]","[1, 2]",OCc1cc2ccc[cH:1]n2n1,1,[NH3:2],2,hydrogen,3,amine,4,OCc1cc2ccccn2n1,76943-47-0,210.0,JWPH3249E009-100MG,NN,302-01-2,55.90,901596-25ML
CC(S)C1=CC=CC=C1S,C[CH:2](S)[c:1]1ccccc1S,[c:1]-[C:2],"[1, 2]","[1, 2]",Sc1cccc[cH:1]1,1,C[CH2:2]S,2,hydrogen,3,hydrogen,4,Sc1ccccc1,108-98-5,32.20,240249-10G,CCS,75-08-1,32.70,E3708-100ML
CC(S)C1=CC=CC=C1S,C[CH:2](S)[c:1]1ccccc1S,[c:1]-[C:2],"[1, 2]","[1, 2]",Sc1cccc[cH:1]1,1,C[CH2:2]S,2,hydrogen,3,acid,4,Sc1ccccc1,108-98-5,32.20,240249-10G,CC(S)C(=O)O,79-42-5,153.00,W318000-1KG-K
CC(S)C1=CC=CC=C1S,C[CH:2](S)[c:1]1ccccc1S,[c:1]-[C:2],"[1, 2]","[1, 2]",Sc1cccc[cH:1]1,1,C[CH2:2]S,2,alcohol,3,hydrogen,4,Oc1ccccc1S,1121-24-0,53.80,465348-1G,CCS,75-08-1,32.70,E3708-100ML
CC(S)C1=CC=CC=C1S,C[CH:2](S)[c:1]1ccccc1S,[c:1]-[C:2],"[1, 2]","[1, 2]",Sc1cccc[cH:1]1,1,C[CH2:2]S,2,alcohol,3,acid,4,Oc1ccccc1S,1121-24-0,53.80,465348-1G,CC(S)C(=O)O,79-42-5,153.00,W318000-1KG-K
CC(S)C1=CC=CC=C1S,C[CH:2](S)[c:1]1ccccc1S,[c:1]-[C:2],"[1, 2]","[1, 2]",Sc1cccc[cH:1]1,1,C[CH2:2]S,2,amine,3,hydrogen,4,Nc1ccccc1S,137-07-5,75.70,123137-100G,CCS,75-08-1,32.70,E3708-100ML
CC(S)C1=CC=CC=C1S,C[CH:2](S)[c:1]1ccccc1S,[c:1]-[C:2],"[1, 2]","[1, 2]",Sc1cccc[cH:1]1,1,C[CH2:2]S,2,amine,3,acid,4,Nc1ccccc1S,137-07-5,75.70,123137-100G,CC(S)C(=O)O,79-42-5,153.00,W318000-1KG-K
CC(S)C1=CC=CC=C1S,C[CH:2](S)[c:1]1ccccc1S,[c:1]-[C:2],"[1, 2]","[1, 2]",Sc1cccc[cH:1]1,1,C[CH2:2]S,2,acid,3,hydrogen,4,O=C(O)c1ccccc1S,147-93-3,16.10,T33200-5G,CCS,75-08-1,32.70,E3708-100ML
CC(S)C1=CC=CC=C1S,C[CH:2](S)[c:1]1ccccc1S,[c:1]-[C:2],"[1, 2]","[1, 2]",Sc1cccc[cH:1]1,1,C[CH2:2]S,2,acid,3,acid,4,O=C(O)c1ccccc1S,147-93-3,16.10,T33200-5G,CC(S)C(=O)O,79-42-5,153.00,W318000-1KG-K
CC(S)C1=CC=CC=C1S,C[CH:2](S)[c:1]1ccccc1S,[c:1]-[C:2],"[1, 2]","[1, 2]",Sc1cccc[cH:1]1,1,C[CH2:2]S,2,chloride,3,hydrogen,4,Sc1ccccc1Cl,6320-03-2,54.40,247146-5G,CCS,75-08-1,32.70,E3708-100ML
CC(S)C1=CC=CC=C1S,C[CH:2](S)[c:1]1ccccc1S,[c:1]-[C:2],"[1, 2]","[1, 2]",Sc1cccc[cH:1]1,1,C[CH2:2]S,2,chloride,3,acid,4,Sc1ccccc1Cl,6320-03-2,54.40,247146-5G,CC(S)C(=O)O,79-42-5,153.00,W318000-1KG-K
CC(S)C1=CC=CC=C1S,C[CH:2](S)[c:1]1ccccc1S,[c:1]-[C:2],"[1, 2]","[1, 2]",Sc1cccc[cH:1]1,1,C[CH2:2]S,2,bromide,3,hydrogen,4,Sc1ccccc1Br,6320-02-1,121.00,242659-10G,CCS,75-08-1,32.70,E3708-100ML
CC(S)C1=CC=CC=C1S,C[CH:2](S)[c:1]1ccccc1S,[c:1]-[C:2],"[1, 2]","[1, 2]",Sc1cccc[cH:1]1,1,C[CH2:2]S,2,bromide,3,acid,4,Sc1ccccc1Br,6320-02-1,121.00,242659-10G,CC(S)C(=O)O,79-42-5,153.00,W318000-1KG-K
CC(S)C1=CC=CC=C1S,C[CH:2](S)[c:1]1ccccc1S,[c:1]-[C:2],"[1, 2]","[1, 2]",Sc1cccc[cH:1]1,1,C[CH2:2]S,2,iodide,3,hydrogen,4,Sc1ccccc1I,37972-89-7,3900,COM497520676-5G,CCS,75-08-1,32.70,E3708-100ML
CC(S)C1=CC=CC=C1S,C[CH:2](S)[c:1]1ccccc1S,[c:1]-[C:2],"[1, 2]","[1, 2]",Sc1cccc[cH:1]1,1,C[CH2:2]S,2,iodide,3,acid,4,Sc1ccccc1I,37972-89-7,3900,COM497520676-5G,CC(S)C(=O)O,79-42-5,153.00,W318000-1KG-K
CC(S)C1=CC=CC=C1S,CC(S)c1cccc[c:1]1[SH:2],[c:1]-[S:2],"[1, 2]","[1, 2]",CC(S)c1cccc[cH:1]1,1,[SH2:2],2,hydrogen,3,hydrogen,4,CC(S)c1ccccc1,,55.10,CDS000677-100MG,S,7783-06-4,477.00,295442-227G
CC(S)C1=CC=CC=C1S,CC(S)c1cccc[c:1]1[SH:2],[c:1]-[S:2],"[1, 2]","[1, 2]",CC(S)c1cccc[cH:1]1,1,[SH2:2],2,chloride,3,hydrogen,4,CC(S)c1ccccc1Cl,1016716-81-6,790.65,ENA245487727-2.5G,S,7783-06-4,477.00,295442-227G
CC(S)C1=CC=CC=C1S,C[CH:1](c1ccccc1S)[SH:2],[C:1]-[S:2],"[1, 2]","[1, 2]",C[CH2:1]c1ccccc1S,1,[SH2:2],2,hydrogen,3,hydrogen,4,CCc1ccccc1S,4500-58-7,108.00,307998-5G,S,7783-06-4,477.00,295442-227G
CCC(C)C1=CN=C2N=CC=CC2=C1,CC[CH:2](C)[c:1]1cnc2ncccc2c1,[c:1]-[C:2],"[1, 2]","[1, 2]",c1cnc2nc[cH:1]cc2c1,1,CC[CH2:2]C,2,hydrogen,3,hydrogen,4,c1cnc2ncccc2c1,,55.10,CDS021459-10MG,CCCC,,85.70,443670-12EA
CCC(C)C1=CN=C2N=CC=CC2=C1,CC[CH:2](C)[c:1]1cnc2ncccc2c1,[c:1]-[C:2],"[1, 2]","[1, 2]",c1cnc2nc[cH:1]cc2c1,1,CC[CH2:2]C,2,hydrogen,3,alcohol,4,c1cnc2ncccc2c1,,55.10,CDS021459-10MG,CCC(C)O,78-92-2,50.90,294810-100ML
CCC(C)C1=CN=C2N=CC=CC2=C1,CC[CH:2](C)[c:1]1cnc2ncccc2c1,[c:1]-[C:2],"[1, 2]","[1, 2]",c1cnc2nc[cH:1]cc2c1,1,CC[CH2:2]C,2,hydrogen,3,amine,4,c1cnc2ncccc2c1,,55.10,CDS021459-10MG,CCC(C)N,13952-84-6,27.70,B89000-100ML
CCC(C)C1=CN=C2N=CC=CC2=C1,CC[CH:2](C)[c:1]1cnc2ncccc2c1,[c:1]-[C:2],"[1, 2]","[1, 2]",c1cnc2nc[cH:1]cc2c1,1,CC[CH2:2]C,2,hydrogen,3,acid,4,c1cnc2ncccc2c1,,55.10,CDS021459-10MG,CCC(C)C(=O)O,116-53-0,75.00,W269514-100G-K
CCC(C)C1=CN=C2N=CC=CC2=C1,CC[CH:2](C)[c:1]1cnc2ncccc2c1,[c:1]-[C:2],"[1, 2]","[1, 2]",c1cnc2nc[cH:1]cc2c1,1,CC[CH2:2]C,2,hydrogen,3,chloride,4,c1cnc2ncccc2c1,,55.10,CDS021459-10MG,CCC(C)Cl,78-86-4,22.90,C28898-100ML
CCC(C)C1=CN=C2N=CC=CC2=C1,CC[CH:2](C)[c:1]1cnc2ncccc2c1,[c:1]-[C:2],"[1, 2]","[1, 2]",c1cnc2nc[cH:1]cc2c1,1,CC[CH2:2]C,2,hydrogen,3,bromide,4,c1cnc2ncccc2c1,,55.10,CDS021459-10MG,CCC(C)Br,78-76-2,33.30,B59500-100G
CCC(C)C1=CN=C2N=CC=CC2=C1,CC[CH:2](C)[c:1]1cnc2ncccc2c1,[c:1]-[C:2],"[1, 2]","[1, 2]",c1cnc2nc[cH:1]cc2c1,1,CC[CH2:2]C,2,hydrogen,3,iodide,4,c1cnc2ncccc2c1,,55.10,CDS021459-10MG,CCC(C)I,513-48-4,36.10,244325-5G
CCC(C)C1=CN=C2N=CC=CC2=C1,CC[CH:2](C)[c:1]1cnc2ncccc2c1,[c:1]-[C:2],"[1, 2]","[1, 2]",c1cnc2nc[cH:1]cc2c1,1,CC[CH2:2]C,2,hydrogen,3,boronate,4,c1cnc2ncccc2c1,,55.10,CDS021459-10MG,CCC(C)B(O)O,88496-88-2,54.70,687200-1G
CCC(C)C1=CN=C2N=CC=CC2=C1,CC[CH:2](C)[c:1]1cnc2ncccc2c1,[c:1]-[C:2],"[1, 2]","[1, 2]",c1cnc2nc[cH:1]cc2c1,1,CC[CH2:2]C,2,amine,3,hydrogen,4,Nc1cnc2ncccc2c1,61323-19-1,478.75,LIF372153189-1G,CCCC,,85.70,443670-12EA
CCC(C)C1=CN=C2N=CC=CC2=C1,CC[CH:2](C)[c:1]1cnc2ncccc2c1,[c:1]-[C:2],"[1, 2]","[1, 2]",c1cnc2nc[cH:1]cc2c1,1,CC[CH2:2]C,2,amine,3,alcohol,4,Nc1cnc2ncccc2c1,61323-19-1,478.75,LIF372153189-1G,CCC(C)O,78-92-2,50.90,294810-100ML
CCC(C)C1=CN=C2N=CC=CC2=C1,CC[CH:2](C)[c:1]1cnc2ncccc2c1,[c:1]-[C:2],"[1, 2]","[1, 2]",c1cnc2nc[cH:1]cc2c1,1,CC[CH2:2]C,2,amine,3,amine,4,Nc1cnc2ncccc2c1,61323-19-1,478.75,LIF372153189-1G,CCC(C)N,13952-84-6,27.70,B89000-100ML
CCC(C)C1=CN=C2N=CC=CC2=C1,CC[CH:2](C)[c:1]1cnc2ncccc2c1,[c:1]-[C:2],"[1, 2]","[1, 2]",c1cnc2nc[cH:1]cc2c1,1,CC[CH2:2]C,2,amine,3,acid,4,Nc1cnc2ncccc2c1,61323-19-1,478.75,LIF372153189-1G,CCC(C)C(=O)O,116-53-0,75.00,W269514-100G-K
CCC(C)C1=CN=C2N=CC=CC2=C1,CC[CH:2](C)[c:1]1cnc2ncccc2c1,[c:1]-[C:2],"[1, 2]","[1, 2]",c1cnc2nc[cH:1]cc2c1,1,CC[CH2:2]C,2,amine,3,chloride,4,Nc1cnc2ncccc2c1,61323-19-1,478.75,LIF372153189-1G,CCC(C)Cl,78-86-4,22.90,C28898-100ML
CCC(C)C1=CN=C2N=CC=CC2=C1,CC[CH:2](C)[c:1]1cnc2ncccc2c1,[c:1]-[C:2],"[1, 2]","[1, 2]",c1cnc2nc[cH:1]cc2c1,1,CC[CH2:2]C,2,amine,3,bromide,4,Nc1cnc2ncccc2c1,61323-19-1,478.75,LIF372153189-1G,CCC(C)Br,78-76-2,33.30,B59500-100G
CCC(C)C1=CN=C2N=CC=CC2=C1,CC[CH:2](C)[c:1]1cnc2ncccc2c1,[c:1]-[C:2],"[1, 2]","[1, 2]",c1cnc2nc[cH:1]cc2c1,1,CC[CH2:2]C,2,amine,3,iodide,4,Nc1cnc2ncccc2c1,61323-19-1,478.75,LIF372153189-1G,CCC(C)I,513-48-4,36.10,244325-5G
CCC(C)C1=CN=C2N=CC=CC2=C1,CC[CH:2](C)[c:1]1cnc2ncccc2c1,[c:1]-[C:2],"[1, 2]","[1, 2]",c1cnc2nc[cH:1]cc2c1,1,CC[CH2:2]C,2,amine,3,boronate,4,Nc1cnc2ncccc2c1,61323-19-1,478.75,LIF372153189-1G,CCC(C)B(O)O,88496-88-2,54.70,687200-1G
CCC(C)C1=CN=C2N=CC=CC2=C1,CC[CH:2](C)[c:1]1cnc2ncccc2c1,[c:1]-[C:2],"[1, 2]","[1, 2]",c1cnc2nc[cH:1]cc2c1,1,CC[CH2:2]C,2,acid,3,hydrogen,4,O=C(O)c1cnc2ncccc2c1,104866-53-7,643.5,AMBH2D6F1928-1G,CCCC,,85.70,443670-12EA
CCC(C)C1=CN=C2N=CC=CC2=C1,CC[CH:2](C)[c:1]1cnc2ncccc2c1,[c:1]-[C:2],"[1, 2]","[1, 2]",c1cnc2nc[cH:1]cc2c1,1,CC[CH2:2]C,2,acid,3,alcohol,4,O=C(O)c1cnc2ncccc2c1,104866-53-7,643.5,AMBH2D6F1928-1G,CCC(C)O,78-92-2,50.90,294810-100ML
CCC(C)C1=CN=C2N=CC=CC2=C1,CC[CH:2](C)[c:1]1cnc2ncccc2c1,[c:1]-[C:2],"[1, 2]","[1, 2]",c1cnc2nc[cH:1]cc2c1,1,CC[CH2:2]C,2,acid,3,amine,4,O=C(O)c1cnc2ncccc2c1,104866-53-7,643.5,AMBH2D6F1928-1G,CCC(C)N,13952-84-6,27.70,B89000-100ML
CCC(C)C1=CN=C2N=CC=CC2=C1,CC[CH:2](C)[c:1]1cnc2ncccc2c1,[c:1]-[C:2],"[1, 2]","[1, 2]",c1cnc2nc[cH:1]cc2c1,1,CC[CH2:2]C,2,acid,3,acid,4,O=C(O)c1cnc2ncccc2c1,104866-53-7,643.5,AMBH2D6F1928-1G,CCC(C)C(=O)O,116-53-0,75.00,W269514-100G-K
CCC(C)C1=CN=C2N=CC=CC2=C1,CC[CH:2](C)[c:1]1cnc2ncccc2c1,[c:1]-[C:2],"[1, 2]","[1, 2]",c1cnc2nc[cH:1]cc2c1,1,CC[CH2:2]C,2,acid,3,chloride,4,O=C(O)c1cnc2ncccc2c1,104866-53-7,643.5,AMBH2D6F1928-1G,CCC(C)Cl,78-86-4,22.90,C28898-100ML
CCC(C)C1=CN=C2N=CC=CC2=C1,CC[CH:2](C)[c:1]1cnc2ncccc2c1,[c:1]-[C:2],"[1, 2]","[1, 2]",c1cnc2nc[cH:1]cc2c1,1,CC[CH2:2]C,2,acid,3,bromide,4,O=C(O)c1cnc2ncccc2c1,104866-53-7,643.5,AMBH2D6F1928-1G,CCC(C)Br,78-76-2,33.30,B59500-100G
CCC(C)C1=CN=C2N=CC=CC2=C1,CC[CH:2](C)[c:1]1cnc2ncccc2c1,[c:1]-[C:2],"[1, 2]","[1, 2]",c1cnc2nc[cH:1]cc2c1,1,CC[CH2:2]C,2,acid,3,iodide,4,O=C(O)c1cnc2ncccc2c1,104866-53-7,643.5,AMBH2D6F1928-1G,CCC(C)I,513-48-4,36.10,244325-5G
CCC(C)C1=CN=C2N=CC=CC2=C1,CC[CH:2](C)[c:1]1cnc2ncccc2c1,[c:1]-[C:2],"[1, 2]","[1, 2]",c1cnc2nc[cH:1]cc2c1,1,CC[CH2:2]C,2,acid,3,boronate,4,O=C(O)c1cnc2ncccc2c1,104866-53-7,643.5,AMBH2D6F1928-1G,CCC(C)B(O)O,88496-88-2,54.70,687200-1G
CCC(C)C1=CN=C2N=CC=CC2=C1,CC[CH:2](C)[c:1]1cnc2ncccc2c1,[c:1]-[C:2],"[1, 2]","[1, 2]",c1cnc2nc[cH:1]cc2c1,1,CC[CH2:2]C,2,chloride,3,hydrogen,4,Clc1cnc2ncccc2c1,35170-93-5,204.6,AMBH2D701B97-250MG,CCCC,,85.70,443670-12EA
CCC(C)C1=CN=C2N=CC=CC2=C1,CC[CH:2](C)[c:1]1cnc2ncccc2c1,[c:1]-[C:2],"[1, 2]","[1, 2]",c1cnc2nc[cH:1]cc2c1,1,CC[CH2:2]C,2,chloride,3,alcohol,4,Clc1cnc2ncccc2c1,35170-93-5,204.6,AMBH2D701B97-250MG,CCC(C)O,78-92-2,50.90,294810-100ML
CCC(C)C1=CN=C2N=CC=CC2=C1,CC[CH:2](C)[c:1]1cnc2ncccc2c1,[c:1]-[C:2],"[1, 2]","[1, 2]",c1cnc2nc[cH:1]cc2c1,1,CC[CH2:2]C,2,chloride,3,amine,4,Clc1cnc2ncccc2c1,35170-93-5,204.6,AMBH2D701B97-250MG,CCC(C)N,13952-84-6,27.70,B89000-100ML
CCC(C)C1=CN=C2N=CC=CC2=C1,CC[CH:2](C)[c:1]1cnc2ncccc2c1,[c:1]-[C:2],"[1, 2]","[1, 2]",c1cnc2nc[cH:1]cc2c1,1,CC[CH2:2]C,2,chloride,3,acid,4,Clc1cnc2ncccc2c1,35170-93-5,204.6,AMBH2D701B97-250MG,CCC(C)C(=O)O,116-53-0,75.00,W269514-100G-K
CCC(C)C1=CN=C2N=CC=CC2=C1,CC[CH:2](C)[c:1]1cnc2ncccc2c1,[c:1]-[C:2],"[1, 2]","[1, 2]",c1cnc2nc[cH:1]cc2c1,1,CC[CH2:2]C,2,chloride,3,chloride,4,Clc1cnc2ncccc2c1,35170-93-5,204.6,AMBH2D701B97-250MG,CCC(C)Cl,78-86-4,22.90,C28898-100ML
CCC(C)C1=CN=C2N=CC=CC2=C1,CC[CH:2](C)[c:1]1cnc2ncccc2c1,[c:1]-[C:2],"[1, 2]","[1, 2]",c1cnc2nc[cH:1]cc2c1,1,CC[CH2:2]C,2,chloride,3,bromide,4,Clc1cnc2ncccc2c1,35170-93-5,204.6,AMBH2D701B97-250MG,CCC(C)Br,78-76-2,33.30,B59500-100G
CCC(C)C1=CN=C2N=CC=CC2=C1,CC[CH:2](C)[c:1]1cnc2ncccc2c1,[c:1]-[C:2],"[1, 2]","[1, 2]",c1cnc2nc[cH:1]cc2c1,1,CC[CH2:2]C,2,chloride,3,iodide,4,Clc1cnc2ncccc2c1,35170-93-5,204.6,AMBH2D701B97-250MG,CCC(C)I,513-48-4,36.10,244325-5G
CCC(C)C1=CN=C2N=CC=CC2=C1,CC[CH:2](C)[c:1]1cnc2ncccc2c1,[c:1]-[C:2],"[1, 2]","[1, 2]",c1cnc2nc[cH:1]cc2c1,1,CC[CH2:2]C,2,chloride,3,boronate,4,Clc1cnc2ncccc2c1,35170-93-5,204.6,AMBH2D701B97-250MG,CCC(C)B(O)O,88496-88-2,54.70,687200-1G
CCC(C)C1=CN=C2N=CC=CC2=C1,CC[CH:2](C)[c:1]1cnc2ncccc2c1,[c:1]-[C:2],"[1, 2]","[1, 2]",c1cnc2nc[cH:1]cc2c1,1,CC[CH2:2]C,2,bromide,3,hydrogen,4,Brc1cnc2ncccc2c1,17965-78-5,1629.6,JWPH3249EAAF-5G,CCCC,,85.70,443670-12EA
CCC(C)C1=CN=C2N=CC=CC2=C1,CC[CH:2](C)[c:1]1cnc2ncccc2c1,[c:1]-[C:2],"[1, 2]","[1, 2]",c1cnc2nc[cH:1]cc2c1,1,CC[CH2:2]C,2,bromide,3,alcohol,4,Brc1cnc2ncccc2c1,17965-78-5,1629.6,JWPH3249EAAF-5G,CCC(C)O,78-92-2,50.90,294810-100ML
CCC(C)C1=CN=C2N=CC=CC2=C1,CC[CH:2](C)[c:1]1cnc2ncccc2c1,[c:1]-[C:2],"[1, 2]","[1, 2]",c1cnc2nc[cH:1]cc2c1,1,CC[CH2:2]C,2,bromide,3,amine,4,Brc1cnc2ncccc2c1,17965-78-5,1629.6,JWPH3249EAAF-5G,CCC(C)N,13952-84-6,27.70,B89000-100ML
CCC(C)C1=CN=C2N=CC=CC2=C1,CC[CH:2](C)[c:1]1cnc2ncccc2c1,[c:1]-[C:2],"[1, 2]","[1, 2]",c1cnc2nc[cH:1]cc2c1,1,CC[CH2:2]C,2,bromide,3,acid,4,Brc1cnc2ncccc2c1,17965-78-5,1629.6,JWPH3249EAAF-5G,CCC(C)C(=O)O,116-53-0,75.00,W269514-100G-K
CCC(C)C1=CN=C2N=CC=CC2=C1,CC[CH:2](C)[c:1]1cnc2ncccc2c1,[c:1]-[C:2],"[1, 2]","[1, 2]",c1cnc2nc[cH:1]cc2c1,1,CC[CH2:2]C,2,bromide,3,chloride,4,Brc1cnc2ncccc2c1,17965-78-5,1629.6,JWPH3249EAAF-5G,CCC(C)Cl,78-86-4,22.90,C28898-100ML
CCC(C)C1=CN=C2N=CC=CC2=C1,CC[CH:2](C)[c:1]1cnc2ncccc2c1,[c:1]-[C:2],"[1, 2]","[1, 2]",c1cnc2nc[cH:1]cc2c1,1,CC[CH2:2]C,2,bromide,3,bromide,4,Brc1cnc2ncccc2c1,17965-78-5,1629.6,JWPH3249EAAF-5G,CCC(C)Br,78-76-2,33.30,B59500-100G
CCC(C)C1=CN=C2N=CC=CC2=C1,CC[CH:2](C)[c:1]1cnc2ncccc2c1,[c:1]-[C:2],"[1, 2]","[1, 2]",c1cnc2nc[cH:1]cc2c1,1,CC[CH2:2]C,2,bromide,3,iodide,4,Brc1cnc2ncccc2c1,17965-78-5,1629.6,JWPH3249EAAF-5G,CCC(C)I,513-48-4,36.10,244325-5G
CCC(C)C1=CN=C2N=CC=CC2=C1,CC[CH:2](C)[c:1]1cnc2ncccc2c1,[c:1]-[C:2],"[1, 2]","[1, 2]",c1cnc2nc[cH:1]cc2c1,1,CC[CH2:2]C,2,bromide,3,boronate,4,Brc1cnc2ncccc2c1,17965-78-5,1629.6,JWPH3249EAAF-5G,CCC(C)B(O)O,88496-88-2,54.70,687200-1G
CCC(C)C1=CN=C2N=CC=CC2=C1,CC[CH:2](C)[c:1]1cnc2ncccc2c1,[c:1]-[C:2],"[1, 2]","[1, 2]",c1cnc2nc[cH:1]cc2c1,1,CC[CH2:2]C,2,iodide,3,hydrogen,4,Ic1cnc2ncccc2c1,2376729-80-3,742.5,LIFH446660D9-1G,CCCC,,85.70,443670-12EA
CCC(C)C1=CN=C2N=CC=CC2=C1,CC[CH:2](C)[c:1]1cnc2ncccc2c1,[c:1]-[C:2],"[1, 2]","[1, 2]",c1cnc2nc[cH:1]cc2c1,1,CC[CH2:2]C,2,iodide,3,alcohol,4,Ic1cnc2ncccc2c1,2376729-80-3,742.5,LIFH446660D9-1G,CCC(C)O,78-92-2,50.90,294810-100ML
CCC(C)C1=CN=C2N=CC=CC2=C1,CC[CH:2](C)[c:1]1cnc2ncccc2c1,[c:1]-[C:2],"[1, 2]","[1, 2]",c1cnc2nc[cH:1]cc2c1,1,CC[CH2:2]C,2,iodide,3,amine,4,Ic1cnc2ncccc2c1,2376729-80-3,742.5,LIFH446660D9-1G,CCC(C)N,13952-84-6,27.70,B89000-100ML
CCC(C)C1=CN=C2N=CC=CC2=C1,CC[CH:2](C)[c:1]1cnc2ncccc2c1,[c:1]-[C:2],"[1, 2]","[1, 2]",c1cnc2nc[cH:1]cc2c1,1,CC[CH2:2]C,2,iodide,3,acid,4,Ic1cnc2ncccc2c1,2376729-80-3,742.5,LIFH446660D9-1G,CCC(C)C(=O)O,116-53-0,75.00,W269514-100G-K
CCC(C)C1=CN=C2N=CC=CC2=C1,CC[CH:2](C)[c:1]1cnc2ncccc2c1,[c:1]-[C:2],"[1, 2]","[1, 2]",c1cnc2nc[cH:1]cc2c1,1,CC[CH2:2]C,2,iodide,3,chloride,4,Ic1cnc2ncccc2c1,2376729-80-3,742.5,LIFH446660D9-1G,CCC(C)Cl,78-86-4,22.90,C28898-100ML
CCC(C)C1=CN=C2N=CC=CC2=C1,CC[CH:2](C)[c:1]1cnc2ncccc2c1,[c:1]-[C:2],"[1, 2]","[1, 2]",c1cnc2nc[cH:1]cc2c1,1,CC[CH2:2]C,2,iodide,3,bromide,4,Ic1cnc2ncccc2c1,2376729-80-3,742.5,LIFH446660D9-1G,CCC(C)Br,78-76-2,33.30,B59500-100G
CCC(C)C1=CN=C2N=CC=CC2=C1,CC[CH:2](C)[c:1]1cnc2ncccc2c1,[c:1]-[C:2],"[1, 2]","[1, 2]",c1cnc2nc[cH:1]cc2c1,1,CC[CH2:2]C,2,iodide,3,iodide,4,Ic1cnc2ncccc2c1,2376729-80-3,742.5,LIFH446660D9-1G,CCC(C)I,513-48-4,36.10,244325-5G
CCC(C)C1=CN=C2N=CC=CC2=C1,CC[CH:2](C)[c:1]1cnc2ncccc2c1,[c:1]-[C:2],"[1, 2]","[1, 2]",c1cnc2nc[cH:1]cc2c1,1,CC[CH2:2]C,2,iodide,3,boronate,4,Ic1cnc2ncccc2c1,2376729-80-3,742.5,LIFH446660D9-1G,CCC(C)B(O)O,88496-88-2,54.70,687200-1G
CCCN1N=NN=C1CSC1=NN=C2C3=CC=CC=C3N(CC)C2=N1,CCCn1nnn[c:1]1[CH2:2]Sc1nnc2c3ccccc3n(CC)c2n1,[c:1]-[C:2],"[1, 2]","[1, 2]",CCCn1nnn[cH:1]1,1,CCn1c2ccccc2c2nnc(S[CH3:2])nc21,2,amine,3,acid,4,CCCn1nnnc1N,5340-04-5,194.00,CBR00443-1G,CCn1c2ccccc2c2nnc(SCC(=O)O)nc21,337489-46-0,70.4,CH4017894201-250MG
CCCN1N=NN=C1CSC1=NN=C2C3=CC=CC=C3N(CC)C2=N1,CCCn1nnnc1[CH2:1][S:2]c1nnc2c3ccccc3n(CC)c2n1,[C:1]-[S:2],"[1, 2]","[1, 2]",CCCn1nnnc1[CH3:1],1,CCn1c2ccccc2c2nnc([SH:2])nc21,2,chloride,3,hydrogen,4,CCCn1nnnc1CCl,848178-47-2,1300.95,ENA061488216-5G,CCn1c2ccccc2c2nnc(S)nc21,36047-55-9,37.8,ENA024296033-100MG
CC(=O)C1=CC=C(OCC(=O)NC2=CC=CC=C2C(=O)NCC2=CC=CO2)C=C1,CC(=O)c1ccc(OCC(=O)Nc2cccc[c:1]2[C:2](=O)NCc2ccco2)cc1,[c:1]-[C:2],"[1, 2]","[1, 2]",CC(=O)c1ccc(OCC(=O)Nc2cccc[cH:1]2)cc1,1,O=[CH:2]NCc1ccco1,2,hydrogen,3,hydrogen,4,CC(=O)c1ccc(OCC(=O)Nc2ccccc2)cc1,17172-76-8,162.00,EME00112-1G,O=CNCc1ccco1,72693-10-8,147.0,ENA444725484-500MG
CC(=O)C1=CC=C(OCC(=O)NC2=CC=CC=C2C(=O)NCC2=CC=CO2)C=C1,CC(=O)c1ccc(OCC(=O)[NH:2][c:1]2ccccc2C(=O)NCc2ccco2)cc1,[c:1]-[N:2],"[1, 2]","[1, 2]",O=C(NCc1ccco1)c1cccc[cH:1]1,1,CC(=O)c1ccc(OCC(=O)[NH2:2])cc1,2,amine,3,hydrogen,4,Nc1ccccc1C(=O)NCc1ccco1,117507-63-8,149.1,ENA018106126-1G,CC(=O)c1ccc(OCC(N)=O)cc1,42017-88-9,225.5,CH4017936708-5G
CC(=O)C1=CC=C(OCC(=O)NC2=CC=CC=C2C(=O)NCC2=CC=CO2)C=C1,CC(=O)c1ccc(OC[C:1](=O)[NH:2]c2ccccc2C(=O)NCc2ccco2)cc1,[C:1]-[N:2],"[1, 2]","[1, 2]",CC(=O)c1ccc(OC[CH:1]=O)cc1,1,O=C(NCc1ccco1)c1ccccc1[NH2:2],2,amine,3,hydrogen,4,CC(=O)c1ccc(OCC(N)=O)cc1,42017-88-9,225.5,CH4017936708-5G,Nc1ccccc1C(=O)NCc1ccco1,117507-63-8,149.1,ENA018106126-1G
CNC(=O)CNC(=O)COC1=CC=CC=C1C(=O)OC,CNC(=O)CNC(=O)[CH2:1][O:2]c1ccccc1C(=O)OC,[C:1]-[O:2],"[1, 2]","[1, 2]",CNC(=O)CNC(=O)[CH3:1],1,COC(=O)c1ccccc1[OH:2],2,hydrogen,3,hydrogen,4,CNC(=O)CNC(C)=O,7606-79-3,537.5,CH6371378645-5G,COC(=O)c1ccccc1O,119-36-8,29.30,M2047-100ML
COCC1CCCC[C@@H]1N,CO[CH2:1][CH:2]1CCCC[C@@H]1N,[C:1]-[C:2],"[1, 2]","[1, 2]",CO[CH3:1],1,N[C@H]1CCCC[CH2:2]1,2,hydrogen,3,hydrogen,4,COC,115-10-6,181.00,295299-100G,NC1CCCCC1,108-91-8,29.70,240648-5ML
COCC1CCCC[C@@H]1N,CO[CH2:1][CH:2]1CCCC[C@@H]1N,[C:1]-[C:2],"[1, 2]","[1, 2]",CO[CH3:1],1,N[C@H]1CCCC[CH2:2]1,2,acid,3,hydrogen,4,COCC(=O)O,625-45-6,29.90,194557-50G,NC1CCCCC1,108-91-8,29.70,240648-5ML
COCC1CCCC[C@@H]1N,CO[CH2:1][CH:2]1CCCC[C@@H]1N,[C:1]-[C:2],"[1, 2]","[1, 2]",CO[CH3:1],1,N[C@H]1CCCC[CH2:2]1,2,chloride,3,hydrogen,4,COCCl,107-30-2,110.00,100331-25G,NC1CCCCC1,108-91-8,29.70,240648-5ML
COCC1CCCC[C@@H]1N,CO[CH2:1][CH:2]1CCCC[C@@H]1N,[C:1]-[C:2],"[1, 2]","[1, 2]",CO[CH3:1],1,N[C@H]1CCCC[CH2:2]1,2,bromide,3,hydrogen,4,COCBr,13057-17-5,43.60,161756-5G,NC1CCCCC1,108-91-8,29.70,240648-5ML
COCC1CCCC[C@@H]1N,CO[CH2:1][CH:2]1CCCC[C@@H]1N,[C:1]-[C:2],"[1, 2]","[1, 2]",CO[CH3:1],1,N[C@H]1CCCC[CH2:2]1,2,iodide,3,hydrogen,4,COCI,13057-19-7,104.00,380229-5G,NC1CCCCC1,108-91-8,29.70,240648-5ML
COC(=O)C1=CC=CC=C1OCC(=O)NCC1=CC=CC=C1F,COC(=O)c1ccccc1O[CH2:1][C:2](=O)NCc1ccccc1F,[C:1]-[C:2],"[1, 2]","[1, 2]",COC(=O)c1ccccc1O[CH3:1],1,O=[CH:2]NCc1ccccc1F,2,hydrogen,3,amine,4,COC(=O)c1ccccc1OC,606-45-1,176.00,W271705-100G-K,NC(=O)NCc1ccccc1F,296277-54-8,80.85,ENA308584626-250MG
COC(=O)C1=CC=CC=C1OCC(=O)NCC1=CC=CC=C1F,COC(=O)c1ccccc1[O:2][CH2:1]C(=O)NCc1ccccc1F,[C:1]-[O:2],"[1, 2]","[1, 2]",O=C(NCc1ccccc1F)[CH3:1],1,COC(=O)c1ccccc1[OH:2],2,chloride,3,hydrogen,4,O=C(CCl)NCc1ccccc1F,895367-63-2,337.5,COMH04238E3F-1G,COC(=O)c1ccccc1O,119-36-8,29.30,M2047-100ML
COC(=O)C1=CC=CC=C1OCC(=O)NCC1=CC=CC=C1F,COC(=O)c1ccccc1[O:2][CH2:1]C(=O)NCc1ccccc1F,[C:1]-[O:2],"[1, 2]","[1, 2]",O=C(NCc1ccccc1F)[CH3:1],1,COC(=O)c1ccccc1[OH:2],2,bromide,3,hydrogen,4,O=C(CBr)NCc1ccccc1F,1071969-91-9,181.25,COMH0423965C-500MG,COC(=O)c1ccccc1O,119-36-8,29.30,M2047-100ML
CC1=C(C=O)C(CC2=CC=C(C(F)(F)F)C=C2)=C(C)S1,Cc1sc(C)[c:1]([CH:2]=O)c1Cc1ccc(C(F)(F)F)cc1,[c:1]-[C:2],"[1, 2]","[1, 2]",Cc1sc(C)[cH:1]c1Cc1ccc(C(F)(F)F)cc1,1,O=[CH2:2],2,hydrogen,3,hydrogen,4,Cc1cc(Cc2ccc(C(F)(F)F)cc2)c(C)s1,1006037-09-7,132.0,SY3H6E412390-100MG,C=O,50-00-0,28.90,252549-25ML
CC1=C(C=O)C(CC2=CC=C(C(F)(F)F)C=C2)=C(C)S1,Cc1sc(C)[c:1]([CH:2]=O)c1Cc1ccc(C(F)(F)F)cc1,[c:1]-[C:2],"[1, 2]","[1, 2]",Cc1sc(C)[cH:1]c1Cc1ccc(C(F)(F)F)cc1,1,O=[CH2:2],2,hydrogen,3,amine,4,Cc1cc(Cc2ccc(C(F)(F)F)cc2)c(C)s1,1006037-09-7,132.0,SY3H6E412390-100MG,NC=O,,133.00,612707-1EA
CC1=C(C=O)C(CC2=CC=C(C(F)(F)F)C=C2)=C(C)S1,Cc1sc(C)[c:1]([CH:2]=O)c1Cc1ccc(C(F)(F)F)cc1,[c:1]-[C:2],"[1, 2]","[1, 2]",Cc1sc(C)[cH:1]c1Cc1ccc(C(F)(F)F)cc1,1,O=[CH2:2],2,hydrogen,3,acid,4,Cc1cc(Cc2ccc(C(F)(F)F)cc2)c(C)s1,1006037-09-7,132.0,SY3H6E412390-100MG,O=CC(=O)O,298-12-4,37.80,260150-250G-A
CC1=C(C=O)C(CC2=CC=C(C(F)(F)F)C=C2)=C(C)S1,Cc1sc(C)[c:1]([CH2:2]c2ccc(C(F)(F)F)cc2)c1C=O,[c:1]-[C:2],"[1, 2]","[1, 2]",Cc1sc(C)[cH:1]c1C=O,1,FC(F)(F)c1ccc([CH3:2])cc1,2,hydrogen,3,hydrogen,4,Cc1cc(C=O)c(C)s1,26421-44-3,75.9,AMBH2D6EC9AA-5G,Cc1ccc(C(F)(F)F)cc1,6140-17-6,16.5,SY3H3D67FE1E-1G
CC1=C(C=O)C(CC2=CC=C(C(F)(F)F)C=C2)=C(C)S1,Cc1sc(C)[c:1]([CH2:2]c2ccc(C(F)(F)F)cc2)c1C=O,[c:1]-[C:2],"[1, 2]","[1, 2]",Cc1sc(C)[cH:1]c1C=O,1,FC(F)(F)c1ccc([CH3:2])cc1,2,hydrogen,3,amine,4,Cc1cc(C=O)c(C)s1,26421-44-3,75.9,AMBH2D6EC9AA-5G,NCc1ccc(C(F)(F)F)cc1,3300-51-4,25.40,263508-1G
CC1=C(C=O)C(CC2=CC=C(C(F)(F)F)C=C2)=C(C)S1,Cc1sc(C)[c:1]([CH2:2]c2ccc(C(F)(F)F)cc2)c1C=O,[c:1]-[C:2],"[1, 2]","[1, 2]",Cc1sc(C)[cH:1]c1C=O,1,FC(F)(F)c1ccc([CH3:2])cc1,2,hydrogen,3,acid,4,Cc1cc(C=O)c(C)s1,26421-44-3,75.9,AMBH2D6EC9AA-5G,O=C(O)Cc1ccc(C(F)(F)F)cc1,32857-62-8,109.00,233021-5G
CC1=C(C=O)C(CC2=CC=C(C(F)(F)F)C=C2)=C(C)S1,Cc1sc(C)[c:1]([CH2:2]c2ccc(C(F)(F)F)cc2)c1C=O,[c:1]-[C:2],"[1, 2]","[1, 2]",Cc1sc(C)[cH:1]c1C=O,1,FC(F)(F)c1ccc([CH3:2])cc1,2,hydrogen,3,chloride,4,Cc1cc(C=O)c(C)s1,26421-44-3,75.9,AMBH2D6EC9AA-5G,FC(F)(F)c1ccc(CCl)cc1,939-99-1,63.10,365815-5G
CC1=C(C=O)C(CC2=CC=C(C(F)(F)F)C=C2)=C(C)S1,Cc1sc(C)[c:1]([CH2:2]c2ccc(C(F)(F)F)cc2)c1C=O,[c:1]-[C:2],"[1, 2]","[1, 2]",Cc1sc(C)[cH:1]c1C=O,1,FC(F)(F)c1ccc([CH3:2])cc1,2,hydrogen,3,bromide,4,Cc1cc(C=O)c(C)s1,26421-44-3,75.9,AMBH2D6EC9AA-5G,FC(F)(F)c1ccc(CBr)cc1,402-49-3,25.70,290564-1G
COC(=O)C[C@H](CC1=CC=C(N)C=C1)NC(=O)C1=C(Cl)C=CC=C1Cl,COC(=O)C[C@H:1](Cc1ccc(N)cc1)[NH:2]C(=O)c1c(Cl)cccc1Cl,[C:1]-[N:2],"[1, 2]","[1, 2]",COC(=O)C[CH2:1]Cc1ccc(N)cc1,1,O=C(c1c(Cl)cccc1Cl)[NH2:2],2,hydrogen,3,hydrogen,4,COC(=O)CCCc1ccc(N)cc1,20637-09-6,83.6,AMBH2D6EEE48-1G,NC(=O)c1c(Cl)cccc1Cl,2008-58-4,36.60,36605-1G
COC(=O)C[C@H](CC1=CC=C(N)C=C1)NC(=O)C1=C(Cl)C=CC=C1Cl,COC(=O)C[C@H:1](Cc1ccc(N)cc1)[NH:2]C(=O)c1c(Cl)cccc1Cl,[C:1]-[N:2],"[1, 2]","[1, 2]",COC(=O)C[CH2:1]Cc1ccc(N)cc1,1,O=C(c1c(Cl)cccc1Cl)[NH2:2],2,hydrogen,3,amine,4,COC(=O)CCCc1ccc(N)cc1,20637-09-6,83.6,AMBH2D6EEE48-1G,NNC(=O)c1c(Cl)cccc1Cl,867151-44-8,147,ENA300792196-500MG
COC(=O)C1=CC=CC=C1OCC(=O)NCC(=O)N(C)C,COC(=O)c1ccccc1[O:2][CH2:1]C(=O)NCC(=O)N(C)C,[C:1]-[O:2],"[1, 2]","[1, 2]",CN(C)C(=O)CNC(=O)[CH3:1],1,COC(=O)c1ccccc1[OH:2],2,hydrogen,3,hydrogen,4,CC(=O)NCC(=O)N(C)C,,523.00,EME00400-1G,COC(=O)c1ccccc1O,119-36-8,29.30,M2047-100ML
CCCCCCCCCCCC[C@@H](C(=O)O)[C@H](C)C(=O)O,CCCCCCCCCC[CH2:1][CH2:2][C@@H](C(=O)O)[C@H](C)C(=O)O,[C:1]-[C:2],"[1, 2]","[1, 2]",CCCCCCCCCC[CH3:1],1,C[C@H](C(=O)O)[C@H](C(=O)O)[CH3:2],2,hydrogen,3,hydrogen,4,CCCCCCCCCCC,1120-21-4,53.10,94000-5ML,C[C@H](C(=O)O)[C@@H](C)C(=O)O,608-40-2,82.40,168017-1G
CCCCCCCCCCCC[C@@H](C(=O)O)[C@H](C)C(=O)O,CCCCCCCCCC[CH2:1][CH2:2][C@@H](C(=O)O)[C@H](C)C(=O)O,[C:1]-[C:2],"[1, 2]","[1, 2]",CCCCCCCCCC[CH3:1],1,C[C@H](C(=O)O)[C@H](C(=O)O)[CH3:2],2,alcohol,3,hydrogen,4,CCCCCCCCCCCO,112-42-5,62.30,U1001-100G,C[C@H](C(=O)O)[C@@H](C)C(=O)O,608-40-2,82.40,168017-1G
CCCCCCCCCCCC[C@@H](C(=O)O)[C@H](C)C(=O)O,CCCCCCCCCC[CH2:1][CH2:2][C@@H](C(=O)O)[C@H](C)C(=O)O,[C:1]-[C:2],"[1, 2]","[1, 2]",CCCCCCCCCC[CH3:1],1,C[C@H](C(=O)O)[C@H](C(=O)O)[CH3:2],2,amine,3,hydrogen,4,CCCCCCCCCCCN,7307-55-3,122.00,94200-10ML,C[C@H](C(=O)O)[C@@H](C)C(=O)O,608-40-2,82.40,168017-1G
CCCCCCCCCCCC[C@@H](C(=O)O)[C@H](C)C(=O)O,CCCCCCCCCC[CH2:1][CH2:2][C@@H](C(=O)O)[C@H](C)C(=O)O,[C:1]-[C:2],"[1, 2]","[1, 2]",CCCCCCCCCC[CH3:1],1,C[C@H](C(=O)O)[C@H](C(=O)O)[CH3:2],2,acid,3,hydrogen,4,CCCCCCCCCCCC(=O)O,143-07-7,29.40,L4250-100G,C[C@H](C(=O)O)[C@@H](C)C(=O)O,608-40-2,82.40,168017-1G
CCCCCCCCCCCC[C@@H](C(=O)O)[C@H](C)C(=O)O,CCCCCCCCCC[CH2:1][CH2:2][C@@H](C(=O)O)[C@H](C)C(=O)O,[C:1]-[C:2],"[1, 2]","[1, 2]",CCCCCCCCCC[CH3:1],1,C[C@H](C(=O)O)[C@H](C(=O)O)[CH3:2],2,chloride,3,hydrogen,4,CCCCCCCCCCCCl,2473-03-2,18.75,COM448665627-1G,C[C@H](C(=O)O)[C@@H](C)C(=O)O,608-40-2,82.40,168017-1G
CCCCCCCCCCCC[C@@H](C(=O)O)[C@H](C)C(=O)O,CCCCCCCCCC[CH2:1][CH2:2][C@@H](C(=O)O)[C@H](C)C(=O)O,[C:1]-[C:2],"[1, 2]","[1, 2]",CCCCCCCCCC[CH3:1],1,C[C@H](C(=O)O)[C@H](C(=O)O)[CH3:2],2,bromide,3,hydrogen,4,CCCCCCCCCCCBr,693-67-4,39.90,245038-25G,C[C@H](C(=O)O)[C@@H](C)C(=O)O,608-40-2,82.40,168017-1G
CCCCCCCCCCCC[C@@H](C(=O)O)[C@H](C)C(=O)O,CCCCCCCCCC[CH2:1][CH2:2][C@@H](C(=O)O)[C@H](C)C(=O)O,[C:1]-[C:2],"[1, 2]","[1, 2]",CCCCCCCCCC[CH3:1],1,C[C@H](C(=O)O)[C@H](C(=O)O)[CH3:2],2,iodide,3,hydrogen,4,CCCCCCCCCCCI,4282-44-4,196.00,280046-50G,C[C@H](C(=O)O)[C@@H](C)C(=O)O,608-40-2,82.40,168017-1G
CCCCCCCCCCCC[C@@H](C(=O)O)[C@H](C)C(=O)O,CCCCCCCCCCC[CH2:1][C@@H:2](C(=O)O)[C@H](C)C(=O)O,[C:1]-[C:2],"[1, 2]","[1, 2]",CCCCCCCCCCC[CH3:1],1,C[C@H](C(=O)O)[CH2:2]C(=O)O,2,hydrogen,3,hydrogen,4,CCCCCCCCCCCC,112-40-3,148.00,297879-100ML,C[C@@H](CC(=O)O)C(=O)O,2174-58-5,155.1,AMBH2D6FE0A7-5G
CCCCCCCCCCCC[C@@H](C(=O)O)[C@H](C)C(=O)O,CCCCCCCCCCC[CH2:1][C@@H:2](C(=O)O)[C@H](C)C(=O)O,[C:1]-[C:2],"[1, 2]","[1, 2]",CCCCCCCCCCC[CH3:1],1,C[C@H](C(=O)O)[CH2:2]C(=O)O,2,alcohol,3,hydrogen,4,CCCCCCCCCCCCO,112-53-8,71.00,W261718-1KG-K,C[C@@H](CC(=O)O)C(=O)O,2174-58-5,155.1,AMBH2D6FE0A7-5G
CCCCCCCCCCCC[C@@H](C(=O)O)[C@H](C)C(=O)O,CCCCCCCCCCC[CH2:1][C@@H:2](C(=O)O)[C@H](C)C(=O)O,[C:1]-[C:2],"[1, 2]","[1, 2]",CCCCCCCCCCC[CH3:1],1,C[C@H](C(=O)O)[CH2:2]C(=O)O,2,amine,3,hydrogen,4,CCCCCCCCCCCCN,124-22-1,45.40,325163-5ML,C[C@@H](CC(=O)O)C(=O)O,2174-58-5,155.1,AMBH2D6FE0A7-5G
CCCCCCCCCCCC[C@@H](C(=O)O)[C@H](C)C(=O)O,CCCCCCCCCCC[CH2:1][C@@H:2](C(=O)O)[C@H](C)C(=O)O,[C:1]-[C:2],"[1, 2]","[1, 2]",CCCCCCCCCCC[CH3:1],1,C[C@H](C(=O)O)[CH2:2]C(=O)O,2,acid,3,hydrogen,4,CCCCCCCCCCCCC(=O)O,638-53-9,66.00,91988-5G,C[C@@H](CC(=O)O)C(=O)O,2174-58-5,155.1,AMBH2D6FE0A7-5G
CCCCCCCCCCCC[C@@H](C(=O)O)[C@H](C)C(=O)O,CCCCCCCCCCC[CH2:1][C@@H:2](C(=O)O)[C@H](C)C(=O)O,[C:1]-[C:2],"[1, 2]","[1, 2]",CCCCCCCCCCC[CH3:1],1,C[C@H](C(=O)O)[CH2:2]C(=O)O,2,chloride,3,hydrogen,4,CCCCCCCCCCCCCl,112-52-7,68.70,24498-10ML-F,C[C@@H](CC(=O)O)C(=O)O,2174-58-5,155.1,AMBH2D6FE0A7-5G
CCCCCCCCCCCC[C@@H](C(=O)O)[C@H](C)C(=O)O,CCCCCCCCCCC[CH2:1][C@@H:2](C(=O)O)[C@H](C)C(=O)O,[C:1]-[C:2],"[1, 2]","[1, 2]",CCCCCCCCCCC[CH3:1],1,C[C@H](C(=O)O)[CH2:2]C(=O)O,2,bromide,3,hydrogen,4,CCCCCCCCCCCCBr,143-15-7,31.10,B65551-100G,C[C@@H](CC(=O)O)C(=O)O,2174-58-5,155.1,AMBH2D6FE0A7-5G
CCCCCCCCCCCC[C@@H](C(=O)O)[C@H](C)C(=O)O,CCCCCCCCCCC[CH2:1][C@@H:2](C(=O)O)[C@H](C)C(=O)O,[C:1]-[C:2],"[1, 2]","[1, 2]",CCCCCCCCCCC[CH3:1],1,C[C@H](C(=O)O)[CH2:2]C(=O)O,2,iodide,3,hydrogen,4,CCCCCCCCCCCCI,4292-19-7,49.00,238260-25G,C[C@@H](CC(=O)O)C(=O)O,2174-58-5,155.1,AMBH2D6FE0A7-5G
CCCCCCCCCCCC[C@@H](C(=O)O)[C@H](C)C(=O)O,CCCCCCCCCCC[CH2:1][C@@H:2](C(=O)O)[C@H](C)C(=O)O,[C:1]-[C:2],"[1, 2]","[1, 2]",CCCCCCCCCCC[CH3:1],1,C[C@H](C(=O)O)[CH2:2]C(=O)O,2,boronate,3,hydrogen,4,CCCCCCCCCCCCB(O)O,3088-79-7,131.25,COM448616123-5G,C[C@@H](CC(=O)O)C(=O)O,2174-58-5,155.1,AMBH2D6FE0A7-5G
CCCCCCCCCCCC[C@@H](C(=O)O)[C@H](C)C(=O)O,CCCCCCCCCCCC[C@@H:1](C(=O)O)[C@H:2](C)C(=O)O,[C:1]-[C:2],"[1, 2]","[1, 2]",CCCCCCCCCCCC[CH2:1]C(=O)O,1,C[CH2:2]C(=O)O,2,hydrogen,3,hydrogen,4,CCCCCCCCCCCCCC(=O)O,544-63-8,74.00,W276413-1KG-K,CCC(=O)O,79-09-4,37.90,P5561-1L
CCCCCCCCCCCC[C@@H](C(=O)O)[C@H](C)C(=O)O,CCCCCCCCCCCC[C@@H:1](C(=O)O)[C@H:2](C)C(=O)O,[C:1]-[C:2],"[1, 2]","[1, 2]",CCCCCCCCCCCC[CH2:1]C(=O)O,1,C[CH2:2]C(=O)O,2,hydrogen,3,alcohol,4,CCCCCCCCCCCCCC(=O)O,544-63-8,74.00,W276413-1KG-K,CC(O)C(=O)O,50-21-5,52.00,L1250-500ML
CCCCCCCCCCCC[C@@H](C(=O)O)[C@H](C)C(=O)O,CCCCCCCCCCCC[C@@H:1](C(=O)O)[C@H:2](C)C(=O)O,[C:1]-[C:2],"[1, 2]","[1, 2]",CCCCCCCCCCCC[CH2:1]C(=O)O,1,C[CH2:2]C(=O)O,2,hydrogen,3,amine,4,CCCCCCCCCCCCCC(=O)O,544-63-8,74.00,W276413-1KG-K,CC(N)C(=O)O,302-72-7,63.00,W381810-1KG-K
CCCCCCCCCCCC[C@@H](C(=O)O)[C@H](C)C(=O)O,CCCCCCCCCCCC[C@@H:1](C(=O)O)[C@H:2](C)C(=O)O,[C:1]-[C:2],"[1, 2]","[1, 2]",CCCCCCCCCCCC[CH2:1]C(=O)O,1,C[CH2:2]C(=O)O,2,hydrogen,3,acid,4,CCCCCCCCCCCCCC(=O)O,544-63-8,74.00,W276413-1KG-K,CC(C(=O)O)C(=O)O,516-05-2,54.90,M54058-5G
CCCCCCCCCCCC[C@@H](C(=O)O)[C@H](C)C(=O)O,CCCCCCCCCCCC[C@@H:1](C(=O)O)[C@H:2](C)C(=O)O,[C:1]-[C:2],"[1, 2]","[1, 2]",CCCCCCCCCCCC[CH2:1]C(=O)O,1,C[CH2:2]C(=O)O,2,hydrogen,3,chloride,4,CCCCCCCCCCCCCC(=O)O,544-63-8,74.00,W276413-1KG-K,CC(Cl)C(=O)O,598-78-7,37.50,109274-100G
CCCCCCCCCCCC[C@@H](C(=O)O)[C@H](C)C(=O)O,CCCCCCCCCCCC[C@@H:1](C(=O)O)[C@H:2](C)C(=O)O,[C:1]-[C:2],"[1, 2]","[1, 2]",CCCCCCCCCCCC[CH2:1]C(=O)O,1,C[CH2:2]C(=O)O,2,hydrogen,3,bromide,4,CCCCCCCCCCCCCC(=O)O,544-63-8,74.00,W276413-1KG-K,CC(Br)C(=O)O,598-72-1,66.60,B78300-250G
CCCCCCCCCCCC[C@@H](C(=O)O)[C@H](C)C(=O)O,CCCCCCCCCCCC[C@@H:1](C(=O)O)[C@H:2](C)C(=O)O,[C:1]-[C:2],"[1, 2]","[1, 2]",CCCCCCCCCCCC[CH2:1]C(=O)O,1,C[CH2:2]C(=O)O,2,alcohol,3,hydrogen,4,CCCCCCCCCCCCC(O)C(=O)O,2507-55-3,127.00,H6771-10MG,CCC(=O)O,79-09-4,37.90,P5561-1L
CCCCCCCCCCCC[C@@H](C(=O)O)[C@H](C)C(=O)O,CCCCCCCCCCCC[C@@H:1](C(=O)O)[C@H:2](C)C(=O)O,[C:1]-[C:2],"[1, 2]","[1, 2]",CCCCCCCCCCCC[CH2:1]C(=O)O,1,C[CH2:2]C(=O)O,2,alcohol,3,alcohol,4,CCCCCCCCCCCCC(O)C(=O)O,2507-55-3,127.00,H6771-10MG,CC(O)C(=O)O,50-21-5,52.00,L1250-500ML
CCCCCCCCCCCC[C@@H](C(=O)O)[C@H](C)C(=O)O,CCCCCCCCCCCC[C@@H:1](C(=O)O)[C@H:2](C)C(=O)O,[C:1]-[C:2],"[1, 2]","[1, 2]",CCCCCCCCCCCC[CH2:1]C(=O)O,1,C[CH2:2]C(=O)O,2,alcohol,3,amine,4,CCCCCCCCCCCCC(O)C(=O)O,2507-55-3,127.00,H6771-10MG,CC(N)C(=O)O,302-72-7,63.00,W381810-1KG-K
CCCCCCCCCCCC[C@@H](C(=O)O)[C@H](C)C(=O)O,CCCCCCCCCCCC[C@@H:1](C(=O)O)[C@H:2](C)C(=O)O,[C:1]-[C:2],"[1, 2]","[1, 2]",CCCCCCCCCCCC[CH2:1]C(=O)O,1,C[CH2:2]C(=O)O,2,alcohol,3,acid,4,CCCCCCCCCCCCC(O)C(=O)O,2507-55-3,127.00,H6771-10MG,CC(C(=O)O)C(=O)O,516-05-2,54.90,M54058-5G
CCCCCCCCCCCC[C@@H](C(=O)O)[C@H](C)C(=O)O,CCCCCCCCCCCC[C@@H:1](C(=O)O)[C@H:2](C)C(=O)O,[C:1]-[C:2],"[1, 2]","[1, 2]",CCCCCCCCCCCC[CH2:1]C(=O)O,1,C[CH2:2]C(=O)O,2,alcohol,3,chloride,4,CCCCCCCCCCCCC(O)C(=O)O,2507-55-3,127.00,H6771-10MG,CC(Cl)C(=O)O,598-78-7,37.50,109274-100G
CCCCCCCCCCCC[C@@H](C(=O)O)[C@H](C)C(=O)O,CCCCCCCCCCCC[C@@H:1](C(=O)O)[C@H:2](C)C(=O)O,[C:1]-[C:2],"[1, 2]","[1, 2]",CCCCCCCCCCCC[CH2:1]C(=O)O,1,C[CH2:2]C(=O)O,2,alcohol,3,bromide,4,CCCCCCCCCCCCC(O)C(=O)O,2507-55-3,127.00,H6771-10MG,CC(Br)C(=O)O,598-72-1,66.60,B78300-250G
CC1=NC=C(C2=CC=CC=C2F)C=N1,Cc1nc[c:1](-[c:2]2ccccc2F)cn1,[c:1]-[c:2],"[1, 2]","[1, 2]",Cc1nc[cH:1]cn1,1,Fc1cccc[cH:2]1,2,hydrogen,3,hydrogen,4,Cc1ncccn1,5053-43-0,115.00,686956-250MG,Fc1ccccc1,462-06-6,24.40,F6001-5G-A
CC1=NC=C(C2=CC=CC=C2F)C=N1,Cc1nc[c:1](-[c:2]2ccccc2F)cn1,[c:1]-[c:2],"[1, 2]","[1, 2]",Cc1nc[cH:1]cn1,1,Fc1cccc[cH:2]1,2,hydrogen,3,alcohol,4,Cc1ncccn1,5053-43-0,115.00,686956-250MG,Oc1ccccc1F,367-12-4,38.30,F12804-10G
CC1=NC=C(C2=CC=CC=C2F)C=N1,Cc1nc[c:1](-[c:2]2ccccc2F)cn1,[c:1]-[c:2],"[1, 2]","[1, 2]",Cc1nc[cH:1]cn1,1,Fc1cccc[cH:2]1,2,hydrogen,3,amine,4,Cc1ncccn1,5053-43-0,115.00,686956-250MG,Nc1ccccc1F,348-54-9,24.30,F3401-25G-A
CC1=NC=C(C2=CC=CC=C2F)C=N1,Cc1nc[c:1](-[c:2]2ccccc2F)cn1,[c:1]-[c:2],"[1, 2]","[1, 2]",Cc1nc[cH:1]cn1,1,Fc1cccc[cH:2]1,2,hydrogen,3,acid,4,Cc1ncccn1,5053-43-0,115.00,686956-250MG,O=C(O)c1ccccc1F,445-29-4,34.70,412244-25G
CC1=NC=C(C2=CC=CC=C2F)C=N1,Cc1nc[c:1](-[c:2]2ccccc2F)cn1,[c:1]-[c:2],"[1, 2]","[1, 2]",Cc1nc[cH:1]cn1,1,Fc1cccc[cH:2]1,2,hydrogen,3,chloride,4,Cc1ncccn1,5053-43-0,115.00,686956-250MG,Fc1ccccc1Cl,348-51-6,29.30,162302-5G
CC1=NC=C(C2=CC=CC=C2F)C=N1,Cc1nc[c:1](-[c:2]2ccccc2F)cn1,[c:1]-[c:2],"[1, 2]","[1, 2]",Cc1nc[cH:1]cn1,1,Fc1cccc[cH:2]1,2,hydrogen,3,bromide,4,Cc1ncccn1,5053-43-0,115.00,686956-250MG,Fc1ccccc1Br,1072-85-1,52.00,B66809-25G
CC1=NC=C(C2=CC=CC=C2F)C=N1,Cc1nc[c:1](-[c:2]2ccccc2F)cn1,[c:1]-[c:2],"[1, 2]","[1, 2]",Cc1nc[cH:1]cn1,1,Fc1cccc[cH:2]1,2,hydrogen,3,iodide,4,Cc1ncccn1,5053-43-0,115.00,686956-250MG,Fc1ccccc1I,348-52-7,43.40,219401-25G
CC1=NC=C(C2=CC=CC=C2F)C=N1,Cc1nc[c:1](-[c:2]2ccccc2F)cn1,[c:1]-[c:2],"[1, 2]","[1, 2]",Cc1nc[cH:1]cn1,1,Fc1cccc[cH:2]1,2,hydrogen,3,boronate,4,Cc1ncccn1,5053-43-0,115.00,686956-250MG,OB(O)c1ccccc1F,1993-03-9,42.50,445223-1G
CC1=NC=C(C2=CC=CC=C2F)C=N1,Cc1nc[c:1](-[c:2]2ccccc2F)cn1,[c:1]-[c:2],"[1, 2]","[1, 2]",Cc1nc[cH:1]cn1,1,Fc1cccc[cH:2]1,2,alcohol,3,hydrogen,4,Cc1ncc(O)cn1,35231-56-2,275,SY3514241910-5G,Fc1ccccc1,462-06-6,24.40,F6001-5G-A
CC1=NC=C(C2=CC=CC=C2F)C=N1,Cc1nc[c:1](-[c:2]2ccccc2F)cn1,[c:1]-[c:2],"[1, 2]","[1, 2]",Cc1nc[cH:1]cn1,1,Fc1cccc[cH:2]1,2,alcohol,3,alcohol,4,Cc1ncc(O)cn1,35231-56-2,275,SY3514241910-5G,Oc1ccccc1F,367-12-4,38.30,F12804-10G
CC1=NC=C(C2=CC=CC=C2F)C=N1,Cc1nc[c:1](-[c:2]2ccccc2F)cn1,[c:1]-[c:2],"[1, 2]","[1, 2]",Cc1nc[cH:1]cn1,1,Fc1cccc[cH:2]1,2,alcohol,3,amine,4,Cc1ncc(O)cn1,35231-56-2,275,SY3514241910-5G,Nc1ccccc1F,348-54-9,24.30,F3401-25G-A
CC1=NC=C(C2=CC=CC=C2F)C=N1,Cc1nc[c:1](-[c:2]2ccccc2F)cn1,[c:1]-[c:2],"[1, 2]","[1, 2]",Cc1nc[cH:1]cn1,1,Fc1cccc[cH:2]1,2,alcohol,3,acid,4,Cc1ncc(O)cn1,35231-56-2,275,SY3514241910-5G,O=C(O)c1ccccc1F,445-29-4,34.70,412244-25G
CC1=NC=C(C2=CC=CC=C2F)C=N1,Cc1nc[c:1](-[c:2]2ccccc2F)cn1,[c:1]-[c:2],"[1, 2]","[1, 2]",Cc1nc[cH:1]cn1,1,Fc1cccc[cH:2]1,2,alcohol,3,chloride,4,Cc1ncc(O)cn1,35231-56-2,275,SY3514241910-5G,Fc1ccccc1Cl,348-51-6,29.30,162302-5G
CC1=NC=C(C2=CC=CC=C2F)C=N1,Cc1nc[c:1](-[c:2]2ccccc2F)cn1,[c:1]-[c:2],"[1, 2]","[1, 2]",Cc1nc[cH:1]cn1,1,Fc1cccc[cH:2]1,2,alcohol,3,bromide,4,Cc1ncc(O)cn1,35231-56-2,275,SY3514241910-5G,Fc1ccccc1Br,1072-85-1,52.00,B66809-25G
CC1=NC=C(C2=CC=CC=C2F)C=N1,Cc1nc[c:1](-[c:2]2ccccc2F)cn1,[c:1]-[c:2],"[1, 2]","[1, 2]",Cc1nc[cH:1]cn1,1,Fc1cccc[cH:2]1,2,alcohol,3,iodide,4,Cc1ncc(O)cn1,35231-56-2,275,SY3514241910-5G,Fc1ccccc1I,348-52-7,43.40,219401-25G
CC1=NC=C(C2=CC=CC=C2F)C=N1,Cc1nc[c:1](-[c:2]2ccccc2F)cn1,[c:1]-[c:2],"[1, 2]","[1, 2]",Cc1nc[cH:1]cn1,1,Fc1cccc[cH:2]1,2,alcohol,3,boronate,4,Cc1ncc(O)cn1,35231-56-2,275,SY3514241910-5G,OB(O)c1ccccc1F,1993-03-9,42.50,445223-1G
CC1=NC=C(C2=CC=CC=C2F)C=N1,Cc1nc[c:1](-[c:2]2ccccc2F)cn1,[c:1]-[c:2],"[1, 2]","[1, 2]",Cc1nc[cH:1]cn1,1,Fc1cccc[cH:2]1,2,amine,3,hydrogen,4,Cc1ncc(N)cn1,39889-94-6,20.9,AMBH2D6F32DB-250MG,Fc1ccccc1,462-06-6,24.40,F6001-5G-A
CC1=NC=C(C2=CC=CC=C2F)C=N1,Cc1nc[c:1](-[c:2]2ccccc2F)cn1,[c:1]-[c:2],"[1, 2]","[1, 2]",Cc1nc[cH:1]cn1,1,Fc1cccc[cH:2]1,2,amine,3,alcohol,4,Cc1ncc(N)cn1,39889-94-6,20.9,AMBH2D6F32DB-250MG,Oc1ccccc1F,367-12-4,38.30,F12804-10G
CC1=NC=C(C2=CC=CC=C2F)C=N1,Cc1nc[c:1](-[c:2]2ccccc2F)cn1,[c:1]-[c:2],"[1, 2]","[1, 2]",Cc1nc[cH:1]cn1,1,Fc1cccc[cH:2]1,2,amine,3,amine,4,Cc1ncc(N)cn1,39889-94-6,20.9,AMBH2D6F32DB-250MG,Nc1ccccc1F,348-54-9,24.30,F3401-25G-A
CC1=NC=C(C2=CC=CC=C2F)C=N1,Cc1nc[c:1](-[c:2]2ccccc2F)cn1,[c:1]-[c:2],"[1, 2]","[1, 2]",Cc1nc[cH:1]cn1,1,Fc1cccc[cH:2]1,2,amine,3,acid,4,Cc1ncc(N)cn1,39889-94-6,20.9,AMBH2D6F32DB-250MG,O=C(O)c1ccccc1F,445-29-4,34.70,412244-25G
CC1=NC=C(C2=CC=CC=C2F)C=N1,Cc1nc[c:1](-[c:2]2ccccc2F)cn1,[c:1]-[c:2],"[1, 2]","[1, 2]",Cc1nc[cH:1]cn1,1,Fc1cccc[cH:2]1,2,amine,3,chloride,4,Cc1ncc(N)cn1,39889-94-6,20.9,AMBH2D6F32DB-250MG,Fc1ccccc1Cl,348-51-6,29.30,162302-5G
CC1=NC=C(C2=CC=CC=C2F)C=N1,Cc1nc[c:1](-[c:2]2ccccc2F)cn1,[c:1]-[c:2],"[1, 2]","[1, 2]",Cc1nc[cH:1]cn1,1,Fc1cccc[cH:2]1,2,amine,3,bromide,4,Cc1ncc(N)cn1,39889-94-6,20.9,AMBH2D6F32DB-250MG,Fc1ccccc1Br,1072-85-1,52.00,B66809-25G
CC1=NC=C(C2=CC=CC=C2F)C=N1,Cc1nc[c:1](-[c:2]2ccccc2F)cn1,[c:1]-[c:2],"[1, 2]","[1, 2]",Cc1nc[cH:1]cn1,1,Fc1cccc[cH:2]1,2,amine,3,iodide,4,Cc1ncc(N)cn1,39889-94-6,20.9,AMBH2D6F32DB-250MG,Fc1ccccc1I,348-52-7,43.40,219401-25G
CC1=NC=C(C2=CC=CC=C2F)C=N1,Cc1nc[c:1](-[c:2]2ccccc2F)cn1,[c:1]-[c:2],"[1, 2]","[1, 2]",Cc1nc[cH:1]cn1,1,Fc1cccc[cH:2]1,2,amine,3,boronate,4,Cc1ncc(N)cn1,39889-94-6,20.9,AMBH2D6F32DB-250MG,OB(O)c1ccccc1F,1993-03-9,42.50,445223-1G
CC1=NC=C(C2=CC=CC=C2F)C=N1,Cc1nc[c:1](-[c:2]2ccccc2F)cn1,[c:1]-[c:2],"[1, 2]","[1, 2]",Cc1nc[cH:1]cn1,1,Fc1cccc[cH:2]1,2,acid,3,hydrogen,4,Cc1ncc(C(=O)O)cn1,5194-32-1,268.00,CBR01580-1G,Fc1ccccc1,462-06-6,24.40,F6001-5G-A
CC1=NC=C(C2=CC=CC=C2F)C=N1,Cc1nc[c:1](-[c:2]2ccccc2F)cn1,[c:1]-[c:2],"[1, 2]","[1, 2]",Cc1nc[cH:1]cn1,1,Fc1cccc[cH:2]1,2,acid,3,alcohol,4,Cc1ncc(C(=O)O)cn1,5194-32-1,268.00,CBR01580-1G,Oc1ccccc1F,367-12-4,38.30,F12804-10G
CC1=NC=C(C2=CC=CC=C2F)C=N1,Cc1nc[c:1](-[c:2]2ccccc2F)cn1,[c:1]-[c:2],"[1, 2]","[1, 2]",Cc1nc[cH:1]cn1,1,Fc1cccc[cH:2]1,2,acid,3,amine,4,Cc1ncc(C(=O)O)cn1,5194-32-1,268.00,CBR01580-1G,Nc1ccccc1F,348-54-9,24.30,F3401-25G-A
CC1=NC=C(C2=CC=CC=C2F)C=N1,Cc1nc[c:1](-[c:2]2ccccc2F)cn1,[c:1]-[c:2],"[1, 2]","[1, 2]",Cc1nc[cH:1]cn1,1,Fc1cccc[cH:2]1,2,acid,3,acid,4,Cc1ncc(C(=O)O)cn1,5194-32-1,268.00,CBR01580-1G,O=C(O)c1ccccc1F,445-29-4,34.70,412244-25G
CC1=NC=C(C2=CC=CC=C2F)C=N1,Cc1nc[c:1](-[c:2]2ccccc2F)cn1,[c:1]-[c:2],"[1, 2]","[1, 2]",Cc1nc[cH:1]cn1,1,Fc1cccc[cH:2]1,2,acid,3,chloride,4,Cc1ncc(C(=O)O)cn1,5194-32-1,268.00,CBR01580-1G,Fc1ccccc1Cl,348-51-6,29.30,162302-5G
CC1=NC=C(C2=CC=CC=C2F)C=N1,Cc1nc[c:1](-[c:2]2ccccc2F)cn1,[c:1]-[c:2],"[1, 2]","[1, 2]",Cc1nc[cH:1]cn1,1,Fc1cccc[cH:2]1,2,acid,3,bromide,4,Cc1ncc(C(=O)O)cn1,5194-32-1,268.00,CBR01580-1G,Fc1ccccc1Br,1072-85-1,52.00,B66809-25G
CC1=NC=C(C2=CC=CC=C2F)C=N1,Cc1nc[c:1](-[c:2]2ccccc2F)cn1,[c:1]-[c:2],"[1, 2]","[1, 2]",Cc1nc[cH:1]cn1,1,Fc1cccc[cH:2]1,2,acid,3,iodide,4,Cc1ncc(C(=O)O)cn1,5194-32-1,268.00,CBR01580-1G,Fc1ccccc1I,348-52-7,43.40,219401-25G
CC1=NC=C(C2=CC=CC=C2F)C=N1,Cc1nc[c:1](-[c:2]2ccccc2F)cn1,[c:1]-[c:2],"[1, 2]","[1, 2]",Cc1nc[cH:1]cn1,1,Fc1cccc[cH:2]1,2,acid,3,boronate,4,Cc1ncc(C(=O)O)cn1,5194-32-1,268.00,CBR01580-1G,OB(O)c1ccccc1F,1993-03-9,42.50,445223-1G
CC1=NC=C(C2=CC=CC=C2F)C=N1,Cc1nc[c:1](-[c:2]2ccccc2F)cn1,[c:1]-[c:2],"[1, 2]","[1, 2]",Cc1nc[cH:1]cn1,1,Fc1cccc[cH:2]1,2,chloride,3,hydrogen,4,Cc1ncc(Cl)cn1,54198-89-9,547.8,AMBH2D6EBA35-5G,Fc1ccccc1,462-06-6,24.40,F6001-5G-A
CC1=NC=C(C2=CC=CC=C2F)C=N1,Cc1nc[c:1](-[c:2]2ccccc2F)cn1,[c:1]-[c:2],"[1, 2]","[1, 2]",Cc1nc[cH:1]cn1,1,Fc1cccc[cH:2]1,2,chloride,3,alcohol,4,Cc1ncc(Cl)cn1,54198-89-9,547.8,AMBH2D6EBA35-5G,Oc1ccccc1F,367-12-4,38.30,F12804-10G
CC1=NC=C(C2=CC=CC=C2F)C=N1,Cc1nc[c:1](-[c:2]2ccccc2F)cn1,[c:1]-[c:2],"[1, 2]","[1, 2]",Cc1nc[cH:1]cn1,1,Fc1cccc[cH:2]1,2,chloride,3,amine,4,Cc1ncc(Cl)cn1,54198-89-9,547.8,AMBH2D6EBA35-5G,Nc1ccccc1F,348-54-9,24.30,F3401-25G-A
CC1=NC=C(C2=CC=CC=C2F)C=N1,Cc1nc[c:1](-[c:2]2ccccc2F)cn1,[c:1]-[c:2],"[1, 2]","[1, 2]",Cc1nc[cH:1]cn1,1,Fc1cccc[cH:2]1,2,chloride,3,acid,4,Cc1ncc(Cl)cn1,54198-89-9,547.8,AMBH2D6EBA35-5G,O=C(O)c1ccccc1F,445-29-4,34.70,412244-25G
CC1=NC=C(C2=CC=CC=C2F)C=N1,Cc1nc[c:1](-[c:2]2ccccc2F)cn1,[c:1]-[c:2],"[1, 2]","[1, 2]",Cc1nc[cH:1]cn1,1,Fc1cccc[cH:2]1,2,chloride,3,chloride,4,Cc1ncc(Cl)cn1,54198-89-9,547.8,AMBH2D6EBA35-5G,Fc1ccccc1Cl,348-51-6,29.30,162302-5G
CC1=NC=C(C2=CC=CC=C2F)C=N1,Cc1nc[c:1](-[c:2]2ccccc2F)cn1,[c:1]-[c:2],"[1, 2]","[1, 2]",Cc1nc[cH:1]cn1,1,Fc1cccc[cH:2]1,2,chloride,3,bromide,4,Cc1ncc(Cl)cn1,54198-89-9,547.8,AMBH2D6EBA35-5G,Fc1ccccc1Br,1072-85-1,52.00,B66809-25G
CC1=NC=C(C2=CC=CC=C2F)C=N1,Cc1nc[c:1](-[c:2]2ccccc2F)cn1,[c:1]-[c:2],"[1, 2]","[1, 2]",Cc1nc[cH:1]cn1,1,Fc1cccc[cH:2]1,2,chloride,3,iodide,4,Cc1ncc(Cl)cn1,54198-89-9,547.8,AMBH2D6EBA35-5G,Fc1ccccc1I,348-52-7,43.40,219401-25G
CC1=NC=C(C2=CC=CC=C2F)C=N1,Cc1nc[c:1](-[c:2]2ccccc2F)cn1,[c:1]-[c:2],"[1, 2]","[1, 2]",Cc1nc[cH:1]cn1,1,Fc1cccc[cH:2]1,2,chloride,3,boronate,4,Cc1ncc(Cl)cn1,54198-89-9,547.8,AMBH2D6EBA35-5G,OB(O)c1ccccc1F,1993-03-9,42.50,445223-1G
CC1=NC=C(C2=CC=CC=C2F)C=N1,Cc1nc[c:1](-[c:2]2ccccc2F)cn1,[c:1]-[c:2],"[1, 2]","[1, 2]",Cc1nc[cH:1]cn1,1,Fc1cccc[cH:2]1,2,bromide,3,hydrogen,4,Cc1ncc(Br)cn1,,55.10,CDS022509-100MG,Fc1ccccc1,462-06-6,24.40,F6001-5G-A
CC1=NC=C(C2=CC=CC=C2F)C=N1,Cc1nc[c:1](-[c:2]2ccccc2F)cn1,[c:1]-[c:2],"[1, 2]","[1, 2]",Cc1nc[cH:1]cn1,1,Fc1cccc[cH:2]1,2,bromide,3,alcohol,4,Cc1ncc(Br)cn1,,55.10,CDS022509-100MG,Oc1ccccc1F,367-12-4,38.30,F12804-10G
CC1=NC=C(C2=CC=CC=C2F)C=N1,Cc1nc[c:1](-[c:2]2ccccc2F)cn1,[c:1]-[c:2],"[1, 2]","[1, 2]",Cc1nc[cH:1]cn1,1,Fc1cccc[cH:2]1,2,bromide,3,amine,4,Cc1ncc(Br)cn1,,55.10,CDS022509-100MG,Nc1ccccc1F,348-54-9,24.30,F3401-25G-A
CC1=NC=C(C2=CC=CC=C2F)C=N1,Cc1nc[c:1](-[c:2]2ccccc2F)cn1,[c:1]-[c:2],"[1, 2]","[1, 2]",Cc1nc[cH:1]cn1,1,Fc1cccc[cH:2]1,2,bromide,3,acid,4,Cc1ncc(Br)cn1,,55.10,CDS022509-100MG,O=C(O)c1ccccc1F,445-29-4,34.70,412244-25G
CC1=NC=C(C2=CC=CC=C2F)C=N1,Cc1nc[c:1](-[c:2]2ccccc2F)cn1,[c:1]-[c:2],"[1, 2]","[1, 2]",Cc1nc[cH:1]cn1,1,Fc1cccc[cH:2]1,2,bromide,3,chloride,4,Cc1ncc(Br)cn1,,55.10,CDS022509-100MG,Fc1ccccc1Cl,348-51-6,29.30,162302-5G
CC1=NC=C(C2=CC=CC=C2F)C=N1,Cc1nc[c:1](-[c:2]2ccccc2F)cn1,[c:1]-[c:2],"[1, 2]","[1, 2]",Cc1nc[cH:1]cn1,1,Fc1cccc[cH:2]1,2,bromide,3,bromide,4,Cc1ncc(Br)cn1,,55.10,CDS022509-100MG,Fc1ccccc1Br,1072-85-1,52.00,B66809-25G
CC1=NC=C(C2=CC=CC=C2F)C=N1,Cc1nc[c:1](-[c:2]2ccccc2F)cn1,[c:1]-[c:2],"[1, 2]","[1, 2]",Cc1nc[cH:1]cn1,1,Fc1cccc[cH:2]1,2,bromide,3,iodide,4,Cc1ncc(Br)cn1,,55.10,CDS022509-100MG,Fc1ccccc1I,348-52-7,43.40,219401-25G
CC1=NC=C(C2=CC=CC=C2F)C=N1,Cc1nc[c:1](-[c:2]2ccccc2F)cn1,[c:1]-[c:2],"[1, 2]","[1, 2]",Cc1nc[cH:1]cn1,1,Fc1cccc[cH:2]1,2,bromide,3,boronate,4,Cc1ncc(Br)cn1,,55.10,CDS022509-100MG,OB(O)c1ccccc1F,1993-03-9,42.50,445223-1G
CC1=NC=C(C2=CC=CC=C2F)C=N1,Cc1nc[c:1](-[c:2]2ccccc2F)cn1,[c:1]-[c:2],"[1, 2]","[1, 2]",Cc1nc[cH:1]cn1,1,Fc1cccc[cH:2]1,2,iodide,3,hydrogen,4,Cc1ncc(I)cn1,1447606-27-0,1557.15,ENAH65919CC6-2.5G,Fc1ccccc1,462-06-6,24.40,F6001-5G-A
CC1=NC=C(C2=CC=CC=C2F)C=N1,Cc1nc[c:1](-[c:2]2ccccc2F)cn1,[c:1]-[c:2],"[1, 2]","[1, 2]",Cc1nc[cH:1]cn1,1,Fc1cccc[cH:2]1,2,iodide,3,alcohol,4,Cc1ncc(I)cn1,1447606-27-0,1557.15,ENAH65919CC6-2.5G,Oc1ccccc1F,367-12-4,38.30,F12804-10G
CC1=NC=C(C2=CC=CC=C2F)C=N1,Cc1nc[c:1](-[c:2]2ccccc2F)cn1,[c:1]-[c:2],"[1, 2]","[1, 2]",Cc1nc[cH:1]cn1,1,Fc1cccc[cH:2]1,2,iodide,3,amine,4,Cc1ncc(I)cn1,1447606-27-0,1557.15,ENAH65919CC6-2.5G,Nc1ccccc1F,348-54-9,24.30,F3401-25G-A
CC1=NC=C(C2=CC=CC=C2F)C=N1,Cc1nc[c:1](-[c:2]2ccccc2F)cn1,[c:1]-[c:2],"[1, 2]","[1, 2]",Cc1nc[cH:1]cn1,1,Fc1cccc[cH:2]1,2,iodide,3,acid,4,Cc1ncc(I)cn1,1447606-27-0,1557.15,ENAH65919CC6-2.5G,O=C(O)c1ccccc1F,445-29-4,34.70,412244-25G
CC1=NC=C(C2=CC=CC=C2F)C=N1,Cc1nc[c:1](-[c:2]2ccccc2F)cn1,[c:1]-[c:2],"[1, 2]","[1, 2]",Cc1nc[cH:1]cn1,1,Fc1cccc[cH:2]1,2,iodide,3,chloride,4,Cc1ncc(I)cn1,1447606-27-0,1557.15,ENAH65919CC6-2.5G,Fc1ccccc1Cl,348-51-6,29.30,162302-5G
CC1=NC=C(C2=CC=CC=C2F)C=N1,Cc1nc[c:1](-[c:2]2ccccc2F)cn1,[c:1]-[c:2],"[1, 2]","[1, 2]",Cc1nc[cH:1]cn1,1,Fc1cccc[cH:2]1,2,iodide,3,bromide,4,Cc1ncc(I)cn1,1447606-27-0,1557.15,ENAH65919CC6-2.5G,Fc1ccccc1Br,1072-85-1,52.00,B66809-25G
CC1=NC=C(C2=CC=CC=C2F)C=N1,Cc1nc[c:1](-[c:2]2ccccc2F)cn1,[c:1]-[c:2],"[1, 2]","[1, 2]",Cc1nc[cH:1]cn1,1,Fc1cccc[cH:2]1,2,iodide,3,iodide,4,Cc1ncc(I)cn1,1447606-27-0,1557.15,ENAH65919CC6-2.5G,Fc1ccccc1I,348-52-7,43.40,219401-25G
CC1=NC=C(C2=CC=CC=C2F)C=N1,Cc1nc[c:1](-[c:2]2ccccc2F)cn1,[c:1]-[c:2],"[1, 2]","[1, 2]",Cc1nc[cH:1]cn1,1,Fc1cccc[cH:2]1,2,iodide,3,boronate,4,Cc1ncc(I)cn1,1447606-27-0,1557.15,ENAH65919CC6-2.5G,OB(O)c1ccccc1F,1993-03-9,42.50,445223-1G
CC1=NC=C(C2=CC=CC=C2F)C=N1,Cc1nc[c:1](-[c:2]2ccccc2F)cn1,[c:1]-[c:2],"[1, 2]","[1, 2]",Cc1nc[cH:1]cn1,1,Fc1cccc[cH:2]1,2,boronate,3,hydrogen,4,Cc1ncc(B(O)O)cn1,1034924-06-5,60.5,AMBH2D6F7019-250MG,Fc1ccccc1,462-06-6,24.40,F6001-5G-A
CC1=NC=C(C2=CC=CC=C2F)C=N1,Cc1nc[c:1](-[c:2]2ccccc2F)cn1,[c:1]-[c:2],"[1, 2]","[1, 2]",Cc1nc[cH:1]cn1,1,Fc1cccc[cH:2]1,2,boronate,3,alcohol,4,Cc1ncc(B(O)O)cn1,1034924-06-5,60.5,AMBH2D6F7019-250MG,Oc1ccccc1F,367-12-4,38.30,F12804-10G
CC1=NC=C(C2=CC=CC=C2F)C=N1,Cc1nc[c:1](-[c:2]2ccccc2F)cn1,[c:1]-[c:2],"[1, 2]","[1, 2]",Cc1nc[cH:1]cn1,1,Fc1cccc[cH:2]1,2,boronate,3,amine,4,Cc1ncc(B(O)O)cn1,1034924-06-5,60.5,AMBH2D6F7019-250MG,Nc1ccccc1F,348-54-9,24.30,F3401-25G-A
CC1=NC=C(C2=CC=CC=C2F)C=N1,Cc1nc[c:1](-[c:2]2ccccc2F)cn1,[c:1]-[c:2],"[1, 2]","[1, 2]",Cc1nc[cH:1]cn1,1,Fc1cccc[cH:2]1,2,boronate,3,acid,4,Cc1ncc(B(O)O)cn1,1034924-06-5,60.5,AMBH2D6F7019-250MG,O=C(O)c1ccccc1F,445-29-4,34.70,412244-25G
CC1=NC=C(C2=CC=CC=C2F)C=N1,Cc1nc[c:1](-[c:2]2ccccc2F)cn1,[c:1]-[c:2],"[1, 2]","[1, 2]",Cc1nc[cH:1]cn1,1,Fc1cccc[cH:2]1,2,boronate,3,chloride,4,Cc1ncc(B(O)O)cn1,1034924-06-5,60.5,AMBH2D6F7019-250MG,Fc1ccccc1Cl,348-51-6,29.30,162302-5G
CC1=NC=C(C2=CC=CC=C2F)C=N1,Cc1nc[c:1](-[c:2]2ccccc2F)cn1,[c:1]-[c:2],"[1, 2]","[1, 2]",Cc1nc[cH:1]cn1,1,Fc1cccc[cH:2]1,2,boronate,3,bromide,4,Cc1ncc(B(O)O)cn1,1034924-06-5,60.5,AMBH2D6F7019-250MG,Fc1ccccc1Br,1072-85-1,52.00,B66809-25G
CC1=NC=C(C2=CC=CC=C2F)C=N1,Cc1nc[c:1](-[c:2]2ccccc2F)cn1,[c:1]-[c:2],"[1, 2]","[1, 2]",Cc1nc[cH:1]cn1,1,Fc1cccc[cH:2]1,2,boronate,3,iodide,4,Cc1ncc(B(O)O)cn1,1034924-06-5,60.5,AMBH2D6F7019-250MG,Fc1ccccc1I,348-52-7,43.40,219401-25G
CC1=NC=C(C2=CC=CC=C2F)C=N1,Cc1nc[c:1](-[c:2]2ccccc2F)cn1,[c:1]-[c:2],"[1, 2]","[1, 2]",Cc1nc[cH:1]cn1,1,Fc1cccc[cH:2]1,2,boronate,3,boronate,4,Cc1ncc(B(O)O)cn1,1034924-06-5,60.5,AMBH2D6F7019-250MG,OB(O)c1ccccc1F,1993-03-9,42.50,445223-1G
CC1=NC=C(C2=CC=CC=C2F)C=N1,Fc1ccccc1-c1cn[c:1]([CH3:2])nc1,[c:1]-[C:2],"[1, 2]","[1, 2]",Fc1ccccc1-c1cn[cH:1]nc1,1,[CH4:2],2,alcohol,3,hydrogen,4,Oc1ncc(-c2ccccc2F)cn1,1111103-52-6,420,CO1H324A9BD8-250MG,C,74-82-8,1610.00,463035-24L
CC1=NC=C(C2=CC=CC=C2F)C=N1,Fc1ccccc1-c1cn[c:1]([CH3:2])nc1,[c:1]-[C:2],"[1, 2]","[1, 2]",Fc1ccccc1-c1cn[cH:1]nc1,1,[CH4:2],2,alcohol,3,alcohol,4,Oc1ncc(-c2ccccc2F)cn1,1111103-52-6,420,CO1H324A9BD8-250MG,CO,67-56-1,30.20,M3641-500ML
CC1=NC=C(C2=CC=CC=C2F)C=N1,Fc1ccccc1-c1cn[c:1]([CH3:2])nc1,[c:1]-[C:2],"[1, 2]","[1, 2]",Fc1ccccc1-c1cn[cH:1]nc1,1,[CH4:2],2,alcohol,3,amine,4,Oc1ncc(-c2ccccc2F)cn1,1111103-52-6,420,CO1H324A9BD8-250MG,CN,74-89-5,40.10,534102-250ML
CC1=NC=C(C2=CC=CC=C2F)C=N1,Fc1ccccc1-c1cn[c:1]([CH3:2])nc1,[c:1]-[C:2],"[1, 2]","[1, 2]",Fc1ccccc1-c1cn[cH:1]nc1,1,[CH4:2],2,alcohol,3,acid,4,Oc1ncc(-c2ccccc2F)cn1,1111103-52-6,420,CO1H324A9BD8-250MG,CC(=O)O,64-19-7,67.00,W200611-1KG-K
CC1=NC=C(C2=CC=CC=C2F)C=N1,Fc1ccccc1-c1cn[c:1]([CH3:2])nc1,[c:1]-[C:2],"[1, 2]","[1, 2]",Fc1ccccc1-c1cn[cH:1]nc1,1,[CH4:2],2,alcohol,3,chloride,4,Oc1ncc(-c2ccccc2F)cn1,1111103-52-6,420,CO1H324A9BD8-250MG,CCl,74-87-3,252.00,294799-200ML
CC1=NC=C(C2=CC=CC=C2F)C=N1,Fc1ccccc1-c1cn[c:1]([CH3:2])nc1,[c:1]-[C:2],"[1, 2]","[1, 2]",Fc1ccccc1-c1cn[cH:1]nc1,1,[CH4:2],2,alcohol,3,bromide,4,Oc1ncc(-c2ccccc2F)cn1,1111103-52-6,420,CO1H324A9BD8-250MG,CBr,74-83-9,24.10,48624
CC1=NC=C(C2=CC=CC=C2F)C=N1,Fc1ccccc1-c1cn[c:1]([CH3:2])nc1,[c:1]-[C:2],"[1, 2]","[1, 2]",Fc1ccccc1-c1cn[cH:1]nc1,1,[CH4:2],2,alcohol,3,iodide,4,Oc1ncc(-c2ccccc2F)cn1,1111103-52-6,420,CO1H324A9BD8-250MG,CI,74-88-4,112.00,456756-100ML
CC1=NC=C(C2=CC=CC=C2F)C=N1,Fc1ccccc1-c1cn[c:1]([CH3:2])nc1,[c:1]-[C:2],"[1, 2]","[1, 2]",Fc1ccccc1-c1cn[cH:1]nc1,1,[CH4:2],2,alcohol,3,boronate,4,Oc1ncc(-c2ccccc2F)cn1,1111103-52-6,420,CO1H324A9BD8-250MG,CB(O)O,13061-96-6,43.80,165336-1G
CC1=NC=C(C2=CC=CC=C2F)C=N1,Fc1ccccc1-c1cn[c:1]([CH3:2])nc1,[c:1]-[C:2],"[1, 2]","[1, 2]",Fc1ccccc1-c1cn[cH:1]nc1,1,[CH4:2],2,amine,3,hydrogen,4,Nc1ncc(-c2ccccc2F)cn1,893739-85-0,420,CO1H324A9BD7-250MG,C,74-82-8,1610.00,463035-24L
CC1=NC=C(C2=CC=CC=C2F)C=N1,Fc1ccccc1-c1cn[c:1]([CH3:2])nc1,[c:1]-[C:2],"[1, 2]","[1, 2]",Fc1ccccc1-c1cn[cH:1]nc1,1,[CH4:2],2,amine,3,alcohol,4,Nc1ncc(-c2ccccc2F)cn1,893739-85-0,420,CO1H324A9BD7-250MG,CO,67-56-1,30.20,M3641-500ML
CC1=NC=C(C2=CC=CC=C2F)C=N1,Fc1ccccc1-c1cn[c:1]([CH3:2])nc1,[c:1]-[C:2],"[1, 2]","[1, 2]",Fc1ccccc1-c1cn[cH:1]nc1,1,[CH4:2],2,amine,3,amine,4,Nc1ncc(-c2ccccc2F)cn1,893739-85-0,420,CO1H324A9BD7-250MG,CN,74-89-5,40.10,534102-250ML
CC1=NC=C(C2=CC=CC=C2F)C=N1,Fc1ccccc1-c1cn[c:1]([CH3:2])nc1,[c:1]-[C:2],"[1, 2]","[1, 2]",Fc1ccccc1-c1cn[cH:1]nc1,1,[CH4:2],2,amine,3,acid,4,Nc1ncc(-c2ccccc2F)cn1,893739-85-0,420,CO1H324A9BD7-250MG,CC(=O)O,64-19-7,67.00,W200611-1KG-K
CC1=NC=C(C2=CC=CC=C2F)C=N1,Fc1ccccc1-c1cn[c:1]([CH3:2])nc1,[c:1]-[C:2],"[1, 2]","[1, 2]",Fc1ccccc1-c1cn[cH:1]nc1,1,[CH4:2],2,amine,3,chloride,4,Nc1ncc(-c2ccccc2F)cn1,893739-85-0,420,CO1H324A9BD7-250MG,CCl,74-87-3,252.00,294799-200ML
CC1=NC=C(C2=CC=CC=C2F)C=N1,Fc1ccccc1-c1cn[c:1]([CH3:2])nc1,[c:1]-[C:2],"[1, 2]","[1, 2]",Fc1ccccc1-c1cn[cH:1]nc1,1,[CH4:2],2,amine,3,bromide,4,Nc1ncc(-c2ccccc2F)cn1,893739-85-0,420,CO1H324A9BD7-250MG,CBr,74-83-9,24.10,48624
CC1=NC=C(C2=CC=CC=C2F)C=N1,Fc1ccccc1-c1cn[c:1]([CH3:2])nc1,[c:1]-[C:2],"[1, 2]","[1, 2]",Fc1ccccc1-c1cn[cH:1]nc1,1,[CH4:2],2,amine,3,iodide,4,Nc1ncc(-c2ccccc2F)cn1,893739-85-0,420,CO1H324A9BD7-250MG,CI,74-88-4,112.00,456756-100ML
CC1=NC=C(C2=CC=CC=C2F)C=N1,Fc1ccccc1-c1cn[c:1]([CH3:2])nc1,[c:1]-[C:2],"[1, 2]","[1, 2]",Fc1ccccc1-c1cn[cH:1]nc1,1,[CH4:2],2,amine,3,boronate,4,Nc1ncc(-c2ccccc2F)cn1,893739-85-0,420,CO1H324A9BD7-250MG,CB(O)O,13061-96-6,43.80,165336-1G
CC1=NC=C(C2=CC=CC=C2F)C=N1,Fc1ccccc1-c1cn[c:1]([CH3:2])nc1,[c:1]-[C:2],"[1, 2]","[1, 2]",Fc1ccccc1-c1cn[cH:1]nc1,1,[CH4:2],2,chloride,3,hydrogen,4,Fc1ccccc1-c1cnc(Cl)nc1,1048338-45-9,650,COMH4211AF1D-250MG,C,74-82-8,1610.00,463035-24L
CC1=NC=C(C2=CC=CC=C2F)C=N1,Fc1ccccc1-c1cn[c:1]([CH3:2])nc1,[c:1]-[C:2],"[1, 2]","[1, 2]",Fc1ccccc1-c1cn[cH:1]nc1,1,[CH4:2],2,chloride,3,alcohol,4,Fc1ccccc1-c1cnc(Cl)nc1,1048338-45-9,650,COMH4211AF1D-250MG,CO,67-56-1,30.20,M3641-500ML
CC1=NC=C(C2=CC=CC=C2F)C=N1,Fc1ccccc1-c1cn[c:1]([CH3:2])nc1,[c:1]-[C:2],"[1, 2]","[1, 2]",Fc1ccccc1-c1cn[cH:1]nc1,1,[CH4:2],2,chloride,3,amine,4,Fc1ccccc1-c1cnc(Cl)nc1,1048338-45-9,650,COMH4211AF1D-250MG,CN,74-89-5,40.10,534102-250ML
CC1=NC=C(C2=CC=CC=C2F)C=N1,Fc1ccccc1-c1cn[c:1]([CH3:2])nc1,[c:1]-[C:2],"[1, 2]","[1, 2]",Fc1ccccc1-c1cn[cH:1]nc1,1,[CH4:2],2,chloride,3,acid,4,Fc1ccccc1-c1cnc(Cl)nc1,1048338-45-9,650,COMH4211AF1D-250MG,CC(=O)O,64-19-7,67.00,W200611-1KG-K
CC1=NC=C(C2=CC=CC=C2F)C=N1,Fc1ccccc1-c1cn[c:1]([CH3:2])nc1,[c:1]-[C:2],"[1, 2]","[1, 2]",Fc1ccccc1-c1cn[cH:1]nc1,1,[CH4:2],2,chloride,3,chloride,4,Fc1ccccc1-c1cnc(Cl)nc1,1048338-45-9,650,COMH4211AF1D-250MG,CCl,74-87-3,252.00,294799-200ML
CC1=NC=C(C2=CC=CC=C2F)C=N1,Fc1ccccc1-c1cn[c:1]([CH3:2])nc1,[c:1]-[C:2],"[1, 2]","[1, 2]",Fc1ccccc1-c1cn[cH:1]nc1,1,[CH4:2],2,chloride,3,bromide,4,Fc1ccccc1-c1cnc(Cl)nc1,1048338-45-9,650,COMH4211AF1D-250MG,CBr,74-83-9,24.10,48624
CC1=NC=C(C2=CC=CC=C2F)C=N1,Fc1ccccc1-c1cn[c:1]([CH3:2])nc1,[c:1]-[C:2],"[1, 2]","[1, 2]",Fc1ccccc1-c1cn[cH:1]nc1,1,[CH4:2],2,chloride,3,iodide,4,Fc1ccccc1-c1cnc(Cl)nc1,1048338-45-9,650,COMH4211AF1D-250MG,CI,74-88-4,112.00,456756-100ML
CC1=NC=C(C2=CC=CC=C2F)C=N1,Fc1ccccc1-c1cn[c:1]([CH3:2])nc1,[c:1]-[C:2],"[1, 2]","[1, 2]",Fc1ccccc1-c1cn[cH:1]nc1,1,[CH4:2],2,chloride,3,boronate,4,Fc1ccccc1-c1cnc(Cl)nc1,1048338-45-9,650,COMH4211AF1D-250MG,CB(O)O,13061-96-6,43.80,165336-1G
CC1=NC=C(C2=CC=CC=C2F)C=N1,Fc1ccccc1-c1cn[c:1]([CH3:2])nc1,[c:1]-[C:2],"[1, 2]","[1, 2]",Fc1ccccc1-c1cn[cH:1]nc1,1,[CH4:2],2,bromide,3,hydrogen,4,Fc1ccccc1-c1cnc(Br)nc1,,1080,CO1H324A9BD5-1G,C,74-82-8,1610.00,463035-24L
CC1=NC=C(C2=CC=CC=C2F)C=N1,Fc1ccccc1-c1cn[c:1]([CH3:2])nc1,[c:1]-[C:2],"[1, 2]","[1, 2]",Fc1ccccc1-c1cn[cH:1]nc1,1,[CH4:2],2,bromide,3,alcohol,4,Fc1ccccc1-c1cnc(Br)nc1,,1080,CO1H324A9BD5-1G,CO,67-56-1,30.20,M3641-500ML
CC1=NC=C(C2=CC=CC=C2F)C=N1,Fc1ccccc1-c1cn[c:1]([CH3:2])nc1,[c:1]-[C:2],"[1, 2]","[1, 2]",Fc1ccccc1-c1cn[cH:1]nc1,1,[CH4:2],2,bromide,3,amine,4,Fc1ccccc1-c1cnc(Br)nc1,,1080,CO1H324A9BD5-1G,CN,74-89-5,40.10,534102-250ML
CC1=NC=C(C2=CC=CC=C2F)C=N1,Fc1ccccc1-c1cn[c:1]([CH3:2])nc1,[c:1]-[C:2],"[1, 2]","[1, 2]",Fc1ccccc1-c1cn[cH:1]nc1,1,[CH4:2],2,bromide,3,acid,4,Fc1ccccc1-c1cnc(Br)nc1,,1080,CO1H324A9BD5-1G,CC(=O)O,64-19-7,67.00,W200611-1KG-K
CC1=NC=C(C2=CC=CC=C2F)C=N1,Fc1ccccc1-c1cn[c:1]([CH3:2])nc1,[c:1]-[C:2],"[1, 2]","[1, 2]",Fc1ccccc1-c1cn[cH:1]nc1,1,[CH4:2],2,bromide,3,chloride,4,Fc1ccccc1-c1cnc(Br)nc1,,1080,CO1H324A9BD5-1G,CCl,74-87-3,252.00,294799-200ML
CC1=NC=C(C2=CC=CC=C2F)C=N1,Fc1ccccc1-c1cn[c:1]([CH3:2])nc1,[c:1]-[C:2],"[1, 2]","[1, 2]",Fc1ccccc1-c1cn[cH:1]nc1,1,[CH4:2],2,bromide,3,bromide,4,Fc1ccccc1-c1cnc(Br)nc1,,1080,CO1H324A9BD5-1G,CBr,74-83-9,24.10,48624
CC1=NC=C(C2=CC=CC=C2F)C=N1,Fc1ccccc1-c1cn[c:1]([CH3:2])nc1,[c:1]-[C:2],"[1, 2]","[1, 2]",Fc1ccccc1-c1cn[cH:1]nc1,1,[CH4:2],2,bromide,3,iodide,4,Fc1ccccc1-c1cnc(Br)nc1,,1080,CO1H324A9BD5-1G,CI,74-88-4,112.00,456756-100ML
CC1=NC=C(C2=CC=CC=C2F)C=N1,Fc1ccccc1-c1cn[c:1]([CH3:2])nc1,[c:1]-[C:2],"[1, 2]","[1, 2]",Fc1ccccc1-c1cn[cH:1]nc1,1,[CH4:2],2,bromide,3,boronate,4,Fc1ccccc1-c1cnc(Br)nc1,,1080,CO1H324A9BD5-1G,CB(O)O,13061-96-6,43.80,165336-1G
C=C(COC(=O)CC#N)C(=O)OCC,C=[C:1](C(=O)OCC)[CH2:2]OC(=O)CC#N,[C:1]-[C:2],"[1, 2]","[1, 2]",C=[CH:1]C(=O)OCC,1,N#CCC(=O)O[CH3:2],2,hydrogen,3,hydrogen,4,C=CC(=O)OCC,140-88-5,38.40,E9706-100ML,COC(=O)CC#N,105-34-0,37.30,108421-25G
C=C(COC(=O)CC#N)C(=O)OCC,C=[C:1](C(=O)OCC)[CH2:2]OC(=O)CC#N,[C:1]-[C:2],"[1, 2]","[1, 2]",C=[CH:1]C(=O)OCC,1,N#CCC(=O)O[CH3:2],2,bromide,3,hydrogen,4,C=C(Br)C(=O)OCC,5459-35-8,750,COM497511779-10G,COC(=O)CC#N,105-34-0,37.30,108421-25G
C=C(COC(=O)CC#N)C(=O)OCC,C=[C:1](COC(=O)CC#N)[C:2](=O)OCC,[C:1]-[C:2],"[1, 2]","[1, 2]",C=[CH:1]COC(=O)CC#N,1,CCO[CH:2]=O,2,hydrogen,3,hydrogen,4,C=CCOC(=O)CC#N,13361-32-5,721.00,691186-1KG,CCOC=O,109-94-4,32.00,112682-25ML
C=C(COC(=O)CC#N)C(=O)OCC,C=[C:1](COC(=O)CC#N)[C:2](=O)OCC,[C:1]-[C:2],"[1, 2]","[1, 2]",C=[CH:1]COC(=O)CC#N,1,CCO[CH:2]=O,2,hydrogen,3,amine,4,C=CCOC(=O)CC#N,13361-32-5,721.00,691186-1KG,CCOC(N)=O,51-79-6,95.20,94300-50G
C=C(COC(=O)CC#N)C(=O)OCC,C=[C:1](COC(=O)CC#N)[C:2](=O)OCC,[C:1]-[C:2],"[1, 2]","[1, 2]",C=[CH:1]COC(=O)CC#N,1,CCO[CH:2]=O,2,hydrogen,3,chloride,4,C=CCOC(=O)CC#N,13361-32-5,721.00,691186-1KG,CCOC(=O)Cl,541-41-3,21.10,185892-5G
C=C(COC(=O)CC#N)C(=O)OCC,C=C(C(=O)OCC)[CH2:1][O:2]C(=O)CC#N,[C:1]-[O:2],"[1, 2]","[1, 2]",C=C(C(=O)OCC)[CH3:1],1,N#CCC(=O)[OH:2],2,hydrogen,3,hydrogen,4,C=C(C)C(=O)OCC,97-63-2,52.30,234893-100ML,N#CCC(=O)O,372-09-8,58.20,C88505-25G
C=C(COC(=O)CC#N)C(=O)OCC,C=C(C(=O)OCC)[CH2:1][O:2]C(=O)CC#N,[C:1]-[O:2],"[1, 2]","[1, 2]",C=C(C(=O)OCC)[CH3:1],1,N#CCC(=O)[OH:2],2,alcohol,3,hydrogen,4,C=C(CO)C(=O)OCC,10029-04-6,94.00,752975-5G,N#CCC(=O)O,372-09-8,58.20,C88505-25G
C=C(COC(=O)CC#N)C(=O)OCC,C=C(C(=O)OCC)[CH2:1][O:2]C(=O)CC#N,[C:1]-[O:2],"[1, 2]","[1, 2]",C=C(C(=O)OCC)[CH3:1],1,N#CCC(=O)[OH:2],2,acid,3,hydrogen,4,C=C(CC(=O)O)C(=O)OCC,3377-29-5,165.9,ENA428683066-100MG,N#CCC(=O)O,372-09-8,58.20,C88505-25G
C=C(COC(=O)CC#N)C(=O)OCC,C=C(C(=O)OCC)[CH2:1][O:2]C(=O)CC#N,[C:1]-[O:2],"[1, 2]","[1, 2]",C=C(C(=O)OCC)[CH3:1],1,N#CCC(=O)[OH:2],2,chloride,3,hydrogen,4,C=C(CCl)C(=O)OCC,17435-77-7,235.2,ENA517162140-2.5G,N#CCC(=O)O,372-09-8,58.20,C88505-25G
C=C(COC(=O)CC#N)C(=O)OCC,C=C(C(=O)OCC)[CH2:1][O:2]C(=O)CC#N,[C:1]-[O:2],"[1, 2]","[1, 2]",C=C(C(=O)OCC)[CH3:1],1,N#CCC(=O)[OH:2],2,bromide,3,hydrogen,4,C=C(CBr)C(=O)OCC,17435-72-2,58.50,425222-1G,N#CCC(=O)O,372-09-8,58.20,C88505-25G
C=C(COC(=O)CC#N)C(=O)OCC,C=C(C[O:2][C:1](=O)CC#N)C(=O)OCC,[C:1]-[O:2],"[1, 2]","[1, 2]",N#CC[CH:1]=O,1,C=C(C[OH:2])C(=O)OCC,2,chloride,3,hydrogen,4,N#CCC(=O)Cl,16130-58-8,663,ATC456776890-2.5G,C=C(CO)C(=O)OCC,10029-04-6,94.00,752975-5G
O=C(COC1=CC=CC=C1Br)NCCNC1=CC=C([N+](=O)[O-])C=C1,O=C(COc1ccccc1Br)N[CH2:1][CH2:2]Nc1ccc([N+](=O)[O-])cc1,[C:1]-[C:2],"[1, 2]","[1, 2]",O=C(COc1ccccc1Br)N[CH3:1],1,O=[N+]([O-])c1ccc(N[CH3:2])cc1,2,hydrogen,3,hydrogen,4,CNC(=O)COc1ccccc1Br,,55.10,CDS005859-100MG,CNc1ccc([N+](=O)[O-])cc1,100-15-2,75.70,269638-25G
O=C(COC1=CC=CC=C1Br)NCCNC1=CC=C([N+](=O)[O-])C=C1,O=C(COc1ccccc1Br)N[CH2:1][CH2:2]Nc1ccc([N+](=O)[O-])cc1,[C:1]-[C:2],"[1, 2]","[1, 2]",O=C(COc1ccccc1Br)N[CH3:1],1,O=[N+]([O-])c1ccc(N[CH3:2])cc1,2,hydrogen,3,acid,4,CNC(=O)COc1ccccc1Br,,55.10,CDS005859-100MG,O=C(O)CNc1ccc([N+](=O)[O-])cc1,619-91-0,283.2,KEY388193189-1G
O=C(COC1=CC=CC=C1Br)NCCNC1=CC=C([N+](=O)[O-])C=C1,O=C(COc1ccccc1Br)[NH:2][CH2:1]CNc1ccc([N+](=O)[O-])cc1,[C:1]-[N:2],"[1, 2]","[1, 2]",O=[N+]([O-])c1ccc(NC[CH3:1])cc1,1,O=C(COc1ccccc1Br)[NH2:2],2,hydrogen,3,amine,4,CCNc1ccc([N+](=O)[O-])cc1,3665-80-3,82.50,328499-1G,NNC(=O)COc1ccccc1Br,328085-17-2,107.8,CH4017936575-1G
C=CCNC1=NN=C(SCC(=O)NCC2=CC=C(N(C)C)C=C2)S1,C=CCNc1nnc([S:2][CH2:1]C(=O)NCc2ccc(N(C)C)cc2)s1,[C:1]-[S:2],"[1, 2]","[1, 2]",CN(C)c1ccc(CNC(=O)[CH3:1])cc1,1,C=CCNc1nnc([SH:2])s1,2,bromide,3,hydrogen,4,CN(C)c1ccc(CNC(=O)CBr)cc1,1339403-46-1,225,COMH042396A7-1G,C=CCNc1nnc(S)s1,91780-33-5,181.25,COMH04237575-500MG
C=C(CCBr)CCC(=O)OC,C=[C:1](CCC(=O)OC)[CH2:2]CBr,[C:1]-[C:2],"[1, 2]","[1, 2]",C=[CH:1]CCC(=O)OC,1,BrC[CH3:2],2,hydrogen,3,hydrogen,4,C=CCCC(=O)OC,818-57-5,98.00,49661-1G-F,CCBr,74-96-4,55.70,239607-50G
C=C(CCBr)CCC(=O)OC,C=[C:1](CCC(=O)OC)[CH2:2]CBr,[C:1]-[C:2],"[1, 2]","[1, 2]",C=[CH:1]CCC(=O)OC,1,BrC[CH3:2],2,hydrogen,3,alcohol,4,C=CCCC(=O)OC,818-57-5,98.00,49661-1G-F,OCCBr,540-51-2,44.20,B65586-5G
C=C(CCBr)CCC(=O)OC,C=[C:1](CCC(=O)OC)[CH2:2]CBr,[C:1]-[C:2],"[1, 2]","[1, 2]",C=[CH:1]CCC(=O)OC,1,BrC[CH3:2],2,hydrogen,3,acid,4,C=CCCC(=O)OC,818-57-5,98.00,49661-1G-F,O=C(O)CCBr,590-92-1,37.10,101281-100G
C=C(CCBr)CCC(=O)OC,C=[C:1](CCC(=O)OC)[CH2:2]CBr,[C:1]-[C:2],"[1, 2]","[1, 2]",C=[CH:1]CCC(=O)OC,1,BrC[CH3:2],2,hydrogen,3,chloride,4,C=CCCC(=O)OC,818-57-5,98.00,49661-1G-F,ClCCBr,107-04-0,26.30,232750-5G
C=C(CCBr)CCC(=O)OC,C=[C:1](CCC(=O)OC)[CH2:2]CBr,[C:1]-[C:2],"[1, 2]","[1, 2]",C=[CH:1]CCC(=O)OC,1,BrC[CH3:2],2,hydrogen,3,bromide,4,C=CCCC(=O)OC,818-57-5,98.00,49661-1G-F,BrCCBr,106-93-4,32.20,240656-5G
C=C(CCBr)CCC(=O)OC,C=[C:1](CCC(=O)OC)[CH2:2]CBr,[C:1]-[C:2],"[1, 2]","[1, 2]",C=[CH:1]CCC(=O)OC,1,BrC[CH3:2],2,hydrogen,3,iodide,4,C=CCCC(=O)OC,818-57-5,98.00,49661-1G-F,BrCCI,590-16-9,269.5,APO447397581-1G
C=C(CCBr)CCC(=O)OC,C=[C:1](CCC(=O)OC)[CH2:2]CBr,[C:1]-[C:2],"[1, 2]","[1, 2]",C=[CH:1]CCC(=O)OC,1,BrC[CH3:2],2,acid,3,hydrogen,4,C=C(CCC(=O)OC)C(=O)O,93633-32-0,448.35,ENA964489119-1G,CCBr,74-96-4,55.70,239607-50G
C=C(CCBr)CCC(=O)OC,C=[C:1](CCC(=O)OC)[CH2:2]CBr,[C:1]-[C:2],"[1, 2]","[1, 2]",C=[CH:1]CCC(=O)OC,1,BrC[CH3:2],2,acid,3,alcohol,4,C=C(CCC(=O)OC)C(=O)O,93633-32-0,448.35,ENA964489119-1G,OCCBr,540-51-2,44.20,B65586-5G
C=C(CCBr)CCC(=O)OC,C=[C:1](CCC(=O)OC)[CH2:2]CBr,[C:1]-[C:2],"[1, 2]","[1, 2]",C=[CH:1]CCC(=O)OC,1,BrC[CH3:2],2,acid,3,acid,4,C=C(CCC(=O)OC)C(=O)O,93633-32-0,448.35,ENA964489119-1G,O=C(O)CCBr,590-92-1,37.10,101281-100G
C=C(CCBr)CCC(=O)OC,C=[C:1](CCC(=O)OC)[CH2:2]CBr,[C:1]-[C:2],"[1, 2]","[1, 2]",C=[CH:1]CCC(=O)OC,1,BrC[CH3:2],2,acid,3,chloride,4,C=C(CCC(=O)OC)C(=O)O,93633-32-0,448.35,ENA964489119-1G,ClCCBr,107-04-0,26.30,232750-5G
C=C(CCBr)CCC(=O)OC,C=[C:1](CCC(=O)OC)[CH2:2]CBr,[C:1]-[C:2],"[1, 2]","[1, 2]",C=[CH:1]CCC(=O)OC,1,BrC[CH3:2],2,acid,3,bromide,4,C=C(CCC(=O)OC)C(=O)O,93633-32-0,448.35,ENA964489119-1G,BrCCBr,106-93-4,32.20,240656-5G
C=C(CCBr)CCC(=O)OC,C=[C:1](CCC(=O)OC)[CH2:2]CBr,[C:1]-[C:2],"[1, 2]","[1, 2]",C=[CH:1]CCC(=O)OC,1,BrC[CH3:2],2,acid,3,iodide,4,C=C(CCC(=O)OC)C(=O)O,93633-32-0,448.35,ENA964489119-1G,BrCCI,590-16-9,269.5,APO447397581-1G
C=C(CCBr)CCC(=O)OC,C=[C:1](CCBr)[CH2:2]CC(=O)OC,[C:1]-[C:2],"[1, 2]","[1, 2]",C=[CH:1]CCBr,1,COC(=O)C[CH3:2],2,hydrogen,3,hydrogen,4,C=CCCBr,5162-44-7,24.00,167851-1G,CCC(=O)OC,554-12-1,101.00,W274208-1KG-K
C=C(CCBr)CCC(=O)OC,C=[C:1](CCBr)[CH2:2]CC(=O)OC,[C:1]-[C:2],"[1, 2]","[1, 2]",C=[CH:1]CCBr,1,COC(=O)C[CH3:2],2,hydrogen,3,alcohol,4,C=CCCBr,5162-44-7,24.00,167851-1G,COC(=O)CCO,6149-41-3,174.9,AMBH2D6EEFEE-25G
C=C(CCBr)CCC(=O)OC,C=[C:1](CCBr)[CH2:2]CC(=O)OC,[C:1]-[C:2],"[1, 2]","[1, 2]",C=[CH:1]CCBr,1,COC(=O)C[CH3:2],2,hydrogen,3,acid,4,C=CCCBr,5162-44-7,24.00,167851-1G,COC(=O)CCC(=O)O,3878-55-5,82.40,M81101-25G
C=C(CCBr)CCC(=O)OC,C=[C:1](CCBr)[CH2:2]CC(=O)OC,[C:1]-[C:2],"[1, 2]","[1, 2]",C=[CH:1]CCBr,1,COC(=O)C[CH3:2],2,hydrogen,3,chloride,4,C=CCCBr,5162-44-7,24.00,167851-1G,COC(=O)CCCl,6001-87-2,109.2,ENA394768524-250MG
C=C(CCBr)CCC(=O)OC,C=[C:1](CCBr)[CH2:2]CC(=O)OC,[C:1]-[C:2],"[1, 2]","[1, 2]",C=[CH:1]CCBr,1,COC(=O)C[CH3:2],2,hydrogen,3,bromide,4,C=CCCBr,5162-44-7,24.00,167851-1G,COC(=O)CCBr,3395-91-3,22.40,242373-5G
C=C(CCBr)CCC(=O)OC,C=[C:1](CCBr)[CH2:2]CC(=O)OC,[C:1]-[C:2],"[1, 2]","[1, 2]",C=[CH:1]CCBr,1,COC(=O)C[CH3:2],2,hydrogen,3,iodide,4,C=CCCBr,5162-44-7,24.00,167851-1G,COC(=O)CCI,5029-66-3,562.5,COMH4211A9C9-1G
C=C(CCBr)CCC(=O)OC,C=[C:1](CCBr)[CH2:2]CC(=O)OC,[C:1]-[C:2],"[1, 2]","[1, 2]",C=[CH:1]CCBr,1,COC(=O)C[CH3:2],2,bromide,3,hydrogen,4,C=C(Br)CCBr,55030-57-4,363.3,ENAH315523CA-250MG,CCC(=O)OC,554-12-1,101.00,W274208-1KG-K
C=C(CCBr)CCC(=O)OC,C=[C:1](CCBr)[CH2:2]CC(=O)OC,[C:1]-[C:2],"[1, 2]","[1, 2]",C=[CH:1]CCBr,1,COC(=O)C[CH3:2],2,bromide,3,alcohol,4,C=C(Br)CCBr,55030-57-4,363.3,ENAH315523CA-250MG,COC(=O)CCO,6149-41-3,174.9,AMBH2D6EEFEE-25G
C=C(CCBr)CCC(=O)OC,C=[C:1](CCBr)[CH2:2]CC(=O)OC,[C:1]-[C:2],"[1, 2]","[1, 2]",C=[CH:1]CCBr,1,COC(=O)C[CH3:2],2,bromide,3,acid,4,C=C(Br)CCBr,55030-57-4,363.3,ENAH315523CA-250MG,COC(=O)CCC(=O)O,3878-55-5,82.40,M81101-25G
C=C(CCBr)CCC(=O)OC,C=[C:1](CCBr)[CH2:2]CC(=O)OC,[C:1]-[C:2],"[1, 2]","[1, 2]",C=[CH:1]CCBr,1,COC(=O)C[CH3:2],2,bromide,3,chloride,4,C=C(Br)CCBr,55030-57-4,363.3,ENAH315523CA-250MG,COC(=O)CCCl,6001-87-2,109.2,ENA394768524-250MG
C=C(CCBr)CCC(=O)OC,C=[C:1](CCBr)[CH2:2]CC(=O)OC,[C:1]-[C:2],"[1, 2]","[1, 2]",C=[CH:1]CCBr,1,COC(=O)C[CH3:2],2,bromide,3,bromide,4,C=C(Br)CCBr,55030-57-4,363.3,ENAH315523CA-250MG,COC(=O)CCBr,3395-91-3,22.40,242373-5G
C=C(CCBr)CCC(=O)OC,C=[C:1](CCBr)[CH2:2]CC(=O)OC,[C:1]-[C:2],"[1, 2]","[1, 2]",C=[CH:1]CCBr,1,COC(=O)C[CH3:2],2,bromide,3,iodide,4,C=C(Br)CCBr,55030-57-4,363.3,ENAH315523CA-250MG,COC(=O)CCI,5029-66-3,562.5,COMH4211A9C9-1G
C=C(CCBr)CCC(=O)OC,C=C(CCBr)[CH2:1][CH2:2]C(=O)OC,[C:1]-[C:2],"[1, 2]","[1, 2]",C=C(CCBr)[CH3:1],1,COC(=O)[CH3:2],2,hydrogen,3,hydrogen,4,C=C(C)CCBr,20038-12-4,117.6,JWPH3249C118-1G,COC(C)=O,79-20-9,43.40,296996-100ML
C=C(CCBr)CCC(=O)OC,C=C(CCBr)[CH2:1][CH2:2]C(=O)OC,[C:1]-[C:2],"[1, 2]","[1, 2]",C=C(CCBr)[CH3:1],1,COC(=O)[CH3:2],2,hydrogen,3,alcohol,4,C=C(C)CCBr,20038-12-4,117.6,JWPH3249C118-1G,COC(=O)CO,96-35-5,38.50,325260-5G
C=C(CCBr)CCC(=O)OC,C=C(CCBr)[CH2:1][CH2:2]C(=O)OC,[C:1]-[C:2],"[1, 2]","[1, 2]",C=C(CCBr)[CH3:1],1,COC(=O)[CH3:2],2,hydrogen,3,acid,4,C=C(C)CCBr,20038-12-4,117.6,JWPH3249C118-1G,COC(=O)CC(=O)O,,55.10,CDS001491-250MG
C=C(CCBr)CCC(=O)OC,C=C(CCBr)[CH2:1][CH2:2]C(=O)OC,[C:1]-[C:2],"[1, 2]","[1, 2]",C=C(CCBr)[CH3:1],1,COC(=O)[CH3:2],2,hydrogen,3,chloride,4,C=C(C)CCBr,20038-12-4,117.6,JWPH3249C118-1G,COC(=O)CCl,96-34-4,47.50,36546-1G
C=C(CCBr)CCC(=O)OC,C=C(CCBr)[CH2:1][CH2:2]C(=O)OC,[C:1]-[C:2],"[1, 2]","[1, 2]",C=C(CCBr)[CH3:1],1,COC(=O)[CH3:2],2,hydrogen,3,bromide,4,C=C(C)CCBr,20038-12-4,117.6,JWPH3249C118-1G,COC(=O)CBr,96-32-2,25.50,157910-25G
C=C(CCBr)CCC(=O)OC,C=C(CCBr)[CH2:1][CH2:2]C(=O)OC,[C:1]-[C:2],"[1, 2]","[1, 2]",C=C(CCBr)[CH3:1],1,COC(=O)[CH3:2],2,hydrogen,3,iodide,4,C=C(C)CCBr,20038-12-4,117.6,JWPH3249C118-1G,COC(=O)CI,5199-50-8,438.9,ENA457509057-2.5G
CC(C)(C)OC(=O)NC1=CC=CC2=C1NC(C=O)=C2,CC(C)(C)OC(=O)Nc1cccc2c[c:1]([CH:2]=O)[nH]c12,[c:1]-[C:2],"[1, 2]","[1, 2]",CC(C)(C)OC(=O)Nc1cccc2c[cH:1][nH]c12,1,O=[CH2:2],2,hydrogen,3,hydrogen,4,CC(C)(C)OC(=O)Nc1cccc2cc[nH]c12,886365-44-2,500,COM448682215-1G,C=O,50-00-0,28.90,252549-25ML
CC(C)(C)OC(=O)NC1=CC=CC2=C1NC(C=O)=C2,CC(C)(C)OC(=O)Nc1cccc2c[c:1]([CH:2]=O)[nH]c12,[c:1]-[C:2],"[1, 2]","[1, 2]",CC(C)(C)OC(=O)Nc1cccc2c[cH:1][nH]c12,1,O=[CH2:2],2,hydrogen,3,amine,4,CC(C)(C)OC(=O)Nc1cccc2cc[nH]c12,886365-44-2,500,COM448682215-1G,NC=O,,133.00,612707-1EA
CC(C)(C)OC(=O)NC1=CC=CC2=C1NC(C=O)=C2,CC(C)(C)OC(=O)Nc1cccc2c[c:1]([CH:2]=O)[nH]c12,[c:1]-[C:2],"[1, 2]","[1, 2]",CC(C)(C)OC(=O)Nc1cccc2c[cH:1][nH]c12,1,O=[CH2:2],2,hydrogen,3,acid,4,CC(C)(C)OC(=O)Nc1cccc2cc[nH]c12,886365-44-2,500,COM448682215-1G,O=CC(=O)O,298-12-4,37.80,260150-250G-A
CC(C)(C)OC(=O)NC1=CC=CC2=C1NC(C=O)=C2,CC(C)(C)OC(=O)[NH:2][c:1]1cccc2cc(C=O)[nH]c21,[c:1]-[N:2],"[1, 2]","[1, 2]",O=Cc1cc2ccc[cH:1]c2[nH]1,1,CC(C)(C)OC(=O)[NH2:2],2,hydrogen,3,hydrogen,4,O=Cc1cc2ccccc2[nH]1,19005-93-7,124.00,687782-1G,CC(C)(C)OC(N)=O,4248-19-5,21.20,167398-1G
CC(C)(C)OC(=O)NC1=CC=CC2=C1NC(C=O)=C2,CC(C)(C)OC(=O)[NH:2][c:1]1cccc2cc(C=O)[nH]c21,[c:1]-[N:2],"[1, 2]","[1, 2]",O=Cc1cc2ccc[cH:1]c2[nH]1,1,CC(C)(C)OC(=O)[NH2:2],2,hydrogen,3,alcohol,4,O=Cc1cc2ccccc2[nH]1,19005-93-7,124.00,687782-1G,CC(C)(C)OC(=O)NO,36016-38-3,27.70,226157-1G
CC(C)(C)OC(=O)NC1=CC=CC2=C1NC(C=O)=C2,CC(C)(C)OC(=O)[NH:2][c:1]1cccc2cc(C=O)[nH]c21,[c:1]-[N:2],"[1, 2]","[1, 2]",O=Cc1cc2ccc[cH:1]c2[nH]1,1,CC(C)(C)OC(=O)[NH2:2],2,hydrogen,3,amine,4,O=Cc1cc2ccccc2[nH]1,19005-93-7,124.00,687782-1G,CC(C)(C)OC(=O)NN,870-46-2,23.80,B91005-5G
CC1=NC=C(C2=CC=CC=C2F)C=N1,Cc1nc[c:1](-[c:2]2ccccc2F)cn1,[c:1]-[c:2],"[1, 2]","[1, 2]",Cc1nc[cH:1]cn1,1,Fc1cccc[cH:2]1,2,hydrogen,3,hydrogen,4,Cc1ncccn1,5053-43-0,115.00,686956-250MG,Fc1ccccc1,462-06-6,24.40,F6001-5G-A
CC1=NC=C(C2=CC=CC=C2F)C=N1,Cc1nc[c:1](-[c:2]2ccccc2F)cn1,[c:1]-[c:2],"[1, 2]","[1, 2]",Cc1nc[cH:1]cn1,1,Fc1cccc[cH:2]1,2,hydrogen,3,alcohol,4,Cc1ncccn1,5053-43-0,115.00,686956-250MG,Oc1ccccc1F,367-12-4,38.30,F12804-10G
CC1=NC=C(C2=CC=CC=C2F)C=N1,Cc1nc[c:1](-[c:2]2ccccc2F)cn1,[c:1]-[c:2],"[1, 2]","[1, 2]",Cc1nc[cH:1]cn1,1,Fc1cccc[cH:2]1,2,hydrogen,3,amine,4,Cc1ncccn1,5053-43-0,115.00,686956-250MG,Nc1ccccc1F,348-54-9,24.30,F3401-25G-A
CC1=NC=C(C2=CC=CC=C2F)C=N1,Cc1nc[c:1](-[c:2]2ccccc2F)cn1,[c:1]-[c:2],"[1, 2]","[1, 2]",Cc1nc[cH:1]cn1,1,Fc1cccc[cH:2]1,2,hydrogen,3,acid,4,Cc1ncccn1,5053-43-0,115.00,686956-250MG,O=C(O)c1ccccc1F,445-29-4,34.70,412244-25G
CC1=NC=C(C2=CC=CC=C2F)C=N1,Cc1nc[c:1](-[c:2]2ccccc2F)cn1,[c:1]-[c:2],"[1, 2]","[1, 2]",Cc1nc[cH:1]cn1,1,Fc1cccc[cH:2]1,2,hydrogen,3,chloride,4,Cc1ncccn1,5053-43-0,115.00,686956-250MG,Fc1ccccc1Cl,348-51-6,29.30,162302-5G
CC1=NC=C(C2=CC=CC=C2F)C=N1,Cc1nc[c:1](-[c:2]2ccccc2F)cn1,[c:1]-[c:2],"[1, 2]","[1, 2]",Cc1nc[cH:1]cn1,1,Fc1cccc[cH:2]1,2,hydrogen,3,bromide,4,Cc1ncccn1,5053-43-0,115.00,686956-250MG,Fc1ccccc1Br,1072-85-1,52.00,B66809-25G
CC1=NC=C(C2=CC=CC=C2F)C=N1,Cc1nc[c:1](-[c:2]2ccccc2F)cn1,[c:1]-[c:2],"[1, 2]","[1, 2]",Cc1nc[cH:1]cn1,1,Fc1cccc[cH:2]1,2,hydrogen,3,iodide,4,Cc1ncccn1,5053-43-0,115.00,686956-250MG,Fc1ccccc1I,348-52-7,43.40,219401-25G
CC1=NC=C(C2=CC=CC=C2F)C=N1,Cc1nc[c:1](-[c:2]2ccccc2F)cn1,[c:1]-[c:2],"[1, 2]","[1, 2]",Cc1nc[cH:1]cn1,1,Fc1cccc[cH:2]1,2,hydrogen,3,boronate,4,Cc1ncccn1,5053-43-0,115.00,686956-250MG,OB(O)c1ccccc1F,1993-03-9,42.50,445223-1G
CC1=NC=C(C2=CC=CC=C2F)C=N1,Cc1nc[c:1](-[c:2]2ccccc2F)cn1,[c:1]-[c:2],"[1, 2]","[1, 2]",Cc1nc[cH:1]cn1,1,Fc1cccc[cH:2]1,2,alcohol,3,hydrogen,4,Cc1ncc(O)cn1,35231-56-2,275,SY3514241910-5G,Fc1ccccc1,462-06-6,24.40,F6001-5G-A
CC1=NC=C(C2=CC=CC=C2F)C=N1,Cc1nc[c:1](-[c:2]2ccccc2F)cn1,[c:1]-[c:2],"[1, 2]","[1, 2]",Cc1nc[cH:1]cn1,1,Fc1cccc[cH:2]1,2,alcohol,3,alcohol,4,Cc1ncc(O)cn1,35231-56-2,275,SY3514241910-5G,Oc1ccccc1F,367-12-4,38.30,F12804-10G
CC1=NC=C(C2=CC=CC=C2F)C=N1,Cc1nc[c:1](-[c:2]2ccccc2F)cn1,[c:1]-[c:2],"[1, 2]","[1, 2]",Cc1nc[cH:1]cn1,1,Fc1cccc[cH:2]1,2,alcohol,3,amine,4,Cc1ncc(O)cn1,35231-56-2,275,SY3514241910-5G,Nc1ccccc1F,348-54-9,24.30,F3401-25G-A
CC1=NC=C(C2=CC=CC=C2F)C=N1,Cc1nc[c:1](-[c:2]2ccccc2F)cn1,[c:1]-[c:2],"[1, 2]","[1, 2]",Cc1nc[cH:1]cn1,1,Fc1cccc[cH:2]1,2,alcohol,3,acid,4,Cc1ncc(O)cn1,35231-56-2,275,SY3514241910-5G,O=C(O)c1ccccc1F,445-29-4,34.70,412244-25G
CC1=NC=C(C2=CC=CC=C2F)C=N1,Cc1nc[c:1](-[c:2]2ccccc2F)cn1,[c:1]-[c:2],"[1, 2]","[1, 2]",Cc1nc[cH:1]cn1,1,Fc1cccc[cH:2]1,2,alcohol,3,chloride,4,Cc1ncc(O)cn1,35231-56-2,275,SY3514241910-5G,Fc1ccccc1Cl,348-51-6,29.30,162302-5G
CC1=NC=C(C2=CC=CC=C2F)C=N1,Cc1nc[c:1](-[c:2]2ccccc2F)cn1,[c:1]-[c:2],"[1, 2]","[1, 2]",Cc1nc[cH:1]cn1,1,Fc1cccc[cH:2]1,2,alcohol,3,bromide,4,Cc1ncc(O)cn1,35231-56-2,275,SY3514241910-5G,Fc1ccccc1Br,1072-85-1,52.00,B66809-25G
CC1=NC=C(C2=CC=CC=C2F)C=N1,Cc1nc[c:1](-[c:2]2ccccc2F)cn1,[c:1]-[c:2],"[1, 2]","[1, 2]",Cc1nc[cH:1]cn1,1,Fc1cccc[cH:2]1,2,alcohol,3,iodide,4,Cc1ncc(O)cn1,35231-56-2,275,SY3514241910-5G,Fc1ccccc1I,348-52-7,43.40,219401-25G
CC1=NC=C(C2=CC=CC=C2F)C=N1,Cc1nc[c:1](-[c:2]2ccccc2F)cn1,[c:1]-[c:2],"[1, 2]","[1, 2]",Cc1nc[cH:1]cn1,1,Fc1cccc[cH:2]1,2,alcohol,3,boronate,4,Cc1ncc(O)cn1,35231-56-2,275,SY3514241910-5G,OB(O)c1ccccc1F,1993-03-9,42.50,445223-1G
CC1=NC=C(C2=CC=CC=C2F)C=N1,Cc1nc[c:1](-[c:2]2ccccc2F)cn1,[c:1]-[c:2],"[1, 2]","[1, 2]",Cc1nc[cH:1]cn1,1,Fc1cccc[cH:2]1,2,amine,3,hydrogen,4,Cc1ncc(N)cn1,39889-94-6,20.9,AMBH2D6F32DB-250MG,Fc1ccccc1,462-06-6,24.40,F6001-5G-A
CC1=NC=C(C2=CC=CC=C2F)C=N1,Cc1nc[c:1](-[c:2]2ccccc2F)cn1,[c:1]-[c:2],"[1, 2]","[1, 2]",Cc1nc[cH:1]cn1,1,Fc1cccc[cH:2]1,2,amine,3,alcohol,4,Cc1ncc(N)cn1,39889-94-6,20.9,AMBH2D6F32DB-250MG,Oc1ccccc1F,367-12-4,38.30,F12804-10G
CC1=NC=C(C2=CC=CC=C2F)C=N1,Cc1nc[c:1](-[c:2]2ccccc2F)cn1,[c:1]-[c:2],"[1, 2]","[1, 2]",Cc1nc[cH:1]cn1,1,Fc1cccc[cH:2]1,2,amine,3,amine,4,Cc1ncc(N)cn1,39889-94-6,20.9,AMBH2D6F32DB-250MG,Nc1ccccc1F,348-54-9,24.30,F3401-25G-A
CC1=NC=C(C2=CC=CC=C2F)C=N1,Cc1nc[c:1](-[c:2]2ccccc2F)cn1,[c:1]-[c:2],"[1, 2]","[1, 2]",Cc1nc[cH:1]cn1,1,Fc1cccc[cH:2]1,2,amine,3,acid,4,Cc1ncc(N)cn1,39889-94-6,20.9,AMBH2D6F32DB-250MG,O=C(O)c1ccccc1F,445-29-4,34.70,412244-25G
CC1=NC=C(C2=CC=CC=C2F)C=N1,Cc1nc[c:1](-[c:2]2ccccc2F)cn1,[c:1]-[c:2],"[1, 2]","[1, 2]",Cc1nc[cH:1]cn1,1,Fc1cccc[cH:2]1,2,amine,3,chloride,4,Cc1ncc(N)cn1,39889-94-6,20.9,AMBH2D6F32DB-250MG,Fc1ccccc1Cl,348-51-6,29.30,162302-5G
CC1=NC=C(C2=CC=CC=C2F)C=N1,Cc1nc[c:1](-[c:2]2ccccc2F)cn1,[c:1]-[c:2],"[1, 2]","[1, 2]",Cc1nc[cH:1]cn1,1,Fc1cccc[cH:2]1,2,amine,3,bromide,4,Cc1ncc(N)cn1,39889-94-6,20.9,AMBH2D6F32DB-250MG,Fc1ccccc1Br,1072-85-1,52.00,B66809-25G
CC1=NC=C(C2=CC=CC=C2F)C=N1,Cc1nc[c:1](-[c:2]2ccccc2F)cn1,[c:1]-[c:2],"[1, 2]","[1, 2]",Cc1nc[cH:1]cn1,1,Fc1cccc[cH:2]1,2,amine,3,iodide,4,Cc1ncc(N)cn1,39889-94-6,20.9,AMBH2D6F32DB-250MG,Fc1ccccc1I,348-52-7,43.40,219401-25G
CC1=NC=C(C2=CC=CC=C2F)C=N1,Cc1nc[c:1](-[c:2]2ccccc2F)cn1,[c:1]-[c:2],"[1, 2]","[1, 2]",Cc1nc[cH:1]cn1,1,Fc1cccc[cH:2]1,2,amine,3,boronate,4,Cc1ncc(N)cn1,39889-94-6,20.9,AMBH2D6F32DB-250MG,OB(O)c1ccccc1F,1993-03-9,42.50,445223-1G
CC1=NC=C(C2=CC=CC=C2F)C=N1,Cc1nc[c:1](-[c:2]2ccccc2F)cn1,[c:1]-[c:2],"[1, 2]","[1, 2]",Cc1nc[cH:1]cn1,1,Fc1cccc[cH:2]1,2,acid,3,hydrogen,4,Cc1ncc(C(=O)O)cn1,5194-32-1,268.00,CBR01580-1G,Fc1ccccc1,462-06-6,24.40,F6001-5G-A
CC1=NC=C(C2=CC=CC=C2F)C=N1,Cc1nc[c:1](-[c:2]2ccccc2F)cn1,[c:1]-[c:2],"[1, 2]","[1, 2]",Cc1nc[cH:1]cn1,1,Fc1cccc[cH:2]1,2,acid,3,alcohol,4,Cc1ncc(C(=O)O)cn1,5194-32-1,268.00,CBR01580-1G,Oc1ccccc1F,367-12-4,38.30,F12804-10G
CC1=NC=C(C2=CC=CC=C2F)C=N1,Cc1nc[c:1](-[c:2]2ccccc2F)cn1,[c:1]-[c:2],"[1, 2]","[1, 2]",Cc1nc[cH:1]cn1,1,Fc1cccc[cH:2]1,2,acid,3,amine,4,Cc1ncc(C(=O)O)cn1,5194-32-1,268.00,CBR01580-1G,Nc1ccccc1F,348-54-9,24.30,F3401-25G-A
CC1=NC=C(C2=CC=CC=C2F)C=N1,Cc1nc[c:1](-[c:2]2ccccc2F)cn1,[c:1]-[c:2],"[1, 2]","[1, 2]",Cc1nc[cH:1]cn1,1,Fc1cccc[cH:2]1,2,acid,3,acid,4,Cc1ncc(C(=O)O)cn1,5194-32-1,268.00,CBR01580-1G,O=C(O)c1ccccc1F,445-29-4,34.70,412244-25G
CC1=NC=C(C2=CC=CC=C2F)C=N1,Cc1nc[c:1](-[c:2]2ccccc2F)cn1,[c:1]-[c:2],"[1, 2]","[1, 2]",Cc1nc[cH:1]cn1,1,Fc1cccc[cH:2]1,2,acid,3,chloride,4,Cc1ncc(C(=O)O)cn1,5194-32-1,268.00,CBR01580-1G,Fc1ccccc1Cl,348-51-6,29.30,162302-5G
CC1=NC=C(C2=CC=CC=C2F)C=N1,Cc1nc[c:1](-[c:2]2ccccc2F)cn1,[c:1]-[c:2],"[1, 2]","[1, 2]",Cc1nc[cH:1]cn1,1,Fc1cccc[cH:2]1,2,acid,3,bromide,4,Cc1ncc(C(=O)O)cn1,5194-32-1,268.00,CBR01580-1G,Fc1ccccc1Br,1072-85-1,52.00,B66809-25G
CC1=NC=C(C2=CC=CC=C2F)C=N1,Cc1nc[c:1](-[c:2]2ccccc2F)cn1,[c:1]-[c:2],"[1, 2]","[1, 2]",Cc1nc[cH:1]cn1,1,Fc1cccc[cH:2]1,2,acid,3,iodide,4,Cc1ncc(C(=O)O)cn1,5194-32-1,268.00,CBR01580-1G,Fc1ccccc1I,348-52-7,43.40,219401-25G
CC1=NC=C(C2=CC=CC=C2F)C=N1,Cc1nc[c:1](-[c:2]2ccccc2F)cn1,[c:1]-[c:2],"[1, 2]","[1, 2]",Cc1nc[cH:1]cn1,1,Fc1cccc[cH:2]1,2,acid,3,boronate,4,Cc1ncc(C(=O)O)cn1,5194-32-1,268.00,CBR01580-1G,OB(O)c1ccccc1F,1993-03-9,42.50,445223-1G
CC1=NC=C(C2=CC=CC=C2F)C=N1,Cc1nc[c:1](-[c:2]2ccccc2F)cn1,[c:1]-[c:2],"[1, 2]","[1, 2]",Cc1nc[cH:1]cn1,1,Fc1cccc[cH:2]1,2,chloride,3,hydrogen,4,Cc1ncc(Cl)cn1,54198-89-9,547.8,AMBH2D6EBA35-5G,Fc1ccccc1,462-06-6,24.40,F6001-5G-A
CC1=NC=C(C2=CC=CC=C2F)C=N1,Cc1nc[c:1](-[c:2]2ccccc2F)cn1,[c:1]-[c:2],"[1, 2]","[1, 2]",Cc1nc[cH:1]cn1,1,Fc1cccc[cH:2]1,2,chloride,3,alcohol,4,Cc1ncc(Cl)cn1,54198-89-9,547.8,AMBH2D6EBA35-5G,Oc1ccccc1F,367-12-4,38.30,F12804-10G
CC1=NC=C(C2=CC=CC=C2F)C=N1,Cc1nc[c:1](-[c:2]2ccccc2F)cn1,[c:1]-[c:2],"[1, 2]","[1, 2]",Cc1nc[cH:1]cn1,1,Fc1cccc[cH:2]1,2,chloride,3,amine,4,Cc1ncc(Cl)cn1,54198-89-9,547.8,AMBH2D6EBA35-5G,Nc1ccccc1F,348-54-9,24.30,F3401-25G-A
CC1=NC=C(C2=CC=CC=C2F)C=N1,Cc1nc[c:1](-[c:2]2ccccc2F)cn1,[c:1]-[c:2],"[1, 2]","[1, 2]",Cc1nc[cH:1]cn1,1,Fc1cccc[cH:2]1,2,chloride,3,acid,4,Cc1ncc(Cl)cn1,54198-89-9,547.8,AMBH2D6EBA35-5G,O=C(O)c1ccccc1F,445-29-4,34.70,412244-25G
CC1=NC=C(C2=CC=CC=C2F)C=N1,Cc1nc[c:1](-[c:2]2ccccc2F)cn1,[c:1]-[c:2],"[1, 2]","[1, 2]",Cc1nc[cH:1]cn1,1,Fc1cccc[cH:2]1,2,chloride,3,chloride,4,Cc1ncc(Cl)cn1,54198-89-9,547.8,AMBH2D6EBA35-5G,Fc1ccccc1Cl,348-51-6,29.30,162302-5G
CC1=NC=C(C2=CC=CC=C2F)C=N1,Cc1nc[c:1](-[c:2]2ccccc2F)cn1,[c:1]-[c:2],"[1, 2]","[1, 2]",Cc1nc[cH:1]cn1,1,Fc1cccc[cH:2]1,2,chloride,3,bromide,4,Cc1ncc(Cl)cn1,54198-89-9,547.8,AMBH2D6EBA35-5G,Fc1ccccc1Br,1072-85-1,52.00,B66809-25G
CC1=NC=C(C2=CC=CC=C2F)C=N1,Cc1nc[c:1](-[c:2]2ccccc2F)cn1,[c:1]-[c:2],"[1, 2]","[1, 2]",Cc1nc[cH:1]cn1,1,Fc1cccc[cH:2]1,2,chloride,3,iodide,4,Cc1ncc(Cl)cn1,54198-89-9,547.8,AMBH2D6EBA35-5G,Fc1ccccc1I,348-52-7,43.40,219401-25G
CC1=NC=C(C2=CC=CC=C2F)C=N1,Cc1nc[c:1](-[c:2]2ccccc2F)cn1,[c:1]-[c:2],"[1, 2]","[1, 2]",Cc1nc[cH:1]cn1,1,Fc1cccc[cH:2]1,2,chloride,3,boronate,4,Cc1ncc(Cl)cn1,54198-89-9,547.8,AMBH2D6EBA35-5G,OB(O)c1ccccc1F,1993-03-9,42.50,445223-1G
CC1=NC=C(C2=CC=CC=C2F)C=N1,Cc1nc[c:1](-[c:2]2ccccc2F)cn1,[c:1]-[c:2],"[1, 2]","[1, 2]",Cc1nc[cH:1]cn1,1,Fc1cccc[cH:2]1,2,bromide,3,hydrogen,4,Cc1ncc(Br)cn1,,55.10,CDS022509-100MG,Fc1ccccc1,462-06-6,24.40,F6001-5G-A
CC1=NC=C(C2=CC=CC=C2F)C=N1,Cc1nc[c:1](-[c:2]2ccccc2F)cn1,[c:1]-[c:2],"[1, 2]","[1, 2]",Cc1nc[cH:1]cn1,1,Fc1cccc[cH:2]1,2,bromide,3,alcohol,4,Cc1ncc(Br)cn1,,55.10,CDS022509-100MG,Oc1ccccc1F,367-12-4,38.30,F12804-10G
CC1=NC=C(C2=CC=CC=C2F)C=N1,Cc1nc[c:1](-[c:2]2ccccc2F)cn1,[c:1]-[c:2],"[1, 2]","[1, 2]",Cc1nc[cH:1]cn1,1,Fc1cccc[cH:2]1,2,bromide,3,amine,4,Cc1ncc(Br)cn1,,55.10,CDS022509-100MG,Nc1ccccc1F,348-54-9,24.30,F3401-25G-A
CC1=NC=C(C2=CC=CC=C2F)C=N1,Cc1nc[c:1](-[c:2]2ccccc2F)cn1,[c:1]-[c:2],"[1, 2]","[1, 2]",Cc1nc[cH:1]cn1,1,Fc1cccc[cH:2]1,2,bromide,3,acid,4,Cc1ncc(Br)cn1,,55.10,CDS022509-100MG,O=C(O)c1ccccc1F,445-29-4,34.70,412244-25G
CC1=NC=C(C2=CC=CC=C2F)C=N1,Cc1nc[c:1](-[c:2]2ccccc2F)cn1,[c:1]-[c:2],"[1, 2]","[1, 2]",Cc1nc[cH:1]cn1,1,Fc1cccc[cH:2]1,2,bromide,3,chloride,4,Cc1ncc(Br)cn1,,55.10,CDS022509-100MG,Fc1ccccc1Cl,348-51-6,29.30,162302-5G
CC1=NC=C(C2=CC=CC=C2F)C=N1,Cc1nc[c:1](-[c:2]2ccccc2F)cn1,[c:1]-[c:2],"[1, 2]","[1, 2]",Cc1nc[cH:1]cn1,1,Fc1cccc[cH:2]1,2,bromide,3,bromide,4,Cc1ncc(Br)cn1,,55.10,CDS022509-100MG,Fc1ccccc1Br,1072-85-1,52.00,B66809-25G
CC1=NC=C(C2=CC=CC=C2F)C=N1,Cc1nc[c:1](-[c:2]2ccccc2F)cn1,[c:1]-[c:2],"[1, 2]","[1, 2]",Cc1nc[cH:1]cn1,1,Fc1cccc[cH:2]1,2,bromide,3,iodide,4,Cc1ncc(Br)cn1,,55.10,CDS022509-100MG,Fc1ccccc1I,348-52-7,43.40,219401-25G
CC1=NC=C(C2=CC=CC=C2F)C=N1,Cc1nc[c:1](-[c:2]2ccccc2F)cn1,[c:1]-[c:2],"[1, 2]","[1, 2]",Cc1nc[cH:1]cn1,1,Fc1cccc[cH:2]1,2,bromide,3,boronate,4,Cc1ncc(Br)cn1,,55.10,CDS022509-100MG,OB(O)c1ccccc1F,1993-03-9,42.50,445223-1G
CC1=NC=C(C2=CC=CC=C2F)C=N1,Cc1nc[c:1](-[c:2]2ccccc2F)cn1,[c:1]-[c:2],"[1, 2]","[1, 2]",Cc1nc[cH:1]cn1,1,Fc1cccc[cH:2]1,2,iodide,3,hydrogen,4,Cc1ncc(I)cn1,1447606-27-0,1557.15,ENAH65919CC6-2.5G,Fc1ccccc1,462-06-6,24.40,F6001-5G-A
CC1=NC=C(C2=CC=CC=C2F)C=N1,Cc1nc[c:1](-[c:2]2ccccc2F)cn1,[c:1]-[c:2],"[1, 2]","[1, 2]",Cc1nc[cH:1]cn1,1,Fc1cccc[cH:2]1,2,iodide,3,alcohol,4,Cc1ncc(I)cn1,1447606-27-0,1557.15,ENAH65919CC6-2.5G,Oc1ccccc1F,367-12-4,38.30,F12804-10G
CC1=NC=C(C2=CC=CC=C2F)C=N1,Cc1nc[c:1](-[c:2]2ccccc2F)cn1,[c:1]-[c:2],"[1, 2]","[1, 2]",Cc1nc[cH:1]cn1,1,Fc1cccc[cH:2]1,2,iodide,3,amine,4,Cc1ncc(I)cn1,1447606-27-0,1557.15,ENAH65919CC6-2.5G,Nc1ccccc1F,348-54-9,24.30,F3401-25G-A
CC1=NC=C(C2=CC=CC=C2F)C=N1,Cc1nc[c:1](-[c:2]2ccccc2F)cn1,[c:1]-[c:2],"[1, 2]","[1, 2]",Cc1nc[cH:1]cn1,1,Fc1cccc[cH:2]1,2,iodide,3,acid,4,Cc1ncc(I)cn1,1447606-27-0,1557.15,ENAH65919CC6-2.5G,O=C(O)c1ccccc1F,445-29-4,34.70,412244-25G
CC1=NC=C(C2=CC=CC=C2F)C=N1,Cc1nc[c:1](-[c:2]2ccccc2F)cn1,[c:1]-[c:2],"[1, 2]","[1, 2]",Cc1nc[cH:1]cn1,1,Fc1cccc[cH:2]1,2,iodide,3,chloride,4,Cc1ncc(I)cn1,1447606-27-0,1557.15,ENAH65919CC6-2.5G,Fc1ccccc1Cl,348-51-6,29.30,162302-5G
CC1=NC=C(C2=CC=CC=C2F)C=N1,Cc1nc[c:1](-[c:2]2ccccc2F)cn1,[c:1]-[c:2],"[1, 2]","[1, 2]",Cc1nc[cH:1]cn1,1,Fc1cccc[cH:2]1,2,iodide,3,bromide,4,Cc1ncc(I)cn1,1447606-27-0,1557.15,ENAH65919CC6-2.5G,Fc1ccccc1Br,1072-85-1,52.00,B66809-25G
CC1=NC=C(C2=CC=CC=C2F)C=N1,Cc1nc[c:1](-[c:2]2ccccc2F)cn1,[c:1]-[c:2],"[1, 2]","[1, 2]",Cc1nc[cH:1]cn1,1,Fc1cccc[cH:2]1,2,iodide,3,iodide,4,Cc1ncc(I)cn1,1447606-27-0,1557.15,ENAH65919CC6-2.5G,Fc1ccccc1I,348-52-7,43.40,219401-25G
CC1=NC=C(C2=CC=CC=C2F)C=N1,Cc1nc[c:1](-[c:2]2ccccc2F)cn1,[c:1]-[c:2],"[1, 2]","[1, 2]",Cc1nc[cH:1]cn1,1,Fc1cccc[cH:2]1,2,iodide,3,boronate,4,Cc1ncc(I)cn1,1447606-27-0,1557.15,ENAH65919CC6-2.5G,OB(O)c1ccccc1F,1993-03-9,42.50,445223-1G
CC1=NC=C(C2=CC=CC=C2F)C=N1,Cc1nc[c:1](-[c:2]2ccccc2F)cn1,[c:1]-[c:2],"[1, 2]","[1, 2]",Cc1nc[cH:1]cn1,1,Fc1cccc[cH:2]1,2,boronate,3,hydrogen,4,Cc1ncc(B(O)O)cn1,1034924-06-5,60.5,AMBH2D6F7019-250MG,Fc1ccccc1,462-06-6,24.40,F6001-5G-A
CC1=NC=C(C2=CC=CC=C2F)C=N1,Cc1nc[c:1](-[c:2]2ccccc2F)cn1,[c:1]-[c:2],"[1, 2]","[1, 2]",Cc1nc[cH:1]cn1,1,Fc1cccc[cH:2]1,2,boronate,3,alcohol,4,Cc1ncc(B(O)O)cn1,1034924-06-5,60.5,AMBH2D6F7019-250MG,Oc1ccccc1F,367-12-4,38.30,F12804-10G
CC1=NC=C(C2=CC=CC=C2F)C=N1,Cc1nc[c:1](-[c:2]2ccccc2F)cn1,[c:1]-[c:2],"[1, 2]","[1, 2]",Cc1nc[cH:1]cn1,1,Fc1cccc[cH:2]1,2,boronate,3,amine,4,Cc1ncc(B(O)O)cn1,1034924-06-5,60.5,AMBH2D6F7019-250MG,Nc1ccccc1F,348-54-9,24.30,F3401-25G-A
CC1=NC=C(C2=CC=CC=C2F)C=N1,Cc1nc[c:1](-[c:2]2ccccc2F)cn1,[c:1]-[c:2],"[1, 2]","[1, 2]",Cc1nc[cH:1]cn1,1,Fc1cccc[cH:2]1,2,boronate,3,acid,4,Cc1ncc(B(O)O)cn1,1034924-06-5,60.5,AMBH2D6F7019-250MG,O=C(O)c1ccccc1F,445-29-4,34.70,412244-25G
CC1=NC=C(C2=CC=CC=C2F)C=N1,Cc1nc[c:1](-[c:2]2ccccc2F)cn1,[c:1]-[c:2],"[1, 2]","[1, 2]",Cc1nc[cH:1]cn1,1,Fc1cccc[cH:2]1,2,boronate,3,chloride,4,Cc1ncc(B(O)O)cn1,1034924-06-5,60.5,AMBH2D6F7019-250MG,Fc1ccccc1Cl,348-51-6,29.30,162302-5G
CC1=NC=C(C2=CC=CC=C2F)C=N1,Cc1nc[c:1](-[c:2]2ccccc2F)cn1,[c:1]-[c:2],"[1, 2]","[1, 2]",Cc1nc[cH:1]cn1,1,Fc1cccc[cH:2]1,2,boronate,3,bromide,4,Cc1ncc(B(O)O)cn1,1034924-06-5,60.5,AMBH2D6F7019-250MG,Fc1ccccc1Br,1072-85-1,52.00,B66809-25G
CC1=NC=C(C2=CC=CC=C2F)C=N1,Cc1nc[c:1](-[c:2]2ccccc2F)cn1,[c:1]-[c:2],"[1, 2]","[1, 2]",Cc1nc[cH:1]cn1,1,Fc1cccc[cH:2]1,2,boronate,3,iodide,4,Cc1ncc(B(O)O)cn1,1034924-06-5,60.5,AMBH2D6F7019-250MG,Fc1ccccc1I,348-52-7,43.40,219401-25G
CC1=NC=C(C2=CC=CC=C2F)C=N1,Cc1nc[c:1](-[c:2]2ccccc2F)cn1,[c:1]-[c:2],"[1, 2]","[1, 2]",Cc1nc[cH:1]cn1,1,Fc1cccc[cH:2]1,2,boronate,3,boronate,4,Cc1ncc(B(O)O)cn1,1034924-06-5,60.5,AMBH2D6F7019-250MG,OB(O)c1ccccc1F,1993-03-9,42.50,445223-1G
CC1=NC=C(C2=CC=CC=C2F)C=N1,Fc1ccccc1-c1cn[c:1]([CH3:2])nc1,[c:1]-[C:2],"[1, 2]","[1, 2]",Fc1ccccc1-c1cn[cH:1]nc1,1,[CH4:2],2,alcohol,3,hydrogen,4,Oc1ncc(-c2ccccc2F)cn1,1111103-52-6,420,CO1H324A9BD8-250MG,C,74-82-8,1610.00,463035-24L
CC1=NC=C(C2=CC=CC=C2F)C=N1,Fc1ccccc1-c1cn[c:1]([CH3:2])nc1,[c:1]-[C:2],"[1, 2]","[1, 2]",Fc1ccccc1-c1cn[cH:1]nc1,1,[CH4:2],2,alcohol,3,alcohol,4,Oc1ncc(-c2ccccc2F)cn1,1111103-52-6,420,CO1H324A9BD8-250MG,CO,67-56-1,30.20,M3641-500ML
CC1=NC=C(C2=CC=CC=C2F)C=N1,Fc1ccccc1-c1cn[c:1]([CH3:2])nc1,[c:1]-[C:2],"[1, 2]","[1, 2]",Fc1ccccc1-c1cn[cH:1]nc1,1,[CH4:2],2,alcohol,3,amine,4,Oc1ncc(-c2ccccc2F)cn1,1111103-52-6,420,CO1H324A9BD8-250MG,CN,74-89-5,40.10,534102-250ML
CC1=NC=C(C2=CC=CC=C2F)C=N1,Fc1ccccc1-c1cn[c:1]([CH3:2])nc1,[c:1]-[C:2],"[1, 2]","[1, 2]",Fc1ccccc1-c1cn[cH:1]nc1,1,[CH4:2],2,alcohol,3,acid,4,Oc1ncc(-c2ccccc2F)cn1,1111103-52-6,420,CO1H324A9BD8-250MG,CC(=O)O,64-19-7,67.00,W200611-1KG-K
CC1=NC=C(C2=CC=CC=C2F)C=N1,Fc1ccccc1-c1cn[c:1]([CH3:2])nc1,[c:1]-[C:2],"[1, 2]","[1, 2]",Fc1ccccc1-c1cn[cH:1]nc1,1,[CH4:2],2,alcohol,3,chloride,4,Oc1ncc(-c2ccccc2F)cn1,1111103-52-6,420,CO1H324A9BD8-250MG,CCl,74-87-3,252.00,294799-200ML
CC1=NC=C(C2=CC=CC=C2F)C=N1,Fc1ccccc1-c1cn[c:1]([CH3:2])nc1,[c:1]-[C:2],"[1, 2]","[1, 2]",Fc1ccccc1-c1cn[cH:1]nc1,1,[CH4:2],2,alcohol,3,bromide,4,Oc1ncc(-c2ccccc2F)cn1,1111103-52-6,420,CO1H324A9BD8-250MG,CBr,74-83-9,24.10,48624
CC1=NC=C(C2=CC=CC=C2F)C=N1,Fc1ccccc1-c1cn[c:1]([CH3:2])nc1,[c:1]-[C:2],"[1, 2]","[1, 2]",Fc1ccccc1-c1cn[cH:1]nc1,1,[CH4:2],2,alcohol,3,iodide,4,Oc1ncc(-c2ccccc2F)cn1,1111103-52-6,420,CO1H324A9BD8-250MG,CI,74-88-4,112.00,456756-100ML
CC1=NC=C(C2=CC=CC=C2F)C=N1,Fc1ccccc1-c1cn[c:1]([CH3:2])nc1,[c:1]-[C:2],"[1, 2]","[1, 2]",Fc1ccccc1-c1cn[cH:1]nc1,1,[CH4:2],2,alcohol,3,boronate,4,Oc1ncc(-c2ccccc2F)cn1,1111103-52-6,420,CO1H324A9BD8-250MG,CB(O)O,13061-96-6,43.80,165336-1G
CC1=NC=C(C2=CC=CC=C2F)C=N1,Fc1ccccc1-c1cn[c:1]([CH3:2])nc1,[c:1]-[C:2],"[1, 2]","[1, 2]",Fc1ccccc1-c1cn[cH:1]nc1,1,[CH4:2],2,amine,3,hydrogen,4,Nc1ncc(-c2ccccc2F)cn1,893739-85-0,420,CO1H324A9BD7-250MG,C,74-82-8,1610.00,463035-24L
CC1=NC=C(C2=CC=CC=C2F)C=N1,Fc1ccccc1-c1cn[c:1]([CH3:2])nc1,[c:1]-[C:2],"[1, 2]","[1, 2]",Fc1ccccc1-c1cn[cH:1]nc1,1,[CH4:2],2,amine,3,alcohol,4,Nc1ncc(-c2ccccc2F)cn1,893739-85-0,420,CO1H324A9BD7-250MG,CO,67-56-1,30.20,M3641-500ML
CC1=NC=C(C2=CC=CC=C2F)C=N1,Fc1ccccc1-c1cn[c:1]([CH3:2])nc1,[c:1]-[C:2],"[1, 2]","[1, 2]",Fc1ccccc1-c1cn[cH:1]nc1,1,[CH4:2],2,amine,3,amine,4,Nc1ncc(-c2ccccc2F)cn1,893739-85-0,420,CO1H324A9BD7-250MG,CN,74-89-5,40.10,534102-250ML
CC1=NC=C(C2=CC=CC=C2F)C=N1,Fc1ccccc1-c1cn[c:1]([CH3:2])nc1,[c:1]-[C:2],"[1, 2]","[1, 2]",Fc1ccccc1-c1cn[cH:1]nc1,1,[CH4:2],2,amine,3,acid,4,Nc1ncc(-c2ccccc2F)cn1,893739-85-0,420,CO1H324A9BD7-250MG,CC(=O)O,64-19-7,67.00,W200611-1KG-K
CC1=NC=C(C2=CC=CC=C2F)C=N1,Fc1ccccc1-c1cn[c:1]([CH3:2])nc1,[c:1]-[C:2],"[1, 2]","[1, 2]",Fc1ccccc1-c1cn[cH:1]nc1,1,[CH4:2],2,amine,3,chloride,4,Nc1ncc(-c2ccccc2F)cn1,893739-85-0,420,CO1H324A9BD7-250MG,CCl,74-87-3,252.00,294799-200ML
CC1=NC=C(C2=CC=CC=C2F)C=N1,Fc1ccccc1-c1cn[c:1]([CH3:2])nc1,[c:1]-[C:2],"[1, 2]","[1, 2]",Fc1ccccc1-c1cn[cH:1]nc1,1,[CH4:2],2,amine,3,bromide,4,Nc1ncc(-c2ccccc2F)cn1,893739-85-0,420,CO1H324A9BD7-250MG,CBr,74-83-9,24.10,48624
CC1=NC=C(C2=CC=CC=C2F)C=N1,Fc1ccccc1-c1cn[c:1]([CH3:2])nc1,[c:1]-[C:2],"[1, 2]","[1, 2]",Fc1ccccc1-c1cn[cH:1]nc1,1,[CH4:2],2,amine,3,iodide,4,Nc1ncc(-c2ccccc2F)cn1,893739-85-0,420,CO1H324A9BD7-250MG,CI,74-88-4,112.00,456756-100ML
CC1=NC=C(C2=CC=CC=C2F)C=N1,Fc1ccccc1-c1cn[c:1]([CH3:2])nc1,[c:1]-[C:2],"[1, 2]","[1, 2]",Fc1ccccc1-c1cn[cH:1]nc1,1,[CH4:2],2,amine,3,boronate,4,Nc1ncc(-c2ccccc2F)cn1,893739-85-0,420,CO1H324A9BD7-250MG,CB(O)O,13061-96-6,43.80,165336-1G
CC1=NC=C(C2=CC=CC=C2F)C=N1,Fc1ccccc1-c1cn[c:1]([CH3:2])nc1,[c:1]-[C:2],"[1, 2]","[1, 2]",Fc1ccccc1-c1cn[cH:1]nc1,1,[CH4:2],2,chloride,3,hydrogen,4,Fc1ccccc1-c1cnc(Cl)nc1,1048338-45-9,650,COMH4211AF1D-250MG,C,74-82-8,1610.00,463035-24L
CC1=NC=C(C2=CC=CC=C2F)C=N1,Fc1ccccc1-c1cn[c:1]([CH3:2])nc1,[c:1]-[C:2],"[1, 2]","[1, 2]",Fc1ccccc1-c1cn[cH:1]nc1,1,[CH4:2],2,chloride,3,alcohol,4,Fc1ccccc1-c1cnc(Cl)nc1,1048338-45-9,650,COMH4211AF1D-250MG,CO,67-56-1,30.20,M3641-500ML
CC1=NC=C(C2=CC=CC=C2F)C=N1,Fc1ccccc1-c1cn[c:1]([CH3:2])nc1,[c:1]-[C:2],"[1, 2]","[1, 2]",Fc1ccccc1-c1cn[cH:1]nc1,1,[CH4:2],2,chloride,3,amine,4,Fc1ccccc1-c1cnc(Cl)nc1,1048338-45-9,650,COMH4211AF1D-250MG,CN,74-89-5,40.10,534102-250ML
CC1=NC=C(C2=CC=CC=C2F)C=N1,Fc1ccccc1-c1cn[c:1]([CH3:2])nc1,[c:1]-[C:2],"[1, 2]","[1, 2]",Fc1ccccc1-c1cn[cH:1]nc1,1,[CH4:2],2,chloride,3,acid,4,Fc1ccccc1-c1cnc(Cl)nc1,1048338-45-9,650,COMH4211AF1D-250MG,CC(=O)O,64-19-7,67.00,W200611-1KG-K
CC1=NC=C(C2=CC=CC=C2F)C=N1,Fc1ccccc1-c1cn[c:1]([CH3:2])nc1,[c:1]-[C:2],"[1, 2]","[1, 2]",Fc1ccccc1-c1cn[cH:1]nc1,1,[CH4:2],2,chloride,3,chloride,4,Fc1ccccc1-c1cnc(Cl)nc1,1048338-45-9,650,COMH4211AF1D-250MG,CCl,74-87-3,252.00,294799-200ML
CC1=NC=C(C2=CC=CC=C2F)C=N1,Fc1ccccc1-c1cn[c:1]([CH3:2])nc1,[c:1]-[C:2],"[1, 2]","[1, 2]",Fc1ccccc1-c1cn[cH:1]nc1,1,[CH4:2],2,chloride,3,bromide,4,Fc1ccccc1-c1cnc(Cl)nc1,1048338-45-9,650,COMH4211AF1D-250MG,CBr,74-83-9,24.10,48624
CC1=NC=C(C2=CC=CC=C2F)C=N1,Fc1ccccc1-c1cn[c:1]([CH3:2])nc1,[c:1]-[C:2],"[1, 2]","[1, 2]",Fc1ccccc1-c1cn[cH:1]nc1,1,[CH4:2],2,chloride,3,iodide,4,Fc1ccccc1-c1cnc(Cl)nc1,1048338-45-9,650,COMH4211AF1D-250MG,CI,74-88-4,112.00,456756-100ML
CC1=NC=C(C2=CC=CC=C2F)C=N1,Fc1ccccc1-c1cn[c:1]([CH3:2])nc1,[c:1]-[C:2],"[1, 2]","[1, 2]",Fc1ccccc1-c1cn[cH:1]nc1,1,[CH4:2],2,chloride,3,boronate,4,Fc1ccccc1-c1cnc(Cl)nc1,1048338-45-9,650,COMH4211AF1D-250MG,CB(O)O,13061-96-6,43.80,165336-1G
CC1=NC=C(C2=CC=CC=C2F)C=N1,Fc1ccccc1-c1cn[c:1]([CH3:2])nc1,[c:1]-[C:2],"[1, 2]","[1, 2]",Fc1ccccc1-c1cn[cH:1]nc1,1,[CH4:2],2,bromide,3,hydrogen,4,Fc1ccccc1-c1cnc(Br)nc1,,1080,CO1H324A9BD5-1G,C,74-82-8,1610.00,463035-24L
CC1=NC=C(C2=CC=CC=C2F)C=N1,Fc1ccccc1-c1cn[c:1]([CH3:2])nc1,[c:1]-[C:2],"[1, 2]","[1, 2]",Fc1ccccc1-c1cn[cH:1]nc1,1,[CH4:2],2,bromide,3,alcohol,4,Fc1ccccc1-c1cnc(Br)nc1,,1080,CO1H324A9BD5-1G,CO,67-56-1,30.20,M3641-500ML
CC1=NC=C(C2=CC=CC=C2F)C=N1,Fc1ccccc1-c1cn[c:1]([CH3:2])nc1,[c:1]-[C:2],"[1, 2]","[1, 2]",Fc1ccccc1-c1cn[cH:1]nc1,1,[CH4:2],2,bromide,3,amine,4,Fc1ccccc1-c1cnc(Br)nc1,,1080,CO1H324A9BD5-1G,CN,74-89-5,40.10,534102-250ML
CC1=NC=C(C2=CC=CC=C2F)C=N1,Fc1ccccc1-c1cn[c:1]([CH3:2])nc1,[c:1]-[C:2],"[1, 2]","[1, 2]",Fc1ccccc1-c1cn[cH:1]nc1,1,[CH4:2],2,bromide,3,acid,4,Fc1ccccc1-c1cnc(Br)nc1,,1080,CO1H324A9BD5-1G,CC(=O)O,64-19-7,67.00,W200611-1KG-K
CC1=NC=C(C2=CC=CC=C2F)C=N1,Fc1ccccc1-c1cn[c:1]([CH3:2])nc1,[c:1]-[C:2],"[1, 2]","[1, 2]",Fc1ccccc1-c1cn[cH:1]nc1,1,[CH4:2],2,bromide,3,chloride,4,Fc1ccccc1-c1cnc(Br)nc1,,1080,CO1H324A9BD5-1G,CCl,74-87-3,252.00,294799-200ML
CC1=NC=C(C2=CC=CC=C2F)C=N1,Fc1ccccc1-c1cn[c:1]([CH3:2])nc1,[c:1]-[C:2],"[1, 2]","[1, 2]",Fc1ccccc1-c1cn[cH:1]nc1,1,[CH4:2],2,bromide,3,bromide,4,Fc1ccccc1-c1cnc(Br)nc1,,1080,CO1H324A9BD5-1G,CBr,74-83-9,24.10,48624
CC1=NC=C(C2=CC=CC=C2F)C=N1,Fc1ccccc1-c1cn[c:1]([CH3:2])nc1,[c:1]-[C:2],"[1, 2]","[1, 2]",Fc1ccccc1-c1cn[cH:1]nc1,1,[CH4:2],2,bromide,3,iodide,4,Fc1ccccc1-c1cnc(Br)nc1,,1080,CO1H324A9BD5-1G,CI,74-88-4,112.00,456756-100ML
CC1=NC=C(C2=CC=CC=C2F)C=N1,Fc1ccccc1-c1cn[c:1]([CH3:2])nc1,[c:1]-[C:2],"[1, 2]","[1, 2]",Fc1ccccc1-c1cn[cH:1]nc1,1,[CH4:2],2,bromide,3,boronate,4,Fc1ccccc1-c1cnc(Br)nc1,,1080,CO1H324A9BD5-1G,CB(O)O,13061-96-6,43.80,165336-1G
CC(=O)C1=CC=C(OCC(=O)N[C@@H](C2=CC=C(F)C=C2)C2=CC=CS2)C=C1,CC(=O)c1ccc(OCC(=O)[NH:2][C@@H:1](c2ccc(F)cc2)c2cccs2)cc1,[C:1]-[N:2],"[1, 2]","[1, 2]",Fc1ccc([CH2:1]c2cccs2)cc1,1,CC(=O)c1ccc(OCC(=O)[NH2:2])cc1,2,hydrogen,3,hydrogen,4,Fc1ccc(Cc2cccs2)cc1,63877-96-3,1237.5,COM466005529-10G,CC(=O)c1ccc(OCC(N)=O)cc1,42017-88-9,225.5,CH4017936708-5G
C=CC(=O)C1=CC=CC(C(C)(C)CC)=C1,C=C[C:2](=O)[c:1]1cccc(C(C)(C)CC)c1,[c:1]-[C:2],"[1, 2]","[1, 2]",CCC(C)(C)c1ccc[cH:1]c1,1,C=C[CH:2]=O,2,hydrogen,3,amine,4,CCC(C)(C)c1ccccc1,2049-95-8,206.00,900001-25G,C=CC(N)=O,79-06-1,62.50,A3553-100G
C=CC(=O)C1=CC=CC(C(C)(C)CC)=C1,C=C[C:2](=O)[c:1]1cccc(C(C)(C)CC)c1,[c:1]-[C:2],"[1, 2]","[1, 2]",CCC(C)(C)c1ccc[cH:1]c1,1,C=C[CH:2]=O,2,hydrogen,3,acid,4,CCC(C)(C)c1ccccc1,2049-95-8,206.00,900001-25G,C=CC(=O)C(=O)O,56842-76-3,665.85,AC5H49B839B9-250MG
C=CC(=O)C1=CC=CC(C(C)(C)CC)=C1,C=C[C:2](=O)[c:1]1cccc(C(C)(C)CC)c1,[c:1]-[C:2],"[1, 2]","[1, 2]",CCC(C)(C)c1ccc[cH:1]c1,1,C=C[CH:2]=O,2,hydrogen,3,chloride,4,CCC(C)(C)c1ccccc1,2049-95-8,206.00,900001-25G,C=CC(=O)Cl,814-68-6,59.60,549797-5G
C=CC(=O)C1=CC=CC(C(C)(C)CC)=C1,C=CC(=O)c1ccc[c:1]([C:2](C)(C)CC)c1,[c:1]-[C:2],"[1, 2]","[1, 2]",C=CC(=O)c1ccc[cH:1]c1,1,CC[CH:2](C)C,2,hydrogen,3,hydrogen,4,C=CC(=O)c1ccccc1,768-03-6,281.25,COM448631894-1G,CCC(C)C,78-78-4,88.20,277258-100ML
C=CC(=O)C1=CC=CC(C(C)(C)CC)=C1,C=CC(=O)c1ccc[c:1]([C:2](C)(C)CC)c1,[c:1]-[C:2],"[1, 2]","[1, 2]",C=CC(=O)c1ccc[cH:1]c1,1,CC[CH:2](C)C,2,hydrogen,3,alcohol,4,C=CC(=O)c1ccccc1,768-03-6,281.25,COM448631894-1G,CCC(C)(C)O,75-85-4,58.70,240486-5ML
C=CC(=O)C1=CC=CC(C(C)(C)CC)=C1,C=CC(=O)c1ccc[c:1]([C:2](C)(C)CC)c1,[c:1]-[C:2],"[1, 2]","[1, 2]",C=CC(=O)c1ccc[cH:1]c1,1,CC[CH:2](C)C,2,hydrogen,3,amine,4,C=CC(=O)c1ccccc1,768-03-6,281.25,COM448631894-1G,CCC(C)(C)N,594-39-8,74.90,176990-25G
C=CC(=O)C1=CC=CC(C(C)(C)CC)=C1,C=CC(=O)c1ccc[c:1]([C:2](C)(C)CC)c1,[c:1]-[C:2],"[1, 2]","[1, 2]",C=CC(=O)c1ccc[cH:1]c1,1,CC[CH:2](C)C,2,hydrogen,3,acid,4,C=CC(=O)c1ccccc1,768-03-6,281.25,COM448631894-1G,CCC(C)(C)C(=O)O,595-37-9,57.20,D152609-25ML
C=CC(=O)C1=CC=CC(C(C)(C)CC)=C1,C=CC(=O)c1ccc[c:1]([C:2](C)(C)CC)c1,[c:1]-[C:2],"[1, 2]","[1, 2]",C=CC(=O)c1ccc[cH:1]c1,1,CC[CH:2](C)C,2,hydrogen,3,chloride,4,C=CC(=O)c1ccccc1,768-03-6,281.25,COM448631894-1G,CCC(C)(C)Cl,594-36-5,77.60,277029-25G
C=CC(=O)C1=CC=CC(C(C)(C)CC)=C1,C=CC(=O)c1ccc[c:1]([C:2](C)(C)CC)c1,[c:1]-[C:2],"[1, 2]","[1, 2]",C=CC(=O)c1ccc[cH:1]c1,1,CC[CH:2](C)C,2,hydrogen,3,bromide,4,C=CC(=O)c1ccccc1,768-03-6,281.25,COM448631894-1G,CCC(C)(C)Br,507-36-8,29.20,306878-5G
C=CC(=O)C1=CC=CC(C(C)(C)CC)=C1,C=CC(=O)c1ccc[c:1]([C:2](C)(C)CC)c1,[c:1]-[C:2],"[1, 2]","[1, 2]",C=CC(=O)c1ccc[cH:1]c1,1,CC[CH:2](C)C,2,hydrogen,3,iodide,4,C=CC(=O)c1ccccc1,768-03-6,281.25,COM448631894-1G,CCC(C)(C)I,594-38-7,56.7,ENA946832316-100MG
C=CC1=CC(O)=C(OC)C(O)=C1,C=Cc1cc(O)c(OC)[c:1]([OH:2])c1,[c:1]-[O:2],"[1, 2]","[1, 2]",C=Cc1cc(O)c(OC)[cH:1]c1,1,[OH2:2],2,hydrogen,3,hydrogen,4,C=Cc1ccc(OC)c(O)c1,621-58-9,2576.7,ENA423200091-10G,O,7732-18-5,12.30,W3500-100ML
C=CC1=CC(O)=C(OC)C(O)=C1,C=Cc1cc(O)c(OC)[c:1]([OH:2])c1,[c:1]-[O:2],"[1, 2]","[1, 2]",C=Cc1cc(O)c(OC)[cH:1]c1,1,[OH2:2],2,hydrogen,3,alcohol,4,C=Cc1ccc(OC)c(O)c1,621-58-9,2576.7,ENA423200091-10G,OO,7722-84-1,45.20,H1009-5ML
C=CC1=CC(O)=C(OC)C(O)=C1,C=Cc1cc(O)c(OC)[c:1]([OH:2])c1,[c:1]-[O:2],"[1, 2]","[1, 2]",C=Cc1cc(O)c(OC)[cH:1]c1,1,[OH2:2],2,hydrogen,3,amine,4,C=Cc1ccc(OC)c(O)c1,621-58-9,2576.7,ENA423200091-10G,NO,7803-49-8,42.80,467804-10ML
C=CC1=CC(O)=C(OC)C(O)=C1,C=Cc1cc(O)c(OC)[c:1]([OH:2])c1,[c:1]-[O:2],"[1, 2]","[1, 2]",C=Cc1cc(O)c(OC)[cH:1]c1,1,[OH2:2],2,hydrogen,3,boronate,4,C=Cc1ccc(OC)c(O)c1,621-58-9,2576.7,ENA423200091-10G,OB(O)O,10043-35-3,55.30,B6768-500G
COC(=O)C1=C(C)C=C(O)C(C=O)=C1O,CO[C:2](=O)[c:1]1c(C)cc(O)c(C=O)c1O,[c:1]-[C:2],"[1, 2]","[1, 2]",Cc1cc(O)c(C=O)c(O)[cH:1]1,1,CO[CH:2]=O,2,hydrogen,3,hydrogen,4,Cc1cc(O)c(C=O)c(O)c1,526-37-4,357.00,77236-10MG,COC=O,107-31-3,61.10,291056-100ML
COC(=O)C1=C(C)C=C(O)C(C=O)=C1O,CO[C:2](=O)[c:1]1c(C)cc(O)c(C=O)c1O,[c:1]-[C:2],"[1, 2]","[1, 2]",Cc1cc(O)c(C=O)c(O)[cH:1]1,1,CO[CH:2]=O,2,hydrogen,3,amine,4,Cc1cc(O)c(C=O)c(O)c1,526-37-4,357.00,77236-10MG,COC(N)=O,598-55-0,21.00,246352-100G
COC(=O)C1=C(C)C=C(O)C(C=O)=C1O,CO[C:2](=O)[c:1]1c(C)cc(O)c(C=O)c1O,[c:1]-[C:2],"[1, 2]","[1, 2]",Cc1cc(O)c(C=O)c(O)[cH:1]1,1,CO[CH:2]=O,2,hydrogen,3,acid,4,Cc1cc(O)c(C=O)c(O)c1,526-37-4,357.00,77236-10MG,COC(=O)C(=O)O,600-23-7,375.9,ENAH03BB3104-5G
COC(=O)C1=C(C)C=C(O)C(C=O)=C1O,CO[C:2](=O)[c:1]1c(C)cc(O)c(C=O)c1O,[c:1]-[C:2],"[1, 2]","[1, 2]",Cc1cc(O)c(C=O)c(O)[cH:1]1,1,CO[CH:2]=O,2,hydrogen,3,chloride,4,Cc1cc(O)c(C=O)c(O)c1,526-37-4,357.00,77236-10MG,COC(=O)Cl,79-22-1,27.30,M35304-5G
COC(=O)C1=C(C)C=C(O)C(C=O)=C1O,CO[C:2](=O)[c:1]1c(C)cc(O)c(C=O)c1O,[c:1]-[C:2],"[1, 2]","[1, 2]",Cc1cc(O)c(C=O)c(O)[cH:1]1,1,CO[CH:2]=O,2,chloride,3,hydrogen,4,Cc1cc(O)c(C=O)c(O)c1Cl,57074-21-2,99.00,91420-100MG,COC=O,107-31-3,61.10,291056-100ML
COC(=O)C1=C(C)C=C(O)C(C=O)=C1O,CO[C:2](=O)[c:1]1c(C)cc(O)c(C=O)c1O,[c:1]-[C:2],"[1, 2]","[1, 2]",Cc1cc(O)c(C=O)c(O)[cH:1]1,1,CO[CH:2]=O,2,chloride,3,amine,4,Cc1cc(O)c(C=O)c(O)c1Cl,57074-21-2,99.00,91420-100MG,COC(N)=O,598-55-0,21.00,246352-100G
COC(=O)C1=C(C)C=C(O)C(C=O)=C1O,CO[C:2](=O)[c:1]1c(C)cc(O)c(C=O)c1O,[c:1]-[C:2],"[1, 2]","[1, 2]",Cc1cc(O)c(C=O)c(O)[cH:1]1,1,CO[CH:2]=O,2,chloride,3,acid,4,Cc1cc(O)c(C=O)c(O)c1Cl,57074-21-2,99.00,91420-100MG,COC(=O)C(=O)O,600-23-7,375.9,ENAH03BB3104-5G
COC(=O)C1=C(C)C=C(O)C(C=O)=C1O,CO[C:2](=O)[c:1]1c(C)cc(O)c(C=O)c1O,[c:1]-[C:2],"[1, 2]","[1, 2]",Cc1cc(O)c(C=O)c(O)[cH:1]1,1,CO[CH:2]=O,2,chloride,3,chloride,4,Cc1cc(O)c(C=O)c(O)c1Cl,57074-21-2,99.00,91420-100MG,COC(=O)Cl,79-22-1,27.30,M35304-5G
COC(=O)C1=C(C)C=C(O)C(C=O)=C1O,COC(=O)c1c(C)cc(O)[c:1]([CH:2]=O)c1O,[c:1]-[C:2],"[1, 2]","[1, 2]",COC(=O)c1c(C)cc(O)[cH:1]c1O,1,O=[CH2:2],2,hydrogen,3,hydrogen,4,COC(=O)c1c(C)cc(O)cc1O,3187-58-4,387.5,COM497517061-1G,C=O,50-00-0,28.90,252549-25ML
COC(=O)C1=C(C)C=C(O)C(C=O)=C1O,COC(=O)c1c(C)cc(O)[c:1]([CH:2]=O)c1O,[c:1]-[C:2],"[1, 2]","[1, 2]",COC(=O)c1c(C)cc(O)[cH:1]c1O,1,O=[CH2:2],2,hydrogen,3,amine,4,COC(=O)c1c(C)cc(O)cc1O,3187-58-4,387.5,COM497517061-1G,NC=O,,133.00,612707-1EA
COC(=O)C1=C(C)C=C(O)C(C=O)=C1O,COC(=O)c1c(C)cc(O)[c:1]([CH:2]=O)c1O,[c:1]-[C:2],"[1, 2]","[1, 2]",COC(=O)c1c(C)cc(O)[cH:1]c1O,1,O=[CH2:2],2,hydrogen,3,acid,4,COC(=O)c1c(C)cc(O)cc1O,3187-58-4,387.5,COM497517061-1G,O=CC(=O)O,298-12-4,37.80,260150-250G-A
CC(=O)C(O)C(O)C(C)(C)C,CC(C)(C)C(O)[CH:2](O)[C:1](C)=O,[C:1]-[C:2],"[1, 2]","[1, 2]",C[CH:1]=O,1,CC(C)(C)C(O)[CH2:2]O,2,hydrogen,3,hydrogen,4,CC=O,75-07-0,119.00,W200360-1.9KG-K,CC(C)(C)C(O)CO,59562-82-2,64.40,260185-10G
CC(=O)C(O)C(O)C(C)(C)C,CC(C)(C)C(O)[CH:2](O)[C:1](C)=O,[C:1]-[C:2],"[1, 2]","[1, 2]",C[CH:1]=O,1,CC(C)(C)C(O)[CH2:2]O,2,amine,3,hydrogen,4,CC(N)=O,60-35-5,10.80,A0500-1G,CC(C)(C)C(O)CO,59562-82-2,64.40,260185-10G
CC(=O)C(O)C(O)C(C)(C)C,CC(C)(C)C(O)[CH:2](O)[C:1](C)=O,[C:1]-[C:2],"[1, 2]","[1, 2]",C[CH:1]=O,1,CC(C)(C)C(O)[CH2:2]O,2,acid,3,hydrogen,4,CC(=O)C(=O)O,127-17-3,85.00,W297070-25G-K,CC(C)(C)C(O)CO,59562-82-2,64.40,260185-10G
CC(=O)C(O)C(O)C(C)(C)C,CC(C)(C)C(O)[CH:2](O)[C:1](C)=O,[C:1]-[C:2],"[1, 2]","[1, 2]",C[CH:1]=O,1,CC(C)(C)C(O)[CH2:2]O,2,chloride,3,hydrogen,4,CC(=O)Cl,75-36-5,91.00,320129-1KG,CC(C)(C)C(O)CO,59562-82-2,64.40,260185-10G
CC(=O)C(O)C(O)C(C)(C)C,CC(C)(C)C(O)[CH:2](O)[C:1](C)=O,[C:1]-[C:2],"[1, 2]","[1, 2]",C[CH:1]=O,1,CC(C)(C)C(O)[CH2:2]O,2,bromide,3,hydrogen,4,CC(=O)Br,506-96-7,54.50,135968-100G,CC(C)(C)C(O)CO,59562-82-2,64.40,260185-10G
CC(=O)C(O)C(O)C(C)(C)C,CC(=O)[CH:1](O)[CH:2](O)C(C)(C)C,[C:1]-[C:2],"[1, 2]","[1, 2]",CC(=O)[CH2:1]O,1,CC(C)(C)[CH2:2]O,2,hydrogen,3,hydrogen,4,CC(=O)CO,116-09-6,32.50,138185-5G,CC(C)(C)CO,75-84-3,23.90,N7206-10G
CC(=O)C(O)C(O)C(C)(C)C,CC(=O)[CH:1](O)[CH:2](O)C(C)(C)C,[C:1]-[C:2],"[1, 2]","[1, 2]",CC(=O)[CH2:1]O,1,CC(C)(C)[CH2:2]O,2,hydrogen,3,acid,4,CC(=O)CO,116-09-6,32.50,138185-5G,CC(C)(C)C(O)C(=O)O,4026-20-4,155.25,ADVH7F37E1FA-250MG
CNC(=O)CN(C)C(=O)COC(=O)C1=CC=CC=C1C(=O)C1=CC=CC=C1,CNC(=O)CN(C)C(=O)[CH2:1][O:2]C(=O)c1ccccc1C(=O)c1ccccc1,[C:1]-[O:2],"[1, 2]","[1, 2]",CNC(=O)CN(C)C(=O)[CH3:1],1,O=C(c1ccccc1)c1ccccc1C(=O)[OH:2],2,hydrogen,3,hydrogen,4,CNC(=O)CN(C)C(C)=O,24131-61-1,821.1,ENA371178192-2.5G,O=C(O)c1ccccc1C(=O)c1ccccc1,85-52-9,25.90,B12385-25G
CCC(C)(CC)CC(C)OC(=O)C(C)C,CC[C:1](C)(CC)[CH2:2]C(C)OC(=O)C(C)C,[C:1]-[C:2],"[1, 2]","[1, 2]",CC[CH:1](C)CC,1,CC(C)C(=O)OC(C)[CH3:2],2,hydrogen,3,hydrogen,4,CCC(C)CC,96-14-0,21.30,M66005-5ML,CC(C)OC(=O)C(C)C,617-50-5,68.75,COMH93D67CAC-25G
CCC(C)(CC)CC(C)OC(=O)C(C)C,CC[C:1](C)(CC)[CH2:2]C(C)OC(=O)C(C)C,[C:1]-[C:2],"[1, 2]","[1, 2]",CC[CH:1](C)CC,1,CC(C)C(=O)OC(C)[CH3:2],2,alcohol,3,hydrogen,4,CCC(C)(O)CC,77-74-7,288.00,M66900-250ML,CC(C)OC(=O)C(C)C,617-50-5,68.75,COMH93D67CAC-25G
CCC(C)(CC)CC(C)OC(=O)C(C)C,CC[C:1](C)(CC)[CH2:2]C(C)OC(=O)C(C)C,[C:1]-[C:2],"[1, 2]","[1, 2]",CC[CH:1](C)CC,1,CC(C)C(=O)OC(C)[CH3:2],2,amine,3,hydrogen,4,CCC(C)(N)CC,3495-46-3,219.45,ENA413167585-500MG,CC(C)OC(=O)C(C)C,617-50-5,68.75,COMH93D67CAC-25G
CCC(C)(CC)CC(C)OC(=O)C(C)C,CC[C:1](C)(CC)[CH2:2]C(C)OC(=O)C(C)C,[C:1]-[C:2],"[1, 2]","[1, 2]",CC[CH:1](C)CC,1,CC(C)C(=O)OC(C)[CH3:2],2,acid,3,hydrogen,4,CCC(C)(CC)C(=O)O,19889-37-3,2189.25,ENA410544100-10G,CC(C)OC(=O)C(C)C,617-50-5,68.75,COMH93D67CAC-25G
CCC(C)(CC)CC(C)OC(=O)C(C)C,CC[C:1](C)(CC)[CH2:2]C(C)OC(=O)C(C)C,[C:1]-[C:2],"[1, 2]","[1, 2]",CC[CH:1](C)CC,1,CC(C)C(=O)OC(C)[CH3:2],2,chloride,3,hydrogen,4,CCC(C)(Cl)CC,918-84-3,151.00,304255-25G,CC(C)OC(=O)C(C)C,617-50-5,68.75,COMH93D67CAC-25G
CCC(C)(CC)CC(C)OC(=O)C(C)C,CC[C:1](C)(CC)[CH2:2]C(C)OC(=O)C(C)C,[C:1]-[C:2],"[1, 2]","[1, 2]",CC[CH:1](C)CC,1,CC(C)C(=O)OC(C)[CH3:2],2,bromide,3,hydrogen,4,CCC(C)(Br)CC,25346-31-0,180.6,ENA638586907-250MG,CC(C)OC(=O)C(C)C,617-50-5,68.75,COMH93D67CAC-25G
CCC(C)(CC)CC(C)OC(=O)C(C)C,CCC(C)(CC)[CH2:1][CH:2](C)OC(=O)C(C)C,[C:1]-[C:2],"[1, 2]","[1, 2]",CCC(C)(CC)[CH3:1],1,CC(C)C(=O)O[CH2:2]C,2,hydrogen,3,hydrogen,4,CCC(C)(C)CC,562-49-2,42.00,118451-1G,CCOC(=O)C(C)C,97-62-1,23.80,246085-100ML
CCC(C)(CC)CC(C)OC(=O)C(C)C,CCC(C)(CC)[CH2:1][CH:2](C)OC(=O)C(C)C,[C:1]-[C:2],"[1, 2]","[1, 2]",CCC(C)(CC)[CH3:1],1,CC(C)C(=O)O[CH2:2]C,2,hydrogen,3,chloride,4,CCC(C)(C)CC,562-49-2,42.00,118451-1G,CC(Cl)OC(=O)C(C)C,84674-32-8,884.1,ENA424045266-1G
COC(=O)C1=CC=CC=C1OCC1=CC(Cl)=CC2=C1OCOC2,COC(=O)c1ccccc1[O:2][CH2:1]c1cc(Cl)cc2c1OCOC2,[C:1]-[O:2],"[1, 2]","[1, 2]",Clc1cc2c(c([CH3:1])c1)OCOC2,1,COC(=O)c1ccccc1[OH:2],2,chloride,3,hydrogen,4,ClCc1cc(Cl)cc2c1OCOC2,175136-61-5,46.2,APO455828959-1G,COC(=O)c1ccccc1O,119-36-8,29.30,M2047-100ML
